#pragma once
#include <Arduino.h>
#include <stdint.h>

// Real recorded/generated sound clips, converted to 8-bit unsigned mono
// PCM at 8000Hz and embedded as PROGMEM byte arrays for
// Sound::playSample() to play back. Source: user-provided WAV files
// (originally 16-bit stereo 48kHz), converted with:
//   ffmpeg -i <name>.wav -ac 1 -ar 8000 -acodec pcm_u8 -f u8 <name>.raw
//
// To replace any of these with a new recording later: run the same
// ffmpeg command on the new WAV, then regenerate the array below with
// `xxd -i <name>.raw` and swap it in -- nothing else in the project
// needs to change.

// ---- ALARM (8000 bytes, 1.0s @ 8000Hz)
const uint8_t ALARM_SOUND[] PROGMEM = {
  0x30, 0x98, 0xb6, 0x1b, 0x94, 0xa2, 0x58, 0x82, 0x89, 0xb0, 0x5b, 0x56,
  0xb0, 0x9f, 0x55, 0x86, 0xab, 0x92, 0x55, 0xa9, 0xaa, 0x18, 0xa9, 0x92,
  0x47, 0x9c, 0x90, 0x9a, 0x65, 0x63, 0xa8, 0x8f, 0x40, 0x88, 0xa2, 0x84,
  0x60, 0x9a, 0xb1, 0x2a, 0x8b, 0x95, 0x60, 0x81, 0x8f, 0x9f, 0x67, 0x5d,
  0x9d, 0x9c, 0x49, 0x72, 0xa7, 0x96, 0x47, 0x95, 0xba, 0x29, 0x84, 0xa8,
  0x5b, 0x79, 0x96, 0xa9, 0x6b, 0x43, 0xaa, 0xb1, 0x29, 0x7b, 0xbe, 0x84,
  0x45, 0x9e, 0xbc, 0x29, 0x82, 0xb3, 0x5d, 0x66, 0xaf, 0xad, 0x45, 0x51,
  0xbb, 0xa3, 0x27, 0x7b, 0xcd, 0x78, 0x47, 0xb5, 0x99, 0x2b, 0x9a, 0x9b,
  0x51, 0x6c, 0xc3, 0x9f, 0x34, 0x71, 0xbd, 0x88, 0x29, 0x91, 0xb8, 0x74,
  0x4f, 0xc1, 0x7e, 0x2f, 0xbf, 0x80, 0x48, 0x88, 0xc4, 0x7e, 0x3a, 0x7d,
  0xcf, 0x60, 0x3d, 0xb3, 0x9a, 0x69, 0x62, 0xce, 0x51, 0x53, 0xcd, 0x63,
  0x51, 0x9d, 0xb6, 0x64, 0x40, 0x92, 0xca, 0x36, 0x66, 0xb2, 0x8b, 0x67,
  0x6e, 0xd0, 0x2e, 0x7a, 0xc8, 0x49, 0x62, 0xb3, 0xa6, 0x55, 0x4e, 0xa5,
  0xb1, 0x30, 0x85, 0x9d, 0x97, 0x4e, 0x8d, 0xbb, 0x0d, 0xc0, 0xa4, 0x3e,
  0x87, 0xb9, 0x9d, 0x44, 0x59, 0xc7, 0x8c, 0x31, 0xa2, 0x95, 0x90, 0x40,
  0xbc, 0x79, 0x25, 0xe3, 0x64, 0x52, 0x8c, 0xb7, 0x86, 0x2d, 0x78, 0xd4,
  0x57, 0x53, 0xa6, 0x8c, 0x7d, 0x55, 0xc5, 0x3b, 0x6d, 0xd2, 0x4d, 0x64,
  0x98, 0xc1, 0x51, 0x36, 0xad, 0xac, 0x47, 0x7a, 0x98, 0x90, 0x65, 0x7f,
  0xa0, 0x27, 0xb5, 0x98, 0x46, 0x7b, 0xae, 0xab, 0x2c, 0x6a, 0xc4, 0x79,
  0x60, 0x95, 0x89, 0x8f, 0x63, 0xa6, 0x5e, 0x53, 0xd7, 0x64, 0x5f, 0x8a,
  0xc3, 0x76, 0x25, 0xa3, 0xae, 0x50, 0x88, 0x8a, 0x8b, 0x72, 0x84, 0x9f,
  0x26, 0xac, 0xa7, 0x54, 0x74, 0x9a, 0xb8, 0x43, 0x4b, 0xcb, 0x6e, 0x64,
  0xa0, 0x80, 0x86, 0x5b, 0xcb, 0x46, 0x45, 0xe1, 0x68, 0x61, 0x7b, 0xbb,
  0x92, 0x23, 0x92, 0xb4, 0x50, 0x8c, 0x8b, 0x95, 0x55, 0x94, 0xaf, 0x05,
  0xc5, 0xae, 0x46, 0x7f, 0x90, 0xb2, 0x59, 0x3d, 0xbb, 0x73, 0x65, 0xa0,
  0x79, 0x86, 0x65, 0xc6, 0x39, 0x53, 0xfe, 0x4c, 0x53, 0x9a, 0xa5, 0x82,
  0x3a, 0x88, 0xad, 0x49, 0x93, 0x93, 0x7e, 0x5d, 0x9f, 0x96, 0x02, 0xd9,
  0xaf, 0x30, 0x7f, 0xae, 0xa3, 0x50, 0x51, 0xc5, 0x74, 0x5a, 0xaf, 0x88,
  0x64, 0x73, 0xc3, 0x1f, 0x72, 0xed, 0x52, 0x53, 0x94, 0xc3, 0x6d, 0x2d,
  0xa3, 0xbb, 0x41, 0x82, 0xb5, 0x80, 0x4a, 0xb9, 0x71, 0x23, 0xde, 0x81,
  0x64, 0x6a, 0xa5, 0xaf, 0x24, 0x5b, 0xd8, 0x6a, 0x4b, 0xa4, 0xaa, 0x63,
  0x63, 0xb7, 0x29, 0x9d, 0x9e, 0x6e, 0x84, 0x69, 0xc1, 0x6e, 0x24, 0xb9,
  0xa8, 0x46, 0x7c, 0xa5, 0x9a, 0x47, 0xa2, 0x51, 0x74, 0xb1, 0x5c, 0x9a,
  0x75, 0x8d, 0xa4, 0x2a, 0x87, 0xbf, 0x5a, 0x73, 0x90, 0xb0, 0x5b, 0x97,
  0x5a, 0x62, 0xbf, 0x5d, 0x8a, 0x85, 0x86, 0xa5, 0x4e, 0x5a, 0xc4, 0x70,
  0x6c, 0x77, 0xb0, 0x72, 0x9e, 0x5f, 0x2a, 0xe7, 0x68, 0x72, 0x7d, 0x91,
  0xa7, 0x59, 0x3f, 0xc4, 0x86, 0x5e, 0x74, 0x97, 0x90, 0x8c, 0x8d, 0x03,
  0xd2, 0xa6, 0x5b, 0x71, 0x92, 0xb8, 0x65, 0x30, 0xa9, 0xad, 0x5c, 0x5d,
  0x92, 0xa5, 0x7f, 0xa2, 0x01, 0xa6, 0xcb, 0x55, 0x6b, 0x97, 0xba, 0x73,
  0x30, 0x91, 0xb8, 0x7b, 0x4b, 0x6c, 0xcc, 0x76, 0xaa, 0x17, 0x6f, 0xea,
  0x4f, 0x55, 0xa6, 0xad, 0x74, 0x3e, 0x7b, 0xba, 0x8b, 0x58, 0x57, 0xbc,
  0x9b, 0xa2, 0x26, 0x60, 0xe9, 0x64, 0x3b, 0xac, 0xc6, 0x5d, 0x4b, 0x78,
  0xab, 0x97, 0x4a, 0x60, 0xa4, 0x93, 0xb7, 0x32, 0x49, 0xda, 0x7a, 0x30,
  0x96, 0xdc, 0x6b, 0x2c, 0x82, 0xb0, 0xa1, 0x45, 0x5a, 0xb8, 0x7f, 0xb1,
  0x4e, 0x49, 0xc0, 0x82, 0x38, 0x83, 0xd6, 0x96, 0x1c, 0x73, 0xbe, 0xa6,
  0x4e, 0x3a, 0xcb, 0x88, 0x9c, 0x5b, 0x62, 0xbb, 0x6d, 0x43, 0x90, 0xbc,
  0xaf, 0x1f, 0x5b, 0xc6, 0xa1, 0x64, 0x26, 0xb8, 0xa5, 0x87, 0x4d, 0x75,
  0xca, 0x5b, 0x25, 0xad, 0xb5, 0xae, 0x2c, 0x4c, 0xcd, 0x91, 0x6d, 0x3e,
  0x9b, 0xa8, 0x91, 0x4e, 0x6c, 0xd2, 0x6a, 0x0a, 0xaf, 0xc2, 0xae, 0x2c,
  0x4c, 0xd8, 0x83, 0x68, 0x5c, 0x84, 0xa3, 0x88, 0x60, 0x7e, 0xbc, 0x69,
  0x10, 0xab, 0xcc, 0xa2, 0x24, 0x60, 0xc6, 0x89, 0x63, 0x68, 0x82, 0xa1,
  0x7c, 0x61, 0x9e, 0xb5, 0x4c, 0x1d, 0xb6, 0xbd, 0xa1, 0x1b, 0x7c, 0xb7,
  0x80, 0x6d, 0x77, 0x7e, 0x9d, 0x71, 0x5c, 0xc2, 0xaf, 0x29, 0x39, 0xbd,
  0xbf, 0x88, 0x1a, 0x9c, 0xa1, 0x76, 0x66, 0x94, 0x7b, 0x88, 0x6b, 0x6c,
  0xcb, 0xb8, 0x0b, 0x5e, 0xcd, 0xa7, 0x8b, 0x1b, 0xb4, 0x9a, 0x59, 0x80,
  0x8d, 0x81, 0x83, 0x4a, 0x90, 0xc7, 0xa6, 0x00, 0x79, 0xcb, 0x9f, 0x6e,
  0x47, 0xa1, 0x96, 0x53, 0x83, 0x99, 0x7f, 0x76, 0x44, 0x9f, 0xd4, 0x8a,
  0x00, 0xac, 0xb0, 0x95, 0x64, 0x64, 0xa8, 0x77, 0x5e, 0x96, 0x8a, 0x90,
  0x62, 0x5a, 0x97, 0xdb, 0x64, 0x0c, 0xc3, 0x9c, 0x91, 0x59, 0x89, 0x94,
  0x62, 0x76, 0x8f, 0x93, 0x89, 0x4c, 0x86, 0x8d, 0xdd, 0x2e, 0x48, 0xd4,
  0x6e, 0x8d, 0x67, 0x9a, 0x84, 0x47, 0x9f, 0x7a, 0x8d, 0x8c, 0x43, 0x9b,
  0x95, 0xbf, 0x0d, 0x89, 0xc7, 0x69, 0x69, 0x94, 0x9c, 0x62, 0x5c, 0xa9,
  0x80, 0x87, 0x61, 0x7f, 0x91, 0xa1, 0x85, 0x12, 0xd0, 0x8e, 0x69, 0x6f,
  0x96, 0x97, 0x4a, 0x82, 0xa1, 0x70, 0x98, 0x36, 0xab, 0x97, 0xa4, 0x31,
  0x55, 0xe3, 0x70, 0x63, 0x80, 0xa7, 0x70, 0x4b, 0xa8, 0x88, 0x7c, 0x84,
  0x42, 0xb7, 0x9a, 0x96, 0x08, 0xa1, 0xd5, 0x57, 0x5a, 0x93, 0xa3, 0x55,
  0x62, 0xa9, 0x75, 0x91, 0x67, 0x5e, 0xab, 0xb5, 0x68, 0x09, 0xe2, 0xa7,
  0x56, 0x62, 0xa9, 0x94, 0x4b, 0x82, 0x9c, 0x73, 0x9d, 0x4f, 0x81, 0xa4,
  0xb2, 0x3c, 0x30, 0xfb, 0x80, 0x4b, 0x76, 0xab, 0x85, 0x45, 0x8d, 0x97,
  0x7b, 0x82, 0x52, 0x9d, 0x9e, 0x9e, 0x13, 0x7b, 0xe1, 0x6d, 0x53, 0x7d,
  0xb7, 0x67, 0x55, 0x9c, 0x84, 0x98, 0x4f, 0x67, 0xb9, 0x90, 0x79, 0x01,
  0xc8, 0xc3, 0x44, 0x70, 0x8c, 0x9f, 0x53, 0x62, 0xab, 0x72, 0xa0, 0x3f,
  0x86, 0xc1, 0x9d, 0x45, 0x26, 0xf5, 0x9b, 0x45, 0x7c, 0xb6, 0x71, 0x4b,
  0x90, 0x9e, 0x80, 0x7a, 0x46, 0xb8, 0x9d, 0x90, 0x14, 0x74, 0xed, 0x5d,
  0x65, 0x95, 0xaa, 0x5c, 0x4e, 0xb7, 0x82, 0x80, 0x71, 0x5e, 0xcc, 0x8e,
  0x6f, 0x22, 0xb9, 0xb5, 0x4a, 0x80, 0xaf, 0x76, 0x4c, 0x7f, 0xa6, 0x67,
  0x87, 0x5f, 0x93, 0xa3, 0x86, 0x50, 0x40, 0xdb, 0x69, 0x61, 0xa0, 0x95,
  0x64, 0x43, 0xb9, 0x8b, 0x49, 0xa3, 0x5b, 0xbb, 0x77, 0x7b, 0x5d, 0x6e,
  0xc1, 0x4b, 0x88, 0xae, 0x71, 0x5b, 0x67, 0xc7, 0x5e, 0x6f, 0x89, 0x80,
  0xb6, 0x61, 0x78, 0x4a, 0xc7, 0x82, 0x42, 0xae, 0xa5, 0x6b, 0x3e, 0x94,
  0xc8, 0x2f, 0x91, 0x73, 0xa8, 0x90, 0x6a, 0x59, 0x6c, 0xe1, 0x4b, 0x58,
  0xbb, 0xa1, 0x57, 0x3b, 0xc0, 0x9f, 0x44, 0x7f, 0x7c, 0xcc, 0x5e, 0x6b,
  0x3c, 0xbb, 0xb3, 0x27, 0x7c, 0xc9, 0x88, 0x3d, 0x62, 0xd7, 0x68, 0x63,
  0x6b, 0xae, 0xb1, 0x56, 0x58, 0x55, 0xf3, 0x75, 0x27, 0x9f, 0xcf, 0x64,
  0x22, 0xa0, 0xbf, 0x53, 0x61, 0x71, 0xdc, 0x73, 0x52, 0x4c, 0x99, 0xcd,
  0x49, 0x4f, 0xb6, 0xb4, 0x46, 0x47, 0xc9, 0x7f, 0x66, 0x58, 0xa1, 0xc4,
  0x59, 0x44, 0x61, 0xda, 0x83, 0x48, 0x82, 0xc0, 0x8a, 0x21, 0x91, 0xab,
  0x6c, 0x63, 0x6c, 0xcc, 0x8b, 0x5d, 0x38, 0xa1, 0xc4, 0x4b, 0x6d, 0xa0,
  0xb0, 0x5a, 0x4f, 0xb5, 0x71, 0x85, 0x54, 0xa8, 0xb3, 0x6b, 0x4b, 0x63,
  0xd5, 0x7b, 0x42, 0x98, 0xab, 0x8f, 0x28, 0xb3, 0x8c, 0x61, 0x83, 0x68,
  0xdc, 0x6b, 0x66, 0x50, 0xa4, 0xb6, 0x47, 0x84, 0x9f, 0xa5, 0x5a, 0x51,
  0xe1, 0x3c, 0x82, 0x67, 0xbb, 0xa9, 0x45, 0x5b, 0x7f, 0xc3, 0x5a, 0x50,
  0xb2, 0x90, 0x82, 0x32, 0xc0, 0x92, 0x39, 0x88, 0x82, 0xe6, 0x54, 0x58,
  0x5e, 0xb8, 0xa5, 0x28, 0x9d, 0xac, 0x84, 0x57, 0x54, 0xf8, 0x28, 0x68,
  0x7d, 0xbc, 0xba, 0x32, 0x5c, 0x87, 0xc1, 0x63, 0x3f, 0xc5, 0x94, 0x71,
  0x39, 0xb9, 0xb4, 0x1f, 0x77, 0x96, 0xd2, 0x72, 0x42, 0x56, 0xbc, 0x99,
  0x3a, 0x8d, 0xb0, 0x8d, 0x49, 0x56, 0xf7, 0x49, 0x4a, 0x76, 0xc5, 0xbd,
  0x42, 0x4c, 0x83, 0xba, 0x6c, 0x48, 0xbd, 0x92, 0x79, 0x3d, 0x9e, 0xc7,
  0x36, 0x5b, 0x8f, 0xd4, 0x90, 0x35, 0x4c, 0xbb, 0x9e, 0x41, 0x89, 0xb5,
  0x80, 0x4e, 0x61, 0xd6, 0x5f, 0x52, 0x66, 0xaf, 0xbf, 0x6a, 0x3b, 0x73,
  0xc5, 0x75, 0x42, 0xbf, 0x95, 0x66, 0x3d, 0xae, 0xb1, 0x36, 0x65, 0x91,
  0xb3, 0x98, 0x52, 0x4f, 0xa3, 0x9a, 0x53, 0x89, 0xaf, 0x85, 0x47, 0x6f,
  0xd3, 0x55, 0x5a, 0x71, 0xbb, 0xa2, 0x6d, 0x55, 0x76, 0xb1, 0x6a, 0x60,
  0xbe, 0x8e, 0x72, 0x38, 0xc8, 0x9d, 0x38, 0x68, 0x9d, 0xbf, 0x75, 0x5d,
  0x6f, 0x99, 0x8e, 0x47, 0xa7, 0xb1, 0x73, 0x46, 0x78, 0xf1, 0x44, 0x48,
  0x83, 0xd0, 0x92, 0x4c, 0x71, 0x8e, 0x92, 0x57, 0x60, 0xd7, 0x80, 0x54,
  0x3c, 0xdf, 0xac, 0x1b, 0x56, 0xb6, 0xcd, 0x50, 0x5b, 0x8b, 0x98, 0x72,
  0x3e, 0xb6, 0xbd, 0x5c, 0x37, 0x79, 0xff, 0x41, 0x2d, 0x7d, 0xe0, 0x95,
  0x34, 0x83, 0x97, 0x87, 0x50, 0x66, 0xe3, 0x7e, 0x52, 0x35, 0xd3, 0xbe,
  0x07, 0x5d, 0xaa, 0xc8, 0x51, 0x59, 0x98, 0x87, 0x6b, 0x55, 0xa9, 0xbb,
  0x62, 0x49, 0x6b, 0xff, 0x53, 0x2b, 0x86, 0xca, 0x97, 0x44, 0x8b, 0x86,
  0x7f, 0x5f, 0x68, 0xdb, 0x78, 0x5a, 0x44, 0xb8, 0xd1, 0x04, 0x6c, 0xa7,
  0xbe, 0x69, 0x5e, 0x9e, 0x79, 0x72, 0x5c, 0xa3, 0xd2, 0x46, 0x52, 0x74,
  0xf1, 0x5e, 0x1c, 0x9f, 0xc0, 0x82, 0x59, 0x94, 0x84, 0x6e, 0x6c, 0x6e,
  0xd0, 0x88, 0x47, 0x52, 0xb4, 0xd5, 0x0d, 0x5d, 0xc4, 0xae, 0x59, 0x6d,
  0xa3, 0x7a, 0x62, 0x67, 0x98, 0xcc, 0x56, 0x48, 0x79, 0xe7, 0x6b, 0x15,
  0x99, 0xd0, 0x80, 0x51, 0x86, 0x93, 0x74, 0x5c, 0x6b, 0xc1, 0x9f, 0x3e,
  0x54, 0xb1, 0xd2, 0x14, 0x49, 0xc8, 0xb2, 0x5d, 0x60, 0x9d, 0x87, 0x64,
  0x67, 0x8a, 0xd0, 0x63, 0x44, 0x7c, 0xd2, 0x90, 0x0a, 0x8c, 0xd7, 0x83,
  0x56, 0x7a, 0x96, 0x7e, 0x5c, 0x6c, 0xb1, 0xb2, 0x41, 0x51, 0xa2, 0xdb,
  0x36, 0x27, 0xcb, 0xbd, 0x5d, 0x5b, 0x9f, 0x83, 0x61, 0x75, 0x81, 0xc3,
  0x7b, 0x3e, 0x79, 0xbd, 0xb0, 0x06, 0x69, 0xe4, 0x94, 0x3d, 0x82, 0x9f,
  0x67, 0x5d, 0x7c, 0xa8, 0xa3, 0x4a, 0x6c, 0x8a, 0xc5, 0x5c, 0x20, 0xb3,
  0xbd, 0x7c, 0x47, 0x9a, 0x8d, 0x60, 0x6f, 0x89, 0xbb, 0x7c, 0x38, 0x87,
  0xac, 0xb0, 0x0c, 0x6f, 0xce, 0x9d, 0x4f, 0x6f, 0xad, 0x60, 0x61, 0x83,
  0x97, 0xaf, 0x48, 0x60, 0x98, 0xc0, 0x6b, 0x0f, 0xbd, 0xbd, 0x7d, 0x4c,
  0xa0, 0x99, 0x4e, 0x71, 0x99, 0xa6, 0x86, 0x40, 0x87, 0xa0, 0xb9, 0x1c,
  0x55, 0xd1, 0xa0, 0x60, 0x63, 0xb6, 0x77, 0x54, 0x84, 0x9d, 0xad, 0x51,
  0x62, 0x96, 0xb1, 0x84, 0x04, 0xae, 0xc8, 0x78, 0x4f, 0x8c, 0xa7, 0x50,
  0x66, 0x96, 0x99, 0x8c, 0x42, 0x89, 0x98, 0xb4, 0x37, 0x38, 0xd8, 0xa8,
  0x53, 0x63, 0xaf, 0x7b, 0x45, 0x8b, 0x9d, 0x98, 0x5d, 0x61, 0x99, 0xa2,
  0x98, 0x0f, 0x8b, 0xd0, 0x8d, 0x49, 0x76, 0xb4, 0x54, 0x55, 0xa7, 0x99,
  0x8a, 0x44, 0x85, 0xa0, 0xa8, 0x4f, 0x2e, 0xc2, 0xb6, 0x71, 0x57, 0xa4,
  0x88, 0x46, 0x89, 0xa3, 0x97, 0x70, 0x48, 0xa1, 0xa5, 0x9f, 0x24, 0x5f,
  0xd7, 0x9b, 0x67, 0x6c, 0xa7, 0x6b, 0x4e, 0xac, 0x94, 0x8e, 0x5c, 0x66,
  0x99, 0xb5, 0x80, 0x0b, 0x8f, 0xcc, 0x8d, 0x5d, 0x7a, 0xa6, 0x58, 0x65,
  0xaf, 0x98, 0x83, 0x46, 0x80, 0xad, 0xb3, 0x3a, 0x30, 0xc5, 0xad, 0x7f,
  0x61, 0x8b, 0x87, 0x4d, 0x84, 0xac, 0x93, 0x5d, 0x4e, 0x98, 0xb3, 0x98,
  0x10, 0x68, 0xd4, 0x95, 0x64, 0x73, 0x9b, 0x6e, 0x57, 0x98, 0xb0, 0x85,
  0x3c, 0x78, 0xac, 0xb6, 0x5c, 0x14, 0xb0, 0xbd, 0x84, 0x5b, 0x88, 0x93,
  0x56, 0x6b, 0xaa, 0xa3, 0x66, 0x3b, 0x9d, 0xae, 0xa9, 0x27, 0x3e, 0xd0,
  0xa8, 0x71, 0x5f, 0x96, 0x88, 0x53, 0x84, 0xab, 0x99, 0x51, 0x59, 0xad,
  0xaf, 0x96, 0x02, 0x75, 0xdd, 0x9a, 0x55, 0x60, 0xb1, 0x76, 0x4e, 0x93,
  0xaf, 0x80, 0x34, 0x85, 0xc0, 0x9f, 0x59, 0x12, 0xb1, 0xc3, 0x8b, 0x4b,
  0x77, 0xa6, 0x64, 0x64, 0xa2, 0xab, 0x5c, 0x3c, 0xb1, 0xaf, 0x95, 0x27,
  0x3b, 0xd4, 0xae, 0x80, 0x3d, 0x94, 0x9e, 0x53, 0x76, 0xa9, 0x96, 0x41,
  0x5b, 0xd4, 0xa2, 0x78, 0x08, 0x78, 0xda, 0xa5, 0x5d, 0x4a, 0xac, 0x81,
  0x58, 0x84, 0xb2, 0x7d, 0x29, 0x97, 0xd4, 0x97, 0x58, 0x03, 0xbd, 0xcb,
  0x98, 0x43, 0x66, 0xb8, 0x67, 0x5c, 0x9a, 0xa3, 0x60, 0x35, 0xba, 0xb9,
  0x8e, 0x38, 0x1e, 0xd1, 0xc5, 0x8a, 0x32, 0x8d, 0xa9, 0x64, 0x65, 0x9c,
  0xa5, 0x46, 0x5c, 0xcb, 0xa0, 0x8f, 0x1d, 0x45, 0xd4, 0xb8, 0x74, 0x36,
  0x96, 0x9b, 0x5a, 0x73, 0x9b, 0x8d, 0x44, 0x74, 0xbf, 0x94, 0x88, 0x13,
  0x65, 0xd8, 0xba, 0x60, 0x4d, 0x9f, 0x90, 0x6b, 0x79, 0x9a, 0x87, 0x4f,
  0x92, 0xa6, 0x9c, 0x78, 0x09, 0x86, 0xd9, 0xaa, 0x45, 0x59, 0xa4, 0x87,
  0x6b, 0x7f, 0x8f, 0x80, 0x5e, 0x91, 0x9e, 0xa6, 0x62, 0x0c, 0x9a, 0xe7,
  0x98, 0x30, 0x6a, 0xa8, 0x8a, 0x5d, 0x7a, 0x97, 0x7d, 0x66, 0x8d, 0x9f,
  0xa8, 0x3b, 0x1b, 0xb3, 0xea, 0x7b, 0x26, 0x7f, 0xaf, 0x80, 0x5b, 0x7f,
  0x9a, 0x7d, 0x63, 0x90, 0xab, 0xa2, 0x27, 0x2f, 0xce, 0xe6, 0x65, 0x2c,
  0x8c, 0xaa, 0x79, 0x56, 0x81, 0xa2, 0x7c, 0x5b, 0x98, 0xb3, 0x95, 0x0d,
  0x41, 0xed, 0xd3, 0x4e, 0x2f, 0x9d, 0xab, 0x72, 0x56, 0x81, 0xa7, 0x72,
  0x62, 0x9e, 0xb0, 0x8c, 0x00, 0x5d, 0xf9, 0xc0, 0x40, 0x3e, 0xae, 0xa0,
  0x65, 0x61, 0x8f, 0xa2, 0x5d, 0x73, 0xb0, 0xa3, 0x7b, 0x00, 0x7c, 0xff,
  0xac, 0x32, 0x48, 0xb8, 0x96, 0x60, 0x5e, 0x9b, 0x93, 0x51, 0x8f, 0xab,
  0x97, 0x71, 0x00, 0x96, 0xf2, 0x9b, 0x33, 0x5d, 0xb0, 0x8c, 0x66, 0x66,
  0x94, 0x88, 0x56, 0xa4, 0xa1, 0x81, 0x6e, 0x04, 0xaa, 0xe5, 0x85, 0x39,
  0x70, 0xac, 0x8b, 0x63, 0x72, 0x93, 0x88, 0x66, 0xa7, 0x92, 0x7b, 0x7c,
  0x14, 0xa5, 0xe2, 0x7a, 0x43, 0x72, 0xaf, 0x8d, 0x5c, 0x72, 0x89, 0x94,
  0x71, 0x97, 0x7d, 0x7d, 0x94, 0x1d, 0x97, 0xd9, 0x7e, 0x50, 0x68, 0xb2,
  0x93, 0x55, 0x6c, 0x8b, 0xa1, 0x70, 0x8c, 0x72, 0x8c, 0x94, 0x1d, 0x98,
  0xcf, 0x85, 0x4f, 0x63, 0xc0, 0x8e, 0x4d, 0x64, 0x9b, 0xab, 0x60, 0x83,
  0x74, 0xa3, 0x88, 0x14, 0x9e, 0xcd, 0x7a, 0x47, 0x6f, 0xc3, 0x88, 0x40,
  0x6a, 0xad, 0xa1, 0x57, 0x77, 0x7f, 0xb3, 0x79, 0x16, 0xa6, 0xcb, 0x72,
  0x48, 0x85, 0xc1, 0x76, 0x3b, 0x7c, 0xb5, 0x8c, 0x53, 0x83, 0x8b, 0xa7,
  0x77, 0x21, 0xa2, 0xc1, 0x68, 0x59, 0x90, 0xb9, 0x65, 0x3c, 0xa1, 0xaa,
  0x78, 0x5b, 0x89, 0x99, 0x96, 0x82, 0x26, 0x9c, 0xbc, 0x64, 0x69, 0x8d,
  0xac, 0x61, 0x42, 0xaa, 0x9a, 0x6e, 0x60, 0x83, 0x91, 0x98, 0x98, 0x1f,
  0x8a, 0xb9, 0x74, 0x75, 0x80, 0xa5, 0x65, 0x56, 0xb0, 0x83, 0x70, 0x71,
  0x8a, 0x82, 0x98, 0xab, 0x1e, 0x73, 0xb6, 0x7c, 0x75, 0x7c, 0x9b, 0x69,
  0x5f, 0xae, 0x79, 0x6b, 0x76, 0x95, 0x7b, 0x96, 0xb6, 0x26, 0x67, 0xb4,
  0x8a, 0x70, 0x78, 0x99, 0x7e, 0x63, 0x96, 0x7c, 0x74, 0x7c, 0x82, 0x7e,
  0x9e, 0xb5, 0x24, 0x55, 0xba, 0x94, 0x67, 0x6c, 0x99, 0x99, 0x67, 0x78,
  0x80, 0x80, 0x81, 0x6e, 0x7e, 0xad, 0xb4, 0x24, 0x48, 0xc7, 0x96, 0x5c,
  0x6f, 0xa6, 0x9b, 0x59, 0x76, 0x8d, 0x79, 0x7c, 0x6e, 0x8e, 0xab, 0xa6,
  0x32, 0x46, 0xce, 0x89, 0x4d, 0x7d, 0xc0, 0x97, 0x39, 0x70, 0xac, 0x78,
  0x68, 0x71, 0x9e, 0xac, 0x96, 0x40, 0x4a, 0xc6, 0x82, 0x4b, 0x80, 0xc9,
  0x97, 0x3b, 0x64, 0xa6, 0x80, 0x69, 0x74, 0x91, 0xa1, 0x9e, 0x5d, 0x3d,
  0xb3, 0x81, 0x59, 0x8e, 0xbe, 0x94, 0x41, 0x69, 0x97, 0x7d, 0x73, 0x84,
  0x81, 0x90, 0xab, 0x75, 0x3c, 0x96, 0x87, 0x55, 0x91, 0xc8, 0x8e, 0x3f,
  0x60, 0x97, 0x8e, 0x71, 0x81, 0x7a, 0x89, 0xb4, 0x84, 0x32, 0x7c, 0x99,
  0x5a, 0x79, 0xcc, 0xac, 0x42, 0x3f, 0x8d, 0xaf, 0x76, 0x67, 0x73, 0x93,
  0xb6, 0x94, 0x36, 0x5e, 0xa6, 0x6b, 0x6b, 0xba, 0xc0, 0x50, 0x34, 0x77,
  0xbc, 0x92, 0x50, 0x6c, 0x99, 0xad, 0x98, 0x4c, 0x47, 0x9b, 0x76, 0x74,
  0xb8, 0xc3, 0x55, 0x35, 0x7a, 0xad, 0xa8, 0x4f, 0x6d, 0x9b, 0x97, 0xa6,
  0x69, 0x3e, 0x86, 0x77, 0x71, 0xb8, 0xc8, 0x5d, 0x26, 0x74, 0xa6, 0xaa,
  0x5b, 0x70, 0x97, 0x7b, 0xb0, 0x8f, 0x2f, 0x75, 0x87, 0x68, 0xad, 0xd0,
  0x7f, 0x25, 0x4f, 0xa4, 0xb7, 0x6c, 0x66, 0x8d, 0x67, 0xa6, 0xbf, 0x2c,
  0x4e, 0x94, 0x6d, 0x9e, 0xc2, 0x9b, 0x46, 0x27, 0x84, 0xcc, 0x8c, 0x66,
  0x7c, 0x63, 0x94, 0xe0, 0x53, 0x26, 0x8a, 0x77, 0x9d, 0xbc, 0x9d, 0x67,
  0x21, 0x61, 0xcb, 0xa2, 0x6d, 0x75, 0x64, 0x7b, 0xd9, 0x82, 0x25, 0x7d,
  0x6c, 0x90, 0xcf, 0x9e, 0x76, 0x23, 0x41, 0xcc, 0xb0, 0x6e, 0x71, 0x64,
  0x6e, 0xc6, 0x9b, 0x2c, 0x72, 0x73, 0x76, 0xcb, 0xaf, 0x87, 0x38, 0x19,
  0xb3, 0xd1, 0x7e, 0x73, 0x57, 0x5f, 0xcc, 0xb6, 0x2c, 0x51, 0x82, 0x7f,
  0xb0, 0xa8, 0x90, 0x5f, 0x09, 0x78, 0xe1, 0x97, 0x7f, 0x53, 0x40, 0xc0,
  0xd6, 0x52, 0x31, 0x67, 0x98, 0xb3, 0x9e, 0x8e, 0x84, 0x21, 0x41, 0xd0,
  0xb5, 0x8d, 0x5d, 0x2f, 0xa1, 0xdf, 0x78, 0x37, 0x4a, 0x8d, 0xb7, 0xa1,
  0x89, 0x8c, 0x3e, 0x20, 0xb9, 0xcf, 0x97, 0x64, 0x34, 0x91, 0xd3, 0x8e,
  0x4e, 0x3a, 0x73, 0xb2, 0xa7, 0x97, 0x8c, 0x5c, 0x11, 0x86, 0xe2, 0xa2,
  0x6a, 0x38, 0x78, 0xc6, 0x9e, 0x69, 0x42, 0x57, 0xb4, 0xb2, 0x8c, 0x88,
  0x7d, 0x2d, 0x4a, 0xcb, 0xbb, 0x7c, 0x47, 0x5d, 0xad, 0xaf, 0x78, 0x44,
  0x3e, 0xa6, 0xcb, 0x87, 0x76, 0x91, 0x67, 0x2a, 0x90, 0xc8, 0x97, 0x60,
  0x4c, 0x90, 0xb1, 0x8d, 0x57, 0x2f, 0x8d, 0xd2, 0x87, 0x6e, 0x8e, 0x91,
  0x3d, 0x52, 0xcb, 0xb1, 0x67, 0x52, 0x83, 0xa9, 0x8c, 0x6c, 0x43, 0x6b,
  0xcb, 0x91, 0x64, 0x93, 0x9a, 0x62, 0x28, 0x97, 0xd6, 0x77, 0x5a, 0x7e,
  0x95, 0x92, 0x7d, 0x51, 0x55, 0xac, 0xab, 0x64, 0x7d, 0x9c, 0x93, 0x39,
  0x48, 0xcb, 0xa4, 0x6a, 0x74, 0x78, 0x90, 0x9a, 0x67, 0x43, 0x87, 0xbe,
  0x7a, 0x68, 0x80, 0xab, 0x7f, 0x10, 0x84, 0xc1, 0x8b, 0x88, 0x60, 0x6f,
  0xae, 0x88, 0x48, 0x5e, 0xaf, 0xa4, 0x63, 0x75, 0x9f, 0xb1, 0x31, 0x33,
  0xc1, 0xa0, 0x8e, 0x7f, 0x4a, 0x90, 0xa5, 0x61, 0x5a, 0x78, 0xaf, 0x7f,
  0x65, 0x97, 0xaf, 0x66, 0x1b, 0x8f, 0xb1, 0x91, 0xa4, 0x5d, 0x5f, 0xaa,
  0x87, 0x67, 0x59, 0x94, 0xa8, 0x64, 0x81, 0xae, 0x94, 0x2b, 0x51, 0xa5,
  0x99, 0xae, 0x73, 0x40, 0x97, 0xa4, 0x71, 0x47, 0x6f, 0xc9, 0x79, 0x58,
  0xa4, 0xb8, 0x5f, 0x23, 0x7d, 0xad, 0xb0, 0x92, 0x43, 0x71, 0xbc, 0x8b,
  0x4f, 0x4a, 0xb3, 0xb1, 0x48, 0x80, 0xbe, 0x8e, 0x32, 0x3a, 0xa3, 0xc1,
  0x9a, 0x5d, 0x4d, 0xa8, 0xad, 0x63, 0x40, 0x78, 0xc7, 0x7c, 0x60, 0xa7,
  0xa3, 0x63, 0x32, 0x70, 0xc2, 0xa9, 0x76, 0x54, 0x7c, 0xb3, 0x87, 0x4d,
  0x4b, 0x9f, 0xaf, 0x6d, 0x86, 0xa3, 0x89, 0x4a, 0x3c, 0xa2, 0xc4, 0x8c,
  0x5d, 0x62, 0xa8, 0xa7, 0x63, 0x43, 0x73, 0xb6, 0x8c, 0x76, 0x9c, 0x94,
  0x6d, 0x32, 0x6d, 0xc9, 0xa9, 0x69, 0x55, 0x91, 0xb9, 0x7b, 0x44, 0x56,
  0xa1, 0xac, 0x73, 0x8b, 0x9d, 0x86, 0x4f, 0x3b, 0xa1, 0xcb, 0x85, 0x4c,
  0x73, 0xbe, 0x9c, 0x49, 0x49, 0x81, 0xb1, 0x93, 0x74, 0x98, 0x8f, 0x6c,
  0x4b, 0x5e, 0xb5, 0xb5, 0x61, 0x5c, 0xa0, 0xb0, 0x6a, 0x48, 0x62, 0x8d,
  0xb2, 0x87, 0x7e, 0x8a, 0x7b, 0x78, 0x4c, 0x6c, 0xbd, 0x95, 0x61, 0x7d,
  0xa5, 0x8d, 0x5d, 0x5c, 0x66, 0xa4, 0xaf, 0x7a, 0x7e, 0x7b, 0x8e, 0x75,
  0x3b, 0x8b, 0xba, 0x7d, 0x70, 0x91, 0x93, 0x6e, 0x65, 0x63, 0x79, 0xaf,
  0x95, 0x78, 0x79, 0x85, 0x98, 0x4e, 0x46, 0xae, 0xab, 0x74, 0x81, 0x93,
  0x7b, 0x6b, 0x6d, 0x6a, 0x91, 0xa8, 0x81, 0x76, 0x83, 0x9a, 0x7e, 0x32,
  0x6b, 0xc1, 0x9a, 0x75, 0x84, 0x85, 0x75, 0x6f, 0x6e, 0x74, 0x9c, 0x9c,
  0x6f, 0x75, 0x94, 0x9e, 0x5b, 0x2d, 0x97, 0xcd, 0x86, 0x6b, 0x81, 0x88,
  0x72, 0x6b, 0x6f, 0x81, 0xa7, 0x86, 0x69, 0x88, 0x9d, 0x8a, 0x39, 0x48,
  0xc1, 0xb6, 0x70, 0x76, 0x89, 0x7b, 0x6f, 0x79, 0x6b, 0x8b, 0xa1, 0x74,
  0x79, 0x90, 0x94, 0x70, 0x2f, 0x73, 0xc8, 0x96, 0x72, 0x82, 0x7d, 0x6e,
  0x81, 0x7a, 0x6a, 0x99, 0x96, 0x75, 0x8a, 0x91, 0x86, 0x58, 0x3e, 0x9c,
  0xbc, 0x7e, 0x7b, 0x83, 0x6b, 0x71, 0x8c, 0x6e, 0x68, 0xa0, 0x8e, 0x79,
  0x91, 0x88, 0x77, 0x4c, 0x58, 0xb3, 0xac, 0x7a, 0x7d, 0x7e, 0x70, 0x7c,
  0x85, 0x61, 0x83, 0xa4, 0x73, 0x81, 0x9c, 0x85, 0x64, 0x3c, 0x76, 0xc5,
  0x9c, 0x69, 0x76, 0x85, 0x73, 0x7e, 0x77, 0x69, 0x9f, 0x89, 0x66, 0x9f,
  0xa4, 0x78, 0x4b, 0x41, 0x9e, 0xcc, 0x85, 0x62, 0x7e, 0x7e, 0x76, 0x86,
  0x6c, 0x76, 0x9c, 0x6d, 0x7c, 0xb7, 0x95, 0x62, 0x3a, 0x53, 0xb9, 0xbf,
  0x7b, 0x68, 0x71, 0x75, 0x8b, 0x8a, 0x60, 0x7c, 0x91, 0x6d, 0x96, 0xb3,
  0x85, 0x56, 0x33, 0x6d, 0xcb, 0xba, 0x72, 0x5b, 0x70, 0x86, 0x99, 0x7d,
  0x5a, 0x85, 0x89, 0x77, 0xa7, 0xa4, 0x6c, 0x45, 0x3f, 0x8f, 0xd8, 0xa8,
  0x58, 0x5a, 0x81, 0x92, 0x8e, 0x68, 0x63, 0x8c, 0x7f, 0x88, 0xb8, 0x8d,
  0x53, 0x47, 0x57, 0xac, 0xd4, 0x86, 0x4e, 0x6a, 0x8e, 0x92, 0x83, 0x5e,
  0x6b, 0x8d, 0x7f, 0x9e, 0xaf, 0x6d, 0x4f, 0x4c, 0x69, 0xc4, 0xc2, 0x66,
  0x4f, 0x81, 0x96, 0x8c, 0x75, 0x5c, 0x7c, 0x8e, 0x85, 0xae, 0xa1, 0x5e,
  0x4b, 0x48, 0x8a, 0xd8, 0x9d, 0x49, 0x62, 0x96, 0x90, 0x7d, 0x6b, 0x64,
  0x82, 0x84, 0x92, 0xb9, 0x86, 0x4d, 0x4e, 0x5d, 0xac, 0xd1, 0x78, 0x49,
  0x7c, 0x98, 0x89, 0x78, 0x62, 0x6b, 0x8c, 0x89, 0x9d, 0xa9, 0x68, 0x53,
  0x56, 0x61, 0xbf, 0xc5, 0x5e, 0x50, 0x87, 0x9b, 0x8c, 0x6e, 0x56, 0x7a,
  0x99, 0x85, 0x9f, 0x9b, 0x64, 0x5d, 0x4a, 0x77, 0xdd, 0xa6, 0x44, 0x61,
  0x99, 0x9a, 0x80, 0x5d, 0x5c, 0x8f, 0x92, 0x85, 0xa6, 0x8c, 0x5f, 0x53,
  0x4b, 0x9f, 0xd6, 0x7a, 0x4a, 0x7b, 0x98, 0x8e, 0x78, 0x5b, 0x67, 0x93,
  0x8d, 0x92, 0xa6, 0x79, 0x5c, 0x50, 0x5d, 0xb9, 0xbf, 0x66, 0x59, 0x85,
  0x96, 0x8c, 0x74, 0x56, 0x71, 0x9c, 0x8b, 0x96, 0x9e, 0x6b, 0x55, 0x52,
  0x7a, 0xc2, 0xa7, 0x5d, 0x60, 0x92, 0x9a, 0x82, 0x69, 0x5a, 0x82, 0x93,
  0x81, 0xa4, 0x9c, 0x5c, 0x4e, 0x5a, 0x90, 0xc8, 0x91, 0x4b, 0x6f, 0x9f,
  0x8e, 0x7d, 0x67, 0x5d, 0x89, 0x8c, 0x8a, 0xb2, 0x86, 0x4c, 0x5a, 0x69,
  0x9c, 0xc1, 0x7c, 0x50, 0x82, 0x9b, 0x8a, 0x7e, 0x5b, 0x61, 0x94, 0x8f,
  0x97, 0xa9, 0x71, 0x56, 0x5d, 0x66, 0xac, 0xbc, 0x66, 0x51, 0x8e, 0xa1,
  0x8c, 0x6d, 0x4d, 0x75, 0x9f, 0x8b, 0x9d, 0x9f, 0x65, 0x56, 0x5d, 0x7e,
  0xbf, 0xa2, 0x4f, 0x64, 0xa6, 0x9a, 0x77, 0x5e, 0x56, 0x87, 0x9b, 0x8b,
  0xa5, 0x8d, 0x56, 0x5a, 0x68, 0x8a, 0xb7, 0x8c, 0x52, 0x79, 0xa3, 0x8e,
  0x7a, 0x5e, 0x56, 0x8e, 0x9e, 0x96, 0xa3, 0x74, 0x53, 0x6b, 0x71, 0x93,
  0xb2, 0x79, 0x55, 0x8b, 0xa5, 0x87, 0x6f, 0x4d, 0x64, 0xa5, 0x9b, 0x92,
  0x97, 0x66, 0x5b, 0x70, 0x73, 0x9b, 0xa6, 0x69, 0x65, 0x9a, 0x99, 0x7e,
  0x67, 0x50, 0x7c, 0xa6, 0x93, 0x9d, 0x8c, 0x56, 0x63, 0x74, 0x7c, 0xa4,
  0x93, 0x60, 0x78, 0xa0, 0x91, 0x77, 0x58, 0x55, 0x92, 0xa7, 0x98, 0x96,
  0x69, 0x55, 0x7a, 0x7c, 0x85, 0xa0, 0x80, 0x63, 0x8b, 0xa4, 0x89, 0x67,
  0x4d, 0x68, 0xa2, 0xa2, 0x94, 0x88, 0x60, 0x62, 0x7b, 0x7c, 0x96, 0x9c,
  0x67, 0x63, 0x9e, 0xa8, 0x7f, 0x5a, 0x4b, 0x79, 0xa9, 0x9f, 0x97, 0x7d,
  0x55, 0x68, 0x85, 0x8b, 0x9b, 0x82, 0x58, 0x7c, 0xaf, 0x9b, 0x72, 0x53,
  0x52, 0x89, 0xab, 0xa2, 0x96, 0x67, 0x4f, 0x76, 0x88, 0x8d, 0x9a, 0x71,
  0x59, 0x90, 0xac, 0x91, 0x6f, 0x4a, 0x58, 0x98, 0xac, 0xa5, 0x8d, 0x56,
  0x59, 0x82, 0x88, 0x96, 0x92, 0x5f, 0x64, 0xa1, 0xaa, 0x89, 0x5f, 0x42,
  0x6c, 0xa5, 0xaa, 0x9e, 0x7a, 0x54, 0x67, 0x81, 0x89, 0x9c, 0x84, 0x57,
  0x74, 0xa6, 0xa4, 0x82, 0x52, 0x47, 0x82, 0xac, 0xa6, 0x94, 0x6e, 0x5a,
  0x70, 0x80, 0x91, 0x9e, 0x75, 0x56, 0x82, 0xae, 0xa3, 0x73, 0x43, 0x54,
  0x95, 0xad, 0x9c, 0x84, 0x69, 0x65, 0x73, 0x80, 0x97, 0x95, 0x66, 0x5d,
  0x93, 0xb1, 0x95, 0x60, 0x43, 0x6b, 0xa6, 0xa8, 0x92, 0x81, 0x6c, 0x66,
  0x70, 0x85, 0x9d, 0x8d, 0x60, 0x69, 0x9f, 0xab, 0x82, 0x55, 0x4e, 0x7e,
  0xa6, 0x9c, 0x8d, 0x7f, 0x67, 0x63, 0x77, 0x91, 0x9b, 0x7d, 0x5f, 0x7c,
  0xa7, 0x9d, 0x72, 0x52, 0x5e, 0x8f, 0xa2, 0x90, 0x8a, 0x7e, 0x69, 0x6a,
  0x7b, 0x92, 0x95, 0x74, 0x66, 0x89, 0xa3, 0x91, 0x6a, 0x52, 0x6d, 0x99,
  0x99, 0x8a, 0x89, 0x7b, 0x6b, 0x6c, 0x7e, 0x97, 0x90, 0x6b, 0x6c, 0x93,
  0xa3, 0x88, 0x5d, 0x54, 0x7f, 0x9f, 0x94, 0x87, 0x82, 0x76, 0x6d, 0x70,
  0x84, 0x96, 0x85, 0x68, 0x76, 0x9c, 0xa0, 0x77, 0x51, 0x60, 0x90, 0xa0,
  0x8d, 0x81, 0x7f, 0x79, 0x71, 0x73, 0x86, 0x94, 0x7f, 0x68, 0x80, 0xa5,
  0x97, 0x67, 0x51, 0x71, 0x9b, 0x9c, 0x85, 0x7d, 0x7f, 0x78, 0x70, 0x77,
  0x8b, 0x8e, 0x74, 0x6c, 0x8f, 0xa6, 0x86, 0x59, 0x58, 0x83, 0xa4, 0x95,
  0x7d, 0x7c, 0x7f, 0x78, 0x72, 0x7c, 0x8d, 0x87, 0x70, 0x77, 0x9b, 0xa1,
  0x76, 0x53, 0x62, 0x90, 0xa2, 0x8b, 0x76, 0x7b, 0x81, 0x7b, 0x74, 0x7e,
  0x8b, 0x7f, 0x70, 0x82, 0xa1, 0x97, 0x69, 0x53, 0x70, 0x99, 0xa0, 0x84,
  0x75, 0x7e, 0x80, 0x77, 0x77, 0x81, 0x87, 0x7b, 0x73, 0x8b, 0xa3, 0x8b,
  0x5d, 0x57, 0x7b, 0x9e, 0x9b, 0x7d, 0x74, 0x80, 0x7e, 0x77, 0x7b, 0x83,
  0x85, 0x78, 0x77, 0x94, 0xa1, 0x7d, 0x57, 0x5f, 0x88, 0xa3, 0x91, 0x76,
  0x79, 0x83, 0x7c, 0x76, 0x7e, 0x87, 0x81, 0x72, 0x7d, 0x9d, 0x9a, 0x70,
  0x54, 0x69, 0x94, 0x9e, 0x85, 0x76, 0x7e, 0x82, 0x79, 0x77, 0x82, 0x88,
  0x7a, 0x72, 0x88, 0x9f, 0x8f, 0x66, 0x58, 0x77, 0x9a, 0x95, 0x7e, 0x7a,
  0x81, 0x80, 0x75, 0x78, 0x88, 0x86, 0x77, 0x77, 0x8d, 0x9d, 0x86, 0x5f,
  0x5e, 0x82, 0x99, 0x8d, 0x7b, 0x7d, 0x84, 0x7d, 0x72, 0x7d, 0x8a, 0x82,
  0x74, 0x7a, 0x93, 0x9b, 0x79, 0x5c, 0x6a, 0x8c, 0x99, 0x87, 0x79, 0x81,
  0x85, 0x77, 0x72, 0x81, 0x8a, 0x7e, 0x72, 0x80, 0x99, 0x93, 0x6e, 0x5e,
  0x74, 0x93, 0x97, 0x81, 0x79, 0x84, 0x82, 0x75, 0x76, 0x84, 0x89, 0x79,
  0x72, 0x8a, 0x9c, 0x88, 0x67, 0x61, 0x7e, 0x98, 0x91, 0x7b, 0x79, 0x84,
  0x81, 0x75, 0x79, 0x86, 0x86, 0x75, 0x76, 0x91, 0x99, 0x7f, 0x61, 0x67,
  0x88, 0x98, 0x89, 0x79, 0x7c, 0x85, 0x7e, 0x75, 0x7d, 0x87, 0x80, 0x74,
  0x7e, 0x98, 0x95, 0x73, 0x5f, 0x71, 0x8f, 0x95, 0x83, 0x78, 0x7f, 0x85,
  0x7b, 0x77, 0x81, 0x82, 0x7a, 0x78, 0x88, 0x99, 0x8a, 0x69, 0x62, 0x7b,
  0x94, 0x91, 0x7d, 0x78, 0x82, 0x83, 0x7b, 0x7b, 0x80, 0x7e, 0x7a, 0x7d,
  0x8d, 0x97, 0x81, 0x65, 0x68, 0x82, 0x95, 0x8b, 0x79, 0x7b, 0x84, 0x81,
  0x7b, 0x7d, 0x7f, 0x7b, 0x7a, 0x82, 0x90, 0x92, 0x7b, 0x65, 0x6d, 0x86,
  0x93, 0x87, 0x79, 0x7f, 0x84, 0x7e, 0x7a, 0x7e, 0x7f, 0x7a, 0x7b, 0x86,
  0x91, 0x8f, 0x76, 0x64, 0x70, 0x89, 0x91, 0x83, 0x7a, 0x82, 0x84, 0x7c,
  0x7a, 0x7f, 0x7e, 0x78, 0x7d, 0x89, 0x91, 0x8c, 0x73, 0x64, 0x75, 0x8d,
  0x90, 0x81, 0x7a, 0x82, 0x84, 0x7b, 0x7a, 0x7f, 0x7d, 0x78, 0x7f, 0x8c,
  0x91, 0x88, 0x6f, 0x65, 0x79, 0x8f, 0x91, 0x7f, 0x79, 0x84, 0x84, 0x7a,
  0x79, 0x7e, 0x7b, 0x79, 0x83, 0x8e, 0x8e, 0x83, 0x6e, 0x67, 0x7c, 0x91,
  0x8e, 0x7d, 0x79, 0x84, 0x85, 0x7b, 0x7a, 0x7b, 0x79, 0x7c, 0x88, 0x8f,
  0x8a, 0x80, 0x6e, 0x69, 0x7e, 0x90, 0x8c, 0x7b, 0x79, 0x86, 0x85, 0x7a,
  0x79, 0x7b, 0x79, 0x7f, 0x8c, 0x8d, 0x86, 0x7d, 0x6f, 0x6d, 0x81, 0x8f,
  0x8a, 0x7b, 0x79, 0x86, 0x85, 0x7a, 0x7a, 0x79, 0x78, 0x83, 0x8f, 0x8a,
  0x80, 0x7b, 0x72, 0x71, 0x81, 0x8e, 0x89, 0x7a, 0x79, 0x89, 0x86, 0x78,
  0x79, 0x79, 0x78, 0x86, 0x92, 0x87, 0x7b, 0x7a, 0x76, 0x75, 0x81, 0x8a,
  0x88, 0x7b, 0x7a, 0x89, 0x86, 0x77, 0x78, 0x79, 0x78, 0x88, 0x94, 0x86,
  0x76, 0x78, 0x7a, 0x7a, 0x81, 0x86, 0x86, 0x7c, 0x7b, 0x8b, 0x87, 0x74,
  0x76, 0x79, 0x7a, 0x8b, 0x95, 0x82, 0x72, 0x78, 0x7e, 0x7e, 0x7f, 0x83,
  0x85, 0x7d, 0x7b, 0x8c, 0x88, 0x72, 0x73, 0x7b, 0x7e, 0x8c, 0x93, 0x80,
  0x70, 0x7a, 0x83, 0x7e, 0x7d, 0x82, 0x83, 0x7c, 0x7d, 0x8d, 0x88, 0x71,
  0x71, 0x7d, 0x82, 0x8c, 0x8f, 0x7c, 0x70, 0x7d, 0x85, 0x7f, 0x7d, 0x7f,
  0x82, 0x7f, 0x7e, 0x8b, 0x87, 0x6f, 0x70, 0x80, 0x85, 0x8b, 0x8c, 0x7a,
  0x71, 0x7f, 0x87, 0x80, 0x7b, 0x7d, 0x82, 0x81, 0x80, 0x8b, 0x87, 0x6f,
  0x6f, 0x82, 0x87, 0x89, 0x89, 0x7a, 0x71, 0x7f, 0x89, 0x81, 0x79, 0x7a,
  0x82, 0x83, 0x81, 0x89, 0x87, 0x6f, 0x6f, 0x84, 0x89, 0x86, 0x88, 0x7b,
  0x71, 0x80, 0x8c, 0x82, 0x78, 0x78, 0x80, 0x86, 0x82, 0x86, 0x86, 0x70,
  0x6e, 0x86, 0x8a, 0x83, 0x86, 0x7b, 0x70, 0x81, 0x8d, 0x82, 0x76, 0x76,
  0x80, 0x87, 0x83, 0x85, 0x86, 0x71, 0x6e, 0x86, 0x8b, 0x81, 0x85, 0x7d,
  0x71, 0x80, 0x8f, 0x82, 0x75, 0x77, 0x7f, 0x87, 0x86, 0x84, 0x84, 0x73,
  0x6e, 0x85, 0x8c, 0x80, 0x83, 0x7f, 0x72, 0x80, 0x8f, 0x82, 0x74, 0x77,
  0x7f, 0x88, 0x88, 0x83, 0x82, 0x76, 0x70, 0x84, 0x8b, 0x7f, 0x81, 0x81,
  0x75, 0x7f, 0x8e, 0x83, 0x74, 0x75, 0x7f, 0x8a, 0x88, 0x80, 0x80, 0x78,
  0x73, 0x83, 0x89, 0x7e, 0x80, 0x83, 0x7a, 0x7d, 0x8a, 0x84, 0x76, 0x75,
  0x7e, 0x8a, 0x89, 0x7f, 0x7e, 0x7b, 0x76, 0x81, 0x87, 0x7d, 0x7f, 0x86,
  0x7c, 0x7a, 0x87, 0x85, 0x78, 0x76, 0x7c, 0x87, 0x89, 0x7f, 0x7d, 0x7e,
  0x77, 0x7e, 0x87, 0x7d, 0x7e, 0x87, 0x7f, 0x79, 0x83, 0x85, 0x7c, 0x78,
  0x7a, 0x85, 0x8b, 0x80, 0x7d, 0x80, 0x78, 0x7c, 0x85, 0x7f, 0x7d, 0x87,
  0x82, 0x78, 0x80, 0x86, 0x7e, 0x79, 0x79, 0x81, 0x8a, 0x84, 0x7c, 0x7f,
  0x7a, 0x79, 0x84, 0x82, 0x7c, 0x85, 0x84, 0x78, 0x7e, 0x87, 0x80, 0x79,
  0x78, 0x7e, 0x8b, 0x87, 0x7c, 0x7e, 0x7c, 0x78, 0x83, 0x84, 0x7b, 0x82,
  0x86, 0x7b, 0x7c, 0x85, 0x81, 0x7a, 0x78, 0x7c, 0x8a, 0x8a, 0x7d, 0x7d,
  0x7d, 0x78, 0x82, 0x86, 0x7b, 0x7e, 0x87, 0x7f, 0x7b, 0x83, 0x82, 0x7b,
  0x78, 0x7b, 0x87, 0x8b, 0x7e, 0x7b, 0x7d, 0x79, 0x81, 0x89, 0x7c, 0x79,
  0x87, 0x84, 0x7b, 0x81, 0x82, 0x7c, 0x79, 0x7c, 0x86, 0x8b, 0x80, 0x79,
  0x7d, 0x7a, 0x80, 0x8a, 0x7d, 0x75, 0x85, 0x88, 0x7e, 0x7e, 0x80, 0x7d,
  0x7a, 0x7b, 0x84, 0x8c, 0x81, 0x79, 0x7d, 0x7c, 0x7f, 0x8a, 0x7f, 0x73,
  0x81, 0x8c, 0x80, 0x7b, 0x7f, 0x7f, 0x7b, 0x7b, 0x83, 0x8a, 0x82, 0x78,
  0x7c, 0x7e, 0x7e, 0x88, 0x81, 0x72, 0x7f, 0x8e, 0x82, 0x78, 0x7e, 0x81,
  0x7d, 0x7c, 0x81, 0x87, 0x83, 0x79, 0x7d, 0x80, 0x7d, 0x85, 0x83, 0x74,
  0x7c, 0x8f, 0x86, 0x76, 0x7a, 0x82, 0x80, 0x7d, 0x7f, 0x84, 0x82, 0x7c,
  0x7e, 0x81, 0x7d, 0x81, 0x83, 0x77, 0x7a, 0x8d, 0x89, 0x75, 0x76, 0x84,
  0x83, 0x7e, 0x7f, 0x7f, 0x81, 0x7f, 0x7f, 0x83, 0x7e, 0x7c, 0x82, 0x7b,
  0x79, 0x89, 0x8c, 0x78, 0x73, 0x82, 0x86, 0x81, 0x7e, 0x7c, 0x7e, 0x81,
  0x82, 0x84, 0x7f, 0x79, 0x7f, 0x80, 0x7b, 0x84, 0x8a, 0x7c, 0x73, 0x7f,
  0x89, 0x83, 0x7d, 0x7a, 0x7b, 0x82, 0x85, 0x85, 0x80, 0x78, 0x7c, 0x83,
  0x7f, 0x80, 0x86, 0x80, 0x75, 0x7d, 0x89, 0x84, 0x7d, 0x79, 0x78, 0x81,
  0x88, 0x86, 0x80, 0x77, 0x78, 0x83, 0x84, 0x7f, 0x81, 0x81, 0x7a, 0x7d,
  0x87, 0x85, 0x7d, 0x79, 0x77, 0x80, 0x89, 0x87, 0x80, 0x78, 0x77, 0x82,
  0x86, 0x7f, 0x7c, 0x7f, 0x7f, 0x7e, 0x84, 0x85, 0x7e, 0x79, 0x78, 0x7f,
  0x89, 0x87, 0x80, 0x7a, 0x78, 0x80, 0x86, 0x80, 0x7a, 0x7e, 0x82, 0x80,
  0x81, 0x84, 0x7f, 0x79, 0x78, 0x7e, 0x88, 0x88, 0x81, 0x7b, 0x79, 0x7f,
  0x85, 0x81, 0x7b, 0x7d, 0x83, 0x83, 0x7e, 0x82, 0x82, 0x7b, 0x79, 0x7c,
  0x84, 0x88, 0x83, 0x7c, 0x79, 0x7d, 0x84, 0x82, 0x7c, 0x7c, 0x83, 0x85,
  0x7e, 0x7e, 0x83, 0x7e, 0x7a, 0x7b, 0x81, 0x88, 0x86, 0x7f, 0x79, 0x7a,
  0x82, 0x83, 0x7e, 0x7c, 0x81, 0x85, 0x80, 0x7c, 0x81, 0x81, 0x7c, 0x7b,
  0x7d, 0x84, 0x88, 0x82, 0x7b, 0x78, 0x7f, 0x84, 0x81, 0x7d, 0x7f, 0x85,
  0x82, 0x7b, 0x80, 0x83, 0x7d, 0x7c, 0x7b, 0x80, 0x88, 0x86, 0x7d, 0x77,
  0x7b, 0x83, 0x84, 0x7e, 0x7d, 0x82, 0x84, 0x7c, 0x7d, 0x82, 0x7f, 0x7d,
  0x7c, 0x7e, 0x86, 0x88, 0x80, 0x78, 0x78, 0x82, 0x85, 0x80, 0x7c, 0x7f,
  0x84, 0x80, 0x7c, 0x81, 0x80, 0x7e, 0x7d, 0x7c, 0x83, 0x88, 0x82, 0x79,
  0x78, 0x7f, 0x86, 0x82, 0x7d, 0x7c, 0x82, 0x83, 0x7d, 0x7e, 0x80, 0x7e,
  0x7e, 0x7c, 0x80, 0x87, 0x84, 0x7c, 0x79, 0x7d, 0x85, 0x82, 0x7e, 0x7c,
  0x7f, 0x84, 0x81, 0x7d, 0x7f, 0x80, 0x7f, 0x7d, 0x7e, 0x85, 0x84, 0x7e,
  0x7b, 0x7c, 0x83, 0x82, 0x7e, 0x7d, 0x7e, 0x83, 0x84, 0x7c, 0x7e, 0x81,
  0x80, 0x7e, 0x7d, 0x82, 0x84, 0x80, 0x7d, 0x7c, 0x81, 0x83, 0x7e, 0x7d,
  0x7d, 0x81, 0x86, 0x7e, 0x7b, 0x81, 0x82, 0x7f, 0x7c, 0x7f, 0x83, 0x82,
  0x80, 0x7d, 0x7e, 0x83, 0x80, 0x7d, 0x7d, 0x7f, 0x85, 0x82, 0x7a, 0x7e,
  0x83, 0x81, 0x7c, 0x7c, 0x81, 0x84, 0x82, 0x7e, 0x7c, 0x81, 0x82, 0x7e,
  0x7d, 0x7e, 0x83, 0x85, 0x7d, 0x7c, 0x82, 0x82, 0x7e, 0x7b, 0x7e, 0x83,
  0x84, 0x80, 0x7b, 0x7d, 0x82, 0x80, 0x7e, 0x7d, 0x7f, 0x85, 0x81, 0x7a,
  0x80, 0x83, 0x7f, 0x7b, 0x7c, 0x82, 0x85, 0x83, 0x7c, 0x7a, 0x81, 0x82,
  0x7e, 0x7d, 0x7d, 0x83, 0x84, 0x7b, 0x7d, 0x83, 0x81, 0x7d, 0x7b, 0x7f,
  0x84, 0x85, 0x7f, 0x7a, 0x7e, 0x83, 0x80, 0x7e, 0x7d, 0x80, 0x86, 0x7f,
  0x7b, 0x81, 0x82, 0x7f, 0x7c, 0x7d, 0x82, 0x85, 0x82, 0x7b, 0x7b, 0x82,
  0x81, 0x7e, 0x7e, 0x7d, 0x84, 0x83, 0x7b, 0x7e, 0x83, 0x80, 0x7d, 0x7c,
  0x7f, 0x84, 0x84, 0x7e, 0x7a, 0x80, 0x82, 0x7f, 0x7f, 0x7d, 0x81, 0x85,
  0x7d, 0x7c, 0x82, 0x81, 0x7e, 0x7c, 0x7e, 0x83, 0x84, 0x81, 0x7b, 0x7d,
  0x82, 0x80, 0x7e, 0x7e, 0x7f, 0x85, 0x81, 0x7b, 0x80, 0x83, 0x7e, 0x7c,
  0x7d, 0x81, 0x84, 0x83, 0x7d, 0x7b, 0x82, 0x82, 0x7e, 0x7e, 0x7e, 0x83,
  0x83, 0x7b, 0x7e, 0x84, 0x80, 0x7c, 0x7c, 0x7f, 0x83, 0x85, 0x80, 0x79,
  0x7f, 0x85, 0x7f, 0x7d, 0x7e, 0x81, 0x85, 0x7e, 0x7c, 0x83, 0x81, 0x7d,
  0x7c, 0x7d, 0x82, 0x85, 0x82, 0x79, 0x7b, 0x85, 0x82, 0x7c, 0x7d, 0x7e,
  0x84, 0x82, 0x7b, 0x80, 0x82, 0x7e, 0x7d, 0x7c, 0x80, 0x85, 0x84, 0x7d,
  0x79, 0x82, 0x85, 0x7d, 0x7c, 0x7d, 0x82, 0x85, 0x7d, 0x7d, 0x82, 0x7f,
  0x7e, 0x7d, 0x7e, 0x83, 0x84, 0x80, 0x79, 0x7e, 0x86, 0x80, 0x7b, 0x7c,
  0x80, 0x86, 0x81, 0x7b, 0x81, 0x80, 0x7e, 0x7e, 0x7d, 0x80, 0x84, 0x83,
  0x7b, 0x7b, 0x85, 0x83, 0x7b, 0x7c, 0x7e, 0x84, 0x84, 0x7c, 0x7e, 0x81,
  0x7f, 0x7f, 0x7d, 0x7d, 0x83, 0x84, 0x7e, 0x7a, 0x81, 0x85, 0x7d, 0x7b,
  0x7e, 0x81, 0x85, 0x7f, 0x7c, 0x81, 0x80, 0x80, 0x7e, 0x7b, 0x81, 0x84,
  0x81, 0x7c, 0x7d, 0x84, 0x80, 0x7b, 0x7e, 0x7f, 0x83, 0x82, 0x7c, 0x80,
  0x81, 0x7f, 0x7f, 0x7c, 0x7e, 0x84, 0x83, 0x7e, 0x7c, 0x82, 0x82, 0x7c,
  0x7d, 0x7e, 0x81, 0x84, 0x7d, 0x7f, 0x83, 0x7f, 0x7e, 0x7d, 0x7d, 0x83,
  0x83, 0x7f, 0x7d, 0x7f, 0x83, 0x7e, 0x7c, 0x7e, 0x7f, 0x83, 0x80, 0x7d,
  0x83, 0x81, 0x7d, 0x7d, 0x7c, 0x81, 0x85, 0x81, 0x7d, 0x7d, 0x83, 0x81,
  0x7c, 0x7d, 0x7f, 0x82, 0x82, 0x7c, 0x81, 0x84, 0x7e, 0x7c, 0x7b, 0x7f,
  0x85, 0x83, 0x7e, 0x7b, 0x80, 0x84, 0x7d, 0x7c, 0x7e, 0x80, 0x83, 0x7e,
  0x7f, 0x85, 0x80, 0x7c, 0x7b, 0x7d, 0x84, 0x85, 0x80, 0x7b, 0x7d, 0x84,
  0x81, 0x7c, 0x7d, 0x7f, 0x83, 0x80, 0x7d, 0x84, 0x83, 0x7c, 0x7a, 0x7c,
  0x83, 0x85, 0x81, 0x7d, 0x7b, 0x83, 0x84, 0x7c, 0x7c, 0x7e, 0x81, 0x82,
  0x7d, 0x82, 0x84, 0x7d, 0x7a, 0x7b, 0x81, 0x85, 0x83, 0x7f, 0x7b, 0x7f,
  0x86, 0x7f, 0x7b, 0x7d, 0x80, 0x83, 0x7f, 0x7f, 0x85, 0x80, 0x7a, 0x7a,
  0x7e, 0x84, 0x84, 0x80, 0x7c, 0x7d, 0x84, 0x82, 0x7b, 0x7c, 0x7f, 0x82,
  0x82, 0x7f, 0x83, 0x82, 0x7c, 0x7a, 0x7d, 0x82, 0x84, 0x82, 0x7e, 0x7b,
  0x81, 0x84, 0x7d, 0x7c, 0x7e, 0x80, 0x82, 0x80, 0x82, 0x83, 0x7d, 0x7a,
  0x7b, 0x80, 0x84, 0x82, 0x80, 0x7c, 0x7e, 0x84, 0x80, 0x7b, 0x7d, 0x7f,
  0x82, 0x81, 0x80, 0x84, 0x80, 0x7b, 0x7b, 0x7e, 0x83, 0x83, 0x81, 0x7e,
  0x7d, 0x82, 0x82, 0x7c, 0x7c, 0x7e, 0x81, 0x81, 0x80, 0x83, 0x82, 0x7c,
  0x7a, 0x7c, 0x82, 0x84, 0x81, 0x7f, 0x7d, 0x80, 0x83, 0x7e, 0x7b, 0x7e,
  0x81, 0x82, 0x80, 0x81, 0x84, 0x7f, 0x79, 0x7b, 0x80, 0x84, 0x83, 0x7f,
  0x7d, 0x7f, 0x83, 0x81, 0x7a, 0x7c, 0x80, 0x82, 0x81, 0x80, 0x84, 0x82,
  0x7a, 0x79, 0x7d, 0x83, 0x85, 0x81, 0x7d, 0x7e, 0x82, 0x83, 0x7c, 0x79,
  0x7e, 0x83, 0x82, 0x80, 0x83, 0x84, 0x7d, 0x78, 0x7b, 0x81, 0x85, 0x82,
  0x7e, 0x7d, 0x81, 0x84, 0x7f, 0x78, 0x7b, 0x82, 0x84, 0x81, 0x81, 0x83,
  0x80, 0x79, 0x79, 0x7e, 0x85, 0x85, 0x80, 0x7d, 0x80, 0x84, 0x82, 0x79,
  0x78, 0x7f, 0x84, 0x83, 0x81, 0x83, 0x82, 0x7b, 0x78, 0x7b, 0x82, 0x85,
  0x81, 0x7d, 0x7e, 0x83, 0x85, 0x7d, 0x76, 0x7b, 0x83, 0x84, 0x82, 0x82,
  0x82, 0x7e, 0x79, 0x79, 0x7f, 0x85, 0x83, 0x7f, 0x7e, 0x81, 0x85, 0x80,
  0x77, 0x77, 0x7f, 0x85, 0x85, 0x83, 0x82, 0x80, 0x7b, 0x78, 0x7c, 0x83,
  0x84, 0x80, 0x7e, 0x80, 0x84, 0x83, 0x7a, 0x75, 0x7b, 0x83, 0x86, 0x84,
  0x83, 0x81, 0x7c, 0x77, 0x79, 0x81, 0x85, 0x82, 0x7f, 0x80, 0x83, 0x84,
  0x7e, 0x76, 0x77, 0x80, 0x86, 0x85, 0x84, 0x83, 0x7f, 0x78, 0x76, 0x7d,
  0x85, 0x84, 0x80, 0x80, 0x84, 0x85, 0x81, 0x78, 0x74, 0x7c, 0x85, 0x86,
  0x84, 0x83, 0x82, 0x7c, 0x75, 0x79, 0x82, 0x85, 0x82, 0x80, 0x83, 0x85,
  0x82, 0x7a, 0x74, 0x78, 0x82, 0x87, 0x85, 0x84, 0x84, 0x7f, 0x77, 0x75,
  0x7d, 0x85, 0x83, 0x80, 0x81, 0x85, 0x85, 0x7e, 0x75, 0x74, 0x7e, 0x86,
  0x86, 0x84, 0x85, 0x83, 0x7a, 0x74, 0x79, 0x82, 0x84, 0x81, 0x81, 0x84,
  0x86, 0x82, 0x78, 0x72, 0x78, 0x83, 0x87, 0x85, 0x85, 0x85, 0x7f, 0x76,
  0x75, 0x7d, 0x84, 0x82, 0x80, 0x83, 0x87, 0x86, 0x7d, 0x73, 0x73, 0x7e,
  0x86, 0x86, 0x85, 0x86, 0x83, 0x7a, 0x74, 0x79, 0x82, 0x84, 0x80, 0x81,
  0x86, 0x89, 0x82, 0x76, 0x70, 0x78, 0x84, 0x87, 0x86, 0x86, 0x85, 0x7e,
  0x75, 0x75, 0x7d, 0x83, 0x81, 0x80, 0x84, 0x8a, 0x87, 0x7b, 0x70, 0x72,
  0x7f, 0x87, 0x87, 0x86, 0x86, 0x82, 0x79, 0x75, 0x79, 0x81, 0x82, 0x7f,
  0x82, 0x89, 0x8a, 0x81, 0x74, 0x6e, 0x78, 0x85, 0x88, 0x86, 0x86, 0x85,
  0x7e, 0x76, 0x76, 0x7d, 0x81, 0x7f, 0x80, 0x87, 0x8c, 0x87, 0x7a, 0x6f,
  0x72, 0x7f, 0x87, 0x86, 0x86, 0x86, 0x82, 0x7a, 0x76, 0x7a, 0x7f, 0x7f,
  0x7e, 0x83, 0x8b, 0x8b, 0x81, 0x73, 0x6f, 0x79, 0x84, 0x86, 0x85, 0x86,
  0x85, 0x7e, 0x78, 0x78, 0x7c, 0x7e, 0x7e, 0x81, 0x88, 0x8d, 0x87, 0x79,
  0x6f, 0x73, 0x80, 0x86, 0x85, 0x85, 0x87, 0x84, 0x7c, 0x77, 0x79, 0x7d,
  0x7e, 0x7f, 0x84, 0x8b, 0x8b, 0x81, 0x74, 0x71, 0x7a, 0x83, 0x84, 0x83,
  0x85, 0x86, 0x81, 0x7a, 0x77, 0x79, 0x7c, 0x7e, 0x82, 0x88, 0x8b, 0x86,
  0x7b, 0x72, 0x76, 0x7f, 0x83, 0x82, 0x83, 0x86, 0x85, 0x7f, 0x79, 0x77,
  0x79, 0x7d, 0x81, 0x86, 0x8a, 0x89, 0x81, 0x77, 0x74, 0x7a, 0x80, 0x81,
  0x82, 0x85, 0x86, 0x84, 0x7e, 0x78, 0x77, 0x7a, 0x7e, 0x83, 0x88, 0x89,
  0x84, 0x7c, 0x76, 0x78, 0x7d, 0x80, 0x81, 0x83, 0x86, 0x86, 0x83, 0x7c,
  0x77, 0x77, 0x7b, 0x81, 0x86, 0x88, 0x86, 0x81, 0x7b, 0x78, 0x7b, 0x7d,
  0x7f, 0x81, 0x84, 0x86, 0x86, 0x81, 0x7a, 0x76, 0x78, 0x7e, 0x84, 0x87,
  0x86, 0x83, 0x7f, 0x7b, 0x7a, 0x7b, 0x7d, 0x7f, 0x81, 0x85, 0x87, 0x86,
  0x7f, 0x78, 0x75, 0x7a, 0x81, 0x86, 0x85, 0x83, 0x82, 0x7f, 0x7c, 0x7b,
  0x7b, 0x7c, 0x7e, 0x82, 0x86, 0x88, 0x85, 0x7c, 0x76, 0x77, 0x7e, 0x84,
  0x85, 0x83, 0x81, 0x81, 0x7f, 0x7d, 0x7c, 0x7b, 0x7c, 0x7f, 0x83, 0x88,
  0x88, 0x81, 0x78, 0x75, 0x7a, 0x81, 0x85, 0x83, 0x81, 0x81, 0x81, 0x7f,
  0x7d, 0x7b, 0x7b, 0x7c, 0x80, 0x85, 0x88, 0x86, 0x7e, 0x77, 0x77, 0x7c,
  0x83, 0x84, 0x82, 0x81, 0x82, 0x81, 0x7f, 0x7d, 0x7b, 0x7b, 0x7d, 0x82,
  0x86, 0x88, 0x84, 0x7c, 0x77, 0x79, 0x7f, 0x83, 0x83, 0x81, 0x81, 0x82,
  0x81, 0x7f, 0x7c, 0x7a, 0x7b, 0x7e, 0x83, 0x87, 0x87, 0x81, 0x7b, 0x78,
  0x7b, 0x80, 0x82, 0x82, 0x81, 0x81, 0x82, 0x81, 0x7f, 0x7c, 0x7a, 0x7c,
  0x80, 0x84, 0x86, 0x84, 0x7f, 0x7a, 0x79, 0x7c, 0x80, 0x82, 0x81, 0x81,
  0x81, 0x82, 0x81, 0x7e, 0x7b, 0x7a, 0x7c, 0x81, 0x85, 0x86, 0x83, 0x7e,
  0x7b, 0x7b, 0x7e, 0x80, 0x81, 0x81, 0x81, 0x81, 0x81, 0x80, 0x7e, 0x7b,
  0x7b, 0x7e, 0x82, 0x85, 0x84, 0x81, 0x7d, 0x7c, 0x7c, 0x7e, 0x7f, 0x81,
  0x82, 0x82, 0x81, 0x81, 0x7f, 0x7d, 0x7c, 0x7c, 0x7f, 0x82, 0x84, 0x82,
  0x80, 0x7e, 0x7d, 0x7d, 0x7d, 0x7e, 0x81, 0x83, 0x82, 0x81, 0x80, 0x7e,
  0x7d, 0x7d, 0x7e, 0x80, 0x82, 0x82, 0x81, 0x80, 0x7f, 0x7f, 0x7d, 0x7c,
  0x7e, 0x81, 0x83, 0x83, 0x81, 0x7e, 0x7d, 0x7d, 0x7e, 0x7f, 0x81, 0x81,
  0x81, 0x80, 0x80, 0x80, 0x7f, 0x7d, 0x7c, 0x7e, 0x81, 0x83, 0x83, 0x80,
  0x7e, 0x7d, 0x7d, 0x7f, 0x80, 0x81, 0x81, 0x80, 0x80, 0x80, 0x81, 0x7f,
  0x7d, 0x7c, 0x7e, 0x81, 0x83, 0x82, 0x80, 0x7e, 0x7d, 0x7e, 0x7f, 0x80,
  0x80, 0x80, 0x7f, 0x7f, 0x81, 0x81, 0x80, 0x7d, 0x7c, 0x7e, 0x81, 0x83,
  0x82, 0x80, 0x7d, 0x7d, 0x7f, 0x80, 0x81, 0x80, 0x7f, 0x7f, 0x7f, 0x81,
  0x82, 0x80, 0x7e, 0x7c, 0x7d, 0x80, 0x83, 0x82, 0x7f, 0x7d, 0x7d, 0x7f,
  0x81, 0x81, 0x7f, 0x7e, 0x7e, 0x7f, 0x81, 0x82, 0x81, 0x7f, 0x7c, 0x7d,
  0x80, 0x82, 0x82, 0x80, 0x7d, 0x7e, 0x80, 0x81, 0x81, 0x7f, 0x7d, 0x7d,
  0x7f, 0x81, 0x82, 0x82, 0x7f, 0x7d, 0x7d, 0x7f, 0x81, 0x81, 0x80, 0x7e,
  0x7e, 0x80, 0x82, 0x81, 0x7f, 0x7d, 0x7d, 0x7f, 0x81, 0x82, 0x81, 0x80,
  0x7e, 0x7e, 0x7f, 0x80, 0x80, 0x7f, 0x7e, 0x7f, 0x80, 0x82, 0x82, 0x7f,
  0x7d, 0x7d, 0x7e, 0x81, 0x82, 0x81, 0x80, 0x7f, 0x7f, 0x7f, 0x7f, 0x7f,
  0x7f, 0x7e, 0x7f, 0x80, 0x82, 0x82, 0x80, 0x7d, 0x7d, 0x7e, 0x80, 0x81,
  0x80, 0x7f, 0x80, 0x80, 0x80, 0x7f, 0x7f, 0x7e, 0x7e, 0x7e, 0x80, 0x82,
  0x83, 0x81, 0x7e, 0x7d, 0x7e, 0x7f, 0x80, 0x7f, 0x7f, 0x80, 0x81, 0x81,
  0x80, 0x80, 0x7f, 0x7d, 0x7d, 0x7e, 0x81, 0x83, 0x82, 0x80, 0x7e, 0x7e,
  0x7e, 0x7f, 0x7f, 0x7f, 0x80, 0x81, 0x81, 0x81, 0x80, 0x80, 0x7e, 0x7d,
  0x7d, 0x7f, 0x81, 0x82, 0x82, 0x80, 0x7f, 0x7e, 0x7e, 0x7e, 0x7e, 0x7f,
  0x80, 0x81, 0x81, 0x81, 0x81, 0x7f, 0x7e, 0x7d, 0x7e, 0x7f, 0x81, 0x82,
  0x82, 0x81, 0x7f, 0x7e, 0x7e, 0x7e, 0x7e, 0x7f, 0x80, 0x81, 0x81, 0x81,
  0x80, 0x7f, 0x7e, 0x7d, 0x7e, 0x7f, 0x81, 0x82, 0x82, 0x81, 0x80, 0x7f,
  0x7e, 0x7e, 0x7e, 0x80, 0x81, 0x81, 0x80, 0x80, 0x80, 0x80, 0x7f, 0x7e,
  0x7e, 0x7e, 0x80, 0x81, 0x82, 0x82, 0x80, 0x7e, 0x7d, 0x7e, 0x7f, 0x80,
  0x80, 0x80, 0x7f, 0x80, 0x81, 0x81, 0x80, 0x7e, 0x7d, 0x7d, 0x7f, 0x81,
  0x82, 0x82, 0x80, 0x7f, 0x7e, 0x7f, 0x7f, 0x7f, 0x7f, 0x7f, 0x7f, 0x81,
  0x82, 0x82, 0x80, 0x7e, 0x7d, 0x7d, 0x7f, 0x81, 0x81, 0x81, 0x80, 0x80,
  0x80, 0x80, 0x7f, 0x7e, 0x7d, 0x7d, 0x7f, 0x81, 0x83, 0x83, 0x81, 0x7e,
  0x7c, 0x7c, 0x7e, 0x80, 0x81, 0x81, 0x80, 0x80, 0x81, 0x81, 0x80, 0x7e,
  0x7c, 0x7c, 0x7e, 0x81, 0x84, 0x84, 0x82, 0x7f, 0x7c, 0x7c, 0x7d, 0x7f,
  0x81, 0x81, 0x81, 0x81, 0x81, 0x80, 0x80, 0x7e, 0x7d, 0x7c, 0x7d, 0x7f,
  0x82, 0x84, 0x83, 0x81, 0x7e, 0x7c, 0x7c, 0x7d, 0x80, 0x82, 0x82, 0x81,
  0x80, 0x7f, 0x7f, 0x7f, 0x7f, 0x7f, 0x7e, 0x7e, 0x7f, 0x80, 0x82, 0x82,
  0x81, 0x7f, 0x7d, 0x7c, 0x7e, 0x80, 0x82, 0x82, 0x80, 0x7f, 0x7e, 0x7f,
  0x80, 0x81, 0x80, 0x7f, 0x7d, 0x7d, 0x7e, 0x81, 0x83, 0x83, 0x81, 0x7e,
  0x7c, 0x7c, 0x7e, 0x80, 0x82, 0x81, 0x80, 0x7f, 0x7f, 0x81, 0x81, 0x80,
  0x7e, 0x7c, 0x7b, 0x7c, 0x80, 0x85, 0x86, 0x84, 0x7e, 0x7a, 0x79, 0x7c,
  0x81, 0x84, 0x84, 0x81, 0x7f, 0x7e, 0x80, 0x81, 0x81, 0x7e, 0x7b, 0x79,
  0x7c, 0x82, 0x86, 0x87, 0x83, 0x7d, 0x79, 0x79, 0x7d, 0x82, 0x84, 0x83,
  0x80, 0x7e, 0x7e, 0x81, 0x82, 0x81, 0x7e, 0x7b, 0x7a, 0x7c, 0x80, 0x84,
  0x85, 0x83, 0x7f, 0x7d, 0x7c, 0x7d, 0x80, 0x81, 0x81, 0x80, 0x7f, 0x80,
  0x81, 0x83, 0x82, 0x80, 0x7c, 0x7a, 0x7b, 0x7e, 0x81, 0x84, 0x84, 0x83,
  0x80, 0x7d, 0x7c, 0x7c, 0x7e, 0x80, 0x81, 0x82, 0x81, 0x81, 0x80, 0x80,
  0x80, 0x7e, 0x7d, 0x7c, 0x7d, 0x7f, 0x82, 0x83, 0x83, 0x81, 0x7e, 0x7c,
  0x7c, 0x7e, 0x81, 0x82, 0x82, 0x80, 0x7e, 0x7d, 0x7f, 0x81, 0x82, 0x81,
  0x7e, 0x7c, 0x7c, 0x7f, 0x82, 0x83, 0x82, 0x7f, 0x7e, 0x7e, 0x80, 0x82,
  0x82, 0x7f, 0x7d, 0x7c, 0x7d, 0x81, 0x84, 0x85, 0x83, 0x7e, 0x7a, 0x79,
  0x7c, 0x7f, 0x82, 0x83, 0x81, 0x80, 0x80, 0x81, 0x82, 0x80, 0x7d, 0x7b,
  0x7b, 0x7e, 0x82, 0x85, 0x85, 0x83, 0x7f, 0x7c, 0x7b, 0x7c, 0x7e, 0x7f,
  0x80, 0x80, 0x81, 0x81, 0x82, 0x83, 0x81, 0x7e, 0x7b, 0x7a, 0x7b, 0x7f,
  0x82, 0x84, 0x84, 0x82, 0x81, 0x7f, 0x7e, 0x7c, 0x7b, 0x7b, 0x7d, 0x80,
  0x83, 0x85, 0x86, 0x84, 0x80, 0x7c, 0x79, 0x79, 0x7b, 0x7e, 0x82, 0x84,
  0x85, 0x84, 0x82, 0x7f, 0x7d, 0x7b, 0x7a, 0x7b, 0x7e, 0x82, 0x85, 0x86,
  0x85, 0x82, 0x7e, 0x7b, 0x79, 0x7a, 0x7d, 0x80, 0x83, 0x84, 0x83, 0x81,
  0x80, 0x7f, 0x7e, 0x7d, 0x7c, 0x7c, 0x7e, 0x80, 0x83, 0x84, 0x84, 0x82,
  0x7f, 0x7d, 0x7c, 0x7c, 0x7e, 0x7f, 0x81, 0x81, 0x81, 0x81, 0x81, 0x81,
  0x80, 0x7e, 0x7d, 0x7c, 0x7d, 0x80, 0x83, 0x84, 0x83, 0x81, 0x7e, 0x7d,
  0x7d, 0x7e, 0x7f, 0x80, 0x7f, 0x7f, 0x80, 0x81, 0x82, 0x82, 0x80, 0x7e,
  0x7c, 0x7d, 0x7f, 0x81, 0x82, 0x82, 0x80, 0x7e, 0x7e, 0x7f, 0x81, 0x81,
  0x80, 0x7e, 0x7e, 0x7e, 0x80, 0x81, 0x81, 0x80, 0x7f, 0x7f, 0x7f, 0x7f,
  0x7f, 0x7f, 0x7f, 0x7f, 0x7f, 0x80, 0x81, 0x81, 0x81, 0x7f, 0x7e, 0x7e,
  0x7e, 0x7f, 0x80, 0x81, 0x81, 0x80, 0x80, 0x7f, 0x7f, 0x7f, 0x7f, 0x7f,
  0x7f, 0x80, 0x80, 0x80, 0x80, 0x80, 0x7f, 0x7f, 0x7f, 0x7f, 0x7f, 0x80,
  0x80, 0x80, 0x80, 0x7f, 0x7f, 0x7f, 0x7f, 0x80, 0x80, 0x80, 0x80, 0x80,
  0x7f, 0x7f, 0x7f, 0x7f, 0x7f, 0x7f, 0x80, 0x80, 0x80, 0x80, 0x7f, 0x7f,
  0x7f, 0x7f, 0x7f, 0x7f, 0x80, 0x80, 0x80, 0x80, 0x80, 0x7f, 0x7f, 0x7f,
  0x7f, 0x7f, 0x7f, 0x80, 0x80, 0x80, 0x80, 0x80, 0x7f, 0x7f, 0x7e, 0x7e,
  0x7f, 0x80, 0x80, 0x81, 0x81, 0x80, 0x80, 0x7f, 0x7f, 0x7e, 0x7e, 0x7f,
  0x7f, 0x80, 0x81, 0x82, 0x81, 0x80, 0x7e, 0x7e, 0x7e, 0x7e, 0x80, 0x80,
  0x81, 0x81, 0x81, 0x80, 0x80, 0x7f, 0x7e, 0x7e, 0x7e, 0x7f, 0x80, 0x82,
  0x82, 0x81, 0x80, 0x7e, 0x7e, 0x7e, 0x7f, 0x80, 0x80, 0x80, 0x80, 0x80,
  0x80, 0x80, 0x7f, 0x7f, 0x7e, 0x7e, 0x7f, 0x80, 0x81, 0x81, 0x80, 0x80,
  0x7f, 0x7f, 0x7f, 0x7f, 0x7f, 0x7f, 0x7f, 0x80, 0x80, 0x80, 0x80, 0x80,
  0x80, 0x7f, 0x7f, 0x7f, 0x7f, 0x7f, 0x80, 0x80, 0x80, 0x80, 0x80, 0x80,
  0x7f, 0x7f, 0x7f, 0x7f, 0x7f, 0x80, 0x80, 0x80, 0x80, 0x80, 0x80, 0x7f,
  0x7f, 0x7f, 0x7f, 0x7f, 0x80, 0x80, 0x80, 0x80, 0x80, 0x80, 0x7f, 0x7f,
  0x7f, 0x7f, 0x7f, 0x7f, 0x80, 0x80, 0x80, 0x80, 0x80, 0x7f, 0x7f, 0x7f,
  0x7f, 0x7f, 0x7f, 0x7f, 0x80, 0x80, 0x80, 0x80, 0x80, 0x7f, 0x7f, 0x7f,
  0x7f, 0x7f, 0x80, 0x80, 0x80, 0x80, 0x80, 0x80, 0x7f, 0x7f, 0x7f, 0x7f,
  0x7f, 0x80, 0x80, 0x80, 0x80, 0x80, 0x7f, 0x7f, 0x7f, 0x7f, 0x7f, 0x80,
  0x80, 0x80, 0x80, 0x80, 0x80, 0x7f, 0x7f, 0x7f, 0x7f, 0x7f, 0x7f, 0x80,
  0x80, 0x80, 0x80, 0x80, 0x7f, 0x7f, 0x7f, 0x7f, 0x80, 0x80, 0x80, 0x80,
  0x80, 0x80, 0x80, 0x80, 0x7f, 0x7f, 0x7f, 0x7f, 0x7f, 0x80, 0x80, 0x80,
  0x80, 0x7f, 0x7f, 0x7f, 0x7f, 0x7f, 0x7f, 0x80, 0x80, 0x80, 0x80, 0x80,
  0x80, 0x7f, 0x7f, 0x7f, 0x7f, 0x7f, 0x80, 0x80, 0x80, 0x80, 0x80, 0x7f,
  0x7f, 0x7f, 0x7f, 0x7f, 0x80, 0x80, 0x80, 0x80, 0x80, 0x80, 0x7f, 0x7f,
  0x7f, 0x7f, 0x7f, 0x80, 0x80, 0x80, 0x80, 0x80, 0x7f, 0x7f, 0x7f, 0x7f,
  0x7f, 0x7f, 0x80, 0x80, 0x80, 0x80, 0x80, 0x80, 0x7f, 0x7f, 0x7f, 0x7f,
  0x7f, 0x80, 0x80, 0x80, 0x80, 0x80, 0x80, 0x7f, 0x7f, 0x7f, 0x7f, 0x7f,
  0x7f, 0x80, 0x80, 0x80, 0x80, 0x80, 0x7f, 0x7f, 0x7f, 0x7f, 0x7f, 0x7f,
  0x80, 0x80, 0x80, 0x80, 0x80, 0x7f, 0x7f, 0x7f, 0x7f, 0x7f, 0x7f, 0x80,
  0x80, 0x80, 0x80, 0x80, 0x7f, 0x7f, 0x7f, 0x7f, 0x7f, 0x7f, 0x80, 0x80,
  0x80, 0x80, 0x80, 0x80, 0x80, 0x7f, 0x7f, 0x7f, 0x7f, 0x7f, 0x7f, 0x80,
  0x80, 0x80, 0x80, 0x80, 0x7f, 0x7f, 0x7f, 0x7f, 0x7f, 0x7f, 0x80, 0x80,
  0x80, 0x80, 0x80, 0x7f, 0x7f, 0x7f, 0x7f, 0x7f, 0x7f, 0x80, 0x80, 0x80,
  0x80, 0x80, 0x7f, 0x7f, 0x7f, 0x7f, 0x7f, 0x7f, 0x80, 0x80, 0x80, 0x80,
  0x80, 0x7f, 0x7f, 0x7f, 0x7f, 0x7f, 0x80, 0x80, 0x80, 0x80, 0x80, 0x80,
  0x80, 0x7f, 0x7f, 0x7f, 0x7f, 0x7f, 0x7f, 0x80, 0x80, 0x80, 0x80, 0x80,
  0x7f, 0x7f, 0x7f, 0x7f, 0x7f, 0x7f, 0x80, 0x80, 0x80, 0x80, 0x80, 0x80,
  0x7f, 0x7f, 0x7f, 0x7f, 0x7f, 0x80, 0x80, 0x80, 0x80, 0x80, 0x7f, 0x7f,
  0x7f, 0x7f, 0x7f, 0x7f, 0x80, 0x80, 0x80, 0x80, 0x80, 0x80, 0x7f, 0x7f,
  0x7f, 0x7f, 0x7f, 0x80, 0x80, 0x80, 0x80, 0x80, 0x7f, 0x7f, 0x7f, 0x7f,
  0x7f, 0x7f, 0x80, 0x80, 0x80, 0x80, 0x80, 0x80, 0x7f, 0x7f, 0x7f, 0x7f,
  0x7f, 0x80, 0x80, 0x80, 0x80, 0x80, 0x80, 0x7f, 0x7f, 0x7f, 0x7f, 0x7f,
  0x7f, 0x80, 0x80, 0x80, 0x80, 0x7f, 0x7f, 0x7f, 0x7f, 0x7f, 0x7f, 0x80,
  0x80, 0x80, 0x80, 0x80, 0x80, 0x7f, 0x7f, 0x7f, 0x7f, 0x80, 0x80, 0x80,
  0x80, 0x80, 0x7f, 0x7f, 0x7f, 0x7f, 0x7f, 0x7f, 0x7f, 0x80, 0x80, 0x80,
  0x80, 0x80, 0x7f, 0x7f, 0x7f, 0x7f, 0x7f, 0x7f, 0x7f, 0x7f, 0x7f, 0x7f,
  0x7f, 0x7f, 0x7f, 0x7f, 0x7f, 0x80, 0x80, 0x80, 0x80, 0x80, 0x80, 0x7f,
  0x7f, 0x80, 0x80, 0x80, 0x80, 0x80, 0x80, 0x80, 0x80, 0x80, 0x80, 0x7f,
  0x7f, 0x7f, 0x7f, 0x80, 0x80, 0x80, 0x80, 0x80, 0x7f, 0x7f, 0x7f, 0x7f,
  0x7f, 0x7f, 0x7f, 0x7f, 0x7f, 0x7f, 0x7f, 0x80, 0x80, 0x80, 0x80, 0x80,
  0x80, 0x80, 0x80, 0x7f, 0x80, 0x80, 0x80, 0x80, 0x80, 0x80, 0x7f, 0x80,
  0x80, 0x80, 0x80, 0x7f, 0x7f, 0x7f, 0x80, 0x80, 0x80, 0x7f, 0x7f, 0x7f,
  0x7f, 0x7f, 0x80, 0x80, 0x80, 0x80, 0x80, 0x7f, 0x7f, 0x7f, 0x7f, 0x7f,
  0x7f, 0x80, 0x80, 0x80, 0x80, 0x80, 0x7f, 0x7f, 0x80, 0x80, 0x80, 0x80,
  0x7f, 0x80, 0x80, 0x80, 0x80, 0x80, 0x7f, 0x7f, 0x7f, 0x7f, 0x80, 0x80,
  0x80, 0x80, 0x80, 0x7f, 0x7f, 0x7f, 0x7f, 0x80, 0x80, 0x80, 0x80, 0x80,
  0x80, 0x7f, 0x7f, 0x7f, 0x7f, 0x7f, 0x80, 0x80, 0x80, 0x80, 0x80, 0x80,
  0x80, 0x80, 0x80, 0x80, 0x80, 0x80, 0x80, 0x80, 0x80, 0x7f, 0x80, 0x7f,
  0x80, 0x80, 0x80, 0x80, 0x80, 0x80, 0x80, 0x7f, 0x7f, 0x7f, 0x7f, 0x7f,
  0x80, 0x7f, 0x80, 0x80, 0x80, 0x80, 0x7f, 0x80, 0x80, 0x80, 0x80, 0x80,
  0x80, 0x80, 0x80, 0x80, 0x80, 0x80, 0x80, 0x7f, 0x80, 0x80, 0x80, 0x80,
  0x80, 0x80, 0x7f, 0x7f, 0x7f, 0x7f, 0x7f, 0x80, 0x80, 0x80, 0x80, 0x80,
  0x7f, 0x7f, 0x7f, 0x7f, 0x80, 0x7f, 0x7f, 0x80, 0x80, 0x80, 0x80, 0x80,
  0x80, 0x80, 0x80, 0x80, 0x80, 0x80, 0x80, 0x80, 0x7f, 0x80, 0x80, 0x7f,
  0x7f, 0x7f, 0x7f, 0x7f, 0x7f, 0x7f, 0x7f, 0x7f, 0x7f, 0x7f, 0x7f, 0x7f,
  0x7f, 0x80, 0x80, 0x80, 0x80, 0x7f, 0x7f, 0x80, 0x80, 0x80, 0x7f, 0x7f,
  0x80, 0x80, 0x80, 0x80, 0x80, 0x80, 0x80, 0x80, 0x80, 0x80, 0x80, 0x80,
  0x7f, 0x7f, 0x7f, 0x7f, 0x7f, 0x7f, 0x80, 0x80, 0x7f, 0x7f, 0x7f, 0x7f,
  0x7f, 0x7f, 0x7f, 0x7f, 0x7f, 0x80, 0x80, 0x80, 0x7f, 0x7f, 0x7f, 0x7f,
  0x80, 0x7f, 0x7f, 0x80, 0x80, 0x80, 0x80, 0x80, 0x80, 0x80, 0x80, 0x80,
  0x80, 0x80, 0x7f, 0x80, 0x7f, 0x7f, 0x7f, 0x7f, 0x7f, 0x80, 0x7f, 0x7f,
  0x7f, 0x7f, 0x7f, 0x7f, 0x7f, 0x7f, 0x7f, 0x80, 0x7f, 0x80, 0x7f, 0x7f,
  0x7f, 0x7f, 0x7f, 0x80, 0x80, 0x80, 0x80, 0x80, 0x80, 0x80, 0x80, 0x80,
  0x80, 0x80, 0x80, 0x80, 0x80, 0x80, 0x7f, 0x7f, 0x7f, 0x7f, 0x7f, 0x7f,
  0x7f, 0x7f, 0x7f, 0x7f, 0x7f, 0x7f, 0x7f, 0x7f, 0x80, 0x7f, 0x80, 0x80,
  0x80, 0x80, 0x80, 0x80, 0x7f, 0x7f, 0x80, 0x80, 0x80, 0x80, 0x80, 0x80,
  0x80, 0x80, 0x80, 0x80, 0x80, 0x80, 0x80, 0x80, 0x80, 0x80, 0x80, 0x80,
  0x7f, 0x80, 0x7f, 0x7f, 0x7f, 0x7f, 0x7f, 0x80, 0x7f, 0x7f, 0x7f, 0x7f,
  0x7f, 0x7f, 0x7f, 0x80, 0x7f, 0x80, 0x80, 0x7f, 0x7f, 0x7f, 0x7f, 0x80,
  0x80, 0x80, 0x7f, 0x7f, 0x80, 0x80, 0x80, 0x80, 0x80, 0x80, 0x80, 0x80,
  0x80, 0x80, 0x80, 0x80, 0x80, 0x80, 0x7f, 0x7f, 0x7f, 0x7f, 0x7f, 0x7f,
  0x7f, 0x80, 0x80, 0x7f, 0x7f, 0x7f, 0x7f, 0x7f, 0x7f, 0x7f, 0x7f, 0x7f,
  0x7f, 0x7f, 0x7f, 0x80, 0x80, 0x80, 0x7f, 0x7f, 0x7f, 0x7f, 0x7f, 0x80,
  0x80, 0x80, 0x80, 0x80, 0x80, 0x80, 0x80, 0x80, 0x80, 0x80, 0x7f, 0x7f,
  0x7f, 0x7f, 0x7f, 0x80, 0x80, 0x80, 0x80, 0x80, 0x7f, 0x7f, 0x7f, 0x7f,
  0x7f, 0x7f, 0x7f, 0x7f, 0x7f, 0x7f, 0x7f, 0x80, 0x80, 0x80, 0x7f, 0x7f,
  0x7f, 0x7f, 0x7f, 0x80, 0x80, 0x80, 0x80, 0x80, 0x80, 0x80, 0x80, 0x80,
  0x80, 0x80, 0x80, 0x80, 0x7f, 0x80, 0x7f, 0x80, 0x80, 0x80, 0x80, 0x80,
  0x7f, 0x7f, 0x7f, 0x7f, 0x7f, 0x80, 0x80, 0x7f, 0x7f, 0x7f, 0x7f, 0x80,
  0x80, 0x80, 0x7f, 0x7f, 0x7f, 0x7f, 0x7f, 0x7f, 0x7f, 0x80, 0x80, 0x80,
  0x80, 0x80, 0x80, 0x80, 0x80, 0x80, 0x80, 0x80, 0x7f, 0x80, 0x7f, 0x80,
  0x80, 0x80, 0x80, 0x7f, 0x7f, 0x7f, 0x7f, 0x7f, 0x7f, 0x80, 0x80, 0x7f,
  0x80, 0x7f, 0x80, 0x80, 0x80, 0x80, 0x80, 0x80, 0x7f, 0x7f, 0x7f, 0x80,
  0x80, 0x80, 0x80, 0x80, 0x80, 0x80, 0x80, 0x80, 0x80, 0x80, 0x7f, 0x7f,
  0x7f, 0x7f, 0x7f, 0x7f, 0x7f, 0x80, 0x80, 0x80, 0x80, 0x80, 0x7f, 0x7f,
  0x7f, 0x7f, 0x80, 0x80, 0x7f, 0x80, 0x80, 0x80, 0x80, 0x80, 0x80, 0x80,
  0x7f, 0x7f, 0x7f, 0x80, 0x80, 0x7f, 0x7f, 0x80, 0x80, 0x80, 0x80, 0x80,
  0x80, 0x80, 0x7f, 0x7f, 0x7f, 0x7f, 0x7f, 0x80, 0x7f, 0x7f, 0x7f, 0x80,
  0x80, 0x80, 0x80, 0x80, 0x80, 0x7f, 0x7f, 0x7f, 0x7f, 0x7f, 0x7f, 0x7f,
  0x7f, 0x80, 0x80, 0x80, 0x80, 0x80, 0x80, 0x80, 0x80, 0x80, 0x80, 0x80,
  0x80, 0x80, 0x7f, 0x7f, 0x7f, 0x7f, 0x80, 0x80, 0x7f, 0x7f, 0x80, 0x7f,
  0x7f, 0x7f, 0x80, 0x80, 0x80, 0x80, 0x80, 0x80, 0x7f, 0x7f, 0x7f, 0x7f,
  0x7f, 0x7f, 0x80, 0x7f, 0x80, 0x80, 0x80, 0x80, 0x80, 0x80, 0x80, 0x80,
  0x80, 0x80, 0x80, 0x80, 0x80, 0x80, 0x7f, 0x7f, 0x7f, 0x7f, 0x7f, 0x7f,
  0x80, 0x80, 0x80, 0x7f, 0x7f, 0x7f, 0x7f, 0x7f, 0x7f, 0x7f, 0x7f, 0x80,
  0x80, 0x80, 0x80, 0x7f, 0x7f, 0x7f, 0x7f, 0x7f, 0x80, 0x80, 0x80, 0x80,
  0x80, 0x80, 0x80, 0x80, 0x80, 0x7f, 0x80, 0x7f, 0x7f, 0x7f, 0x7f, 0x80,
  0x7f, 0x80, 0x80, 0x80, 0x80, 0x80, 0x80, 0x7f, 0x7f, 0x7f, 0x7f, 0x7f,
  0x80, 0x80, 0x7f, 0x80, 0x80, 0x80, 0x80, 0x7f, 0x7f, 0x80, 0x80, 0x80,
  0x7f, 0x7f, 0x7f, 0x7f, 0x7f, 0x7f, 0x80, 0x80, 0x80, 0x7f, 0x7f, 0x7f,
  0x80, 0x7f, 0x7f, 0x7f, 0x7f, 0x80, 0x80, 0x80, 0x7f, 0x7f, 0x80, 0x7f,
  0x7f, 0x7f, 0x7f, 0x80, 0x7f, 0x7f, 0x7f, 0x7f, 0x7f, 0x80, 0x80, 0x7f,
  0x7f, 0x7f, 0x7f, 0x80, 0x7f, 0x7f, 0x7f, 0x7f, 0x80, 0x80, 0x80, 0x7f,
  0x7f, 0x80, 0x80, 0x80, 0x80, 0x80, 0x80, 0x80
};
const unsigned int ALARM_SOUND_LEN = 8000;

// ---- ANGRY (8000 bytes, 1.0s @ 8000Hz)
const uint8_t ANGRY_SOUND[] PROGMEM = {
  0x77, 0x8f, 0x8e, 0x79, 0x78, 0x66, 0x8a, 0xaf, 0x69, 0x74, 0x81, 0x99,
  0x84, 0x65, 0x86, 0x6f, 0x93, 0x9e, 0x61, 0x80, 0x83, 0x8d, 0x7d, 0x66,
  0x8c, 0x6a, 0x9a, 0x97, 0x5b, 0x81, 0x7c, 0x9a, 0x6a, 0x70, 0x8f, 0x6c,
  0xa8, 0x7f, 0x6d, 0x81, 0x7a, 0x95, 0x6d, 0x7d, 0x75, 0x71, 0xbb, 0x6a,
  0x69, 0x7f, 0x89, 0x9d, 0x5b, 0x81, 0x73, 0x88, 0xb4, 0x51, 0x73, 0x8a,
  0x8b, 0x8a, 0x63, 0x84, 0x74, 0x95, 0xa2, 0x53, 0x75, 0x8d, 0x95, 0x6b,
  0x72, 0x91, 0x6b, 0x9a, 0x89, 0x5f, 0x85, 0x84, 0x8f, 0x6c, 0x7d, 0x8b,
  0x67, 0xa6, 0x7e, 0x68, 0x7d, 0x89, 0x9a, 0x60, 0x8a, 0x78, 0x7d, 0xa2,
  0x6c, 0x70, 0x7a, 0x94, 0x91, 0x69, 0x7c, 0x70, 0x94, 0x9e, 0x5d, 0x6f,
  0x81, 0xa7, 0x76, 0x65, 0x88, 0x72, 0xab, 0x79, 0x5f, 0x87, 0x7e, 0xa0,
  0x68, 0x77, 0x86, 0x68, 0xa7, 0x7d, 0x6b, 0x72, 0x86, 0xaa, 0x5e, 0x83,
  0x76, 0x7b, 0xab, 0x62, 0x7e, 0x6f, 0x89, 0xa3, 0x5f, 0x82, 0x6a, 0x86,
  0xaa, 0x6c, 0x6d, 0x68, 0xa9, 0x92, 0x5a, 0x7d, 0x73, 0x9e, 0x8b, 0x77,
  0x71, 0x60, 0xb4, 0x8a, 0x63, 0x68, 0x7c, 0xab, 0x81, 0x71, 0x64, 0x7e,
  0xb0, 0x7c, 0x67, 0x65, 0x93, 0x9f, 0x74, 0x82, 0x56, 0x94, 0xab, 0x62,
  0x74, 0x6d, 0x96, 0x92, 0x74, 0x7c, 0x68, 0x91, 0x8e, 0x7c, 0x71, 0x6e,
  0x9c, 0x80, 0x90, 0x6c, 0x5b, 0xae, 0x7e, 0x77, 0x76, 0x6c, 0x9f, 0x8c,
  0x8f, 0x54, 0x66, 0xb8, 0x89, 0x67, 0x59, 0x93, 0xa6, 0x70, 0x85, 0x58,
  0x82, 0xb0, 0x71, 0x6a, 0x6e, 0x96, 0x99, 0x77, 0x7a, 0x5f, 0x8e, 0xa6,
  0x70, 0x64, 0x7a, 0x9f, 0x82, 0x75, 0x88, 0x5f, 0x8c, 0xa1, 0x6f, 0x6f,
  0x7d, 0x95, 0x8a, 0x70, 0x80, 0x66, 0x8c, 0x9f, 0x68, 0x73, 0x81, 0x92,
  0x87, 0x77, 0x76, 0x60, 0xa3, 0x9f, 0x5b, 0x6b, 0x92, 0x9d, 0x7f, 0x62,
  0x76, 0x89, 0x91, 0x8b, 0x6d, 0x6f, 0x91, 0x91, 0x82, 0x70, 0x58, 0x9c,
  0xaa, 0x67, 0x6b, 0x88, 0x94, 0x77, 0x7c, 0x79, 0x73, 0x89, 0x88, 0x83,
  0x82, 0x78, 0x75, 0x8c, 0x99, 0x69, 0x5d, 0x9c, 0x9b, 0x72, 0x77, 0x8d,
  0x68, 0x85, 0xaa, 0x5b, 0x65, 0x93, 0xa9, 0x7e, 0x51, 0x85, 0x91, 0x83,
  0x7f, 0x63, 0x83, 0x9f, 0x7f, 0x7b, 0x73, 0x7f, 0x72, 0x98, 0x8d, 0x54,
  0x7a, 0xa7, 0x94, 0x68, 0x62, 0x8b, 0x8e, 0x7f, 0x8b, 0x68, 0x6d, 0xae,
  0x93, 0x65, 0x64, 0x79, 0xa4, 0x8e, 0x60, 0x74, 0x85, 0x9d, 0x93, 0x50,
  0x6c, 0x8f, 0x97, 0x87, 0x65, 0x76, 0x9e, 0x8f, 0x6d, 0x71, 0x75, 0x83,
  0x96, 0x7e, 0x72, 0x7a, 0x89, 0x9e, 0x6c, 0x55, 0x90, 0x8d, 0x8c, 0x83,
  0x60, 0x83, 0xa1, 0x7a, 0x6b, 0x64, 0x86, 0xaa, 0x76, 0x6f, 0x83, 0x7d,
  0x9e, 0x75, 0x52, 0x8e, 0x96, 0x80, 0x7b, 0x76, 0x94, 0x81, 0x64, 0x8c,
  0x7e, 0x6f, 0x89, 0x92, 0x7a, 0x7c, 0x7e, 0x7f, 0x77, 0x72, 0x98, 0x81,
  0x5d, 0xa2, 0x9d, 0x59, 0x7a, 0x86, 0x7d, 0x78, 0x77, 0x97, 0x85, 0x6f,
  0x91, 0x7d, 0x60, 0x99, 0x7b, 0x69, 0x84, 0x8d, 0x9f, 0x70, 0x55, 0x9a,
  0x93, 0x62, 0x79, 0x7f, 0x9a, 0x89, 0x70, 0x7c, 0x84, 0x80, 0x7d, 0x6f,
  0x70, 0xac, 0x7e, 0x69, 0x83, 0x88, 0x82, 0x79, 0x65, 0x83, 0x9a, 0x8b,
  0x78, 0x5c, 0x90, 0xa5, 0x6a, 0x57, 0x88, 0x96, 0x94, 0x73, 0x63, 0x9d,
  0x81, 0x70, 0x73, 0x7d, 0x93, 0x7d, 0x75, 0x86, 0x89, 0x80, 0x79, 0x61,
  0x8b, 0x8f, 0x8b, 0x68, 0x70, 0xa3, 0x8f, 0x5d, 0x67, 0x95, 0x95, 0x76,
  0x61, 0x9a, 0x9c, 0x6a, 0x6f, 0x7f, 0x86, 0x89, 0x79, 0x71, 0x8f, 0x88,
  0x88, 0x70, 0x5a, 0x94, 0x9d, 0x6e, 0x64, 0x8b, 0x92, 0xa6, 0x5a, 0x5f,
  0x91, 0x88, 0x8f, 0x75, 0x5c, 0x9d, 0xa2, 0x6a, 0x7c, 0x68, 0x83, 0x9d,
  0x67, 0x7f, 0x88, 0x84, 0x94, 0x75, 0x55, 0xa1, 0x83, 0x6c, 0x84, 0x80,
  0x8a, 0x92, 0x73, 0x76, 0x7a, 0x6f, 0xab, 0x75, 0x56, 0x9c, 0x98, 0x7f,
  0x6d, 0x6c, 0x8f, 0x91, 0x5d, 0x95, 0x83, 0x71, 0x9d, 0x7e, 0x6a, 0x79,
  0x82, 0x8e, 0x7e, 0x5a, 0xa9, 0x89, 0x6a, 0x81, 0x76, 0x83, 0x88, 0x71,
  0x80, 0x86, 0x7a, 0xa2, 0x6f, 0x5d, 0x8d, 0x8f, 0x83, 0x79, 0x74, 0x83,
  0x9a, 0x7f, 0x73, 0x63, 0x7f, 0xb0, 0x7a, 0x4e, 0xa1, 0x98, 0x78, 0x72,
  0x5f, 0xa3, 0x8e, 0x60, 0x83, 0x86, 0x92, 0x91, 0x5d, 0x6c, 0x92, 0x91,
  0x8c, 0x69, 0x5b, 0xaa, 0xa3, 0x6e, 0x5a, 0x6c, 0x9c, 0xa0, 0x66, 0x72,
  0x88, 0x8d, 0x8d, 0x7e, 0x62, 0x70, 0x97, 0x8f, 0x7b, 0x62, 0x99, 0x9b,
  0x69, 0x70, 0x87, 0x80, 0x7f, 0x7d, 0x75, 0x94, 0x98, 0x63, 0x6a, 0x87,
  0x96, 0x85, 0x66, 0x7b, 0x88, 0x8e, 0xab, 0x53, 0x56, 0xa0, 0x96, 0x75,
  0x7c, 0x77, 0x77, 0x93, 0x88, 0x87, 0x62, 0x63, 0xa9, 0x90, 0x70, 0x7e,
  0x68, 0x96, 0x87, 0x7b, 0x7e, 0x60, 0x94, 0x9a, 0x6e, 0x6e, 0x96, 0x89,
  0x4a, 0x9b, 0xa0, 0x65, 0x7a, 0x82, 0x7e, 0x9b, 0x85, 0x53, 0x5d, 0xbf,
  0xa7, 0x43, 0x6a, 0x9d, 0x8f, 0x8d, 0x78, 0x33, 0xa2, 0xc4, 0x6c, 0x64,
  0x78, 0x9e, 0x8c, 0x73, 0x75, 0x65, 0x98, 0x9e, 0x6e, 0x6d, 0x89, 0x8d,
  0x82, 0x82, 0x40, 0x8d, 0xc9, 0x50, 0x77, 0x81, 0x8f, 0x8f, 0x6b, 0x85,
  0x4e, 0xa4, 0xaf, 0x4a, 0x79, 0x92, 0x91, 0x71, 0x75, 0x81, 0x69, 0xa9,
  0x70, 0x6d, 0x92, 0x7b, 0x93, 0x5f, 0x81, 0x87, 0x7b, 0xa0, 0x58, 0x81,
  0x9b, 0x72, 0x88, 0x64, 0x96, 0x89, 0x66, 0x93, 0x78, 0x90, 0x6b, 0x79,
  0x99, 0x67, 0x8e, 0x87, 0x86, 0x7f, 0x64, 0x8e, 0x86, 0x82, 0x60, 0x7f,
  0xb5, 0x68, 0x71, 0x81, 0x8a, 0x85, 0x70, 0x7a, 0x69, 0x9f, 0xaa, 0x52,
  0x77, 0x89, 0x8e, 0x7d, 0x68, 0x87, 0x71, 0xa8, 0x81, 0x5c, 0x8d, 0x82,
  0x82, 0x75, 0x7e, 0x7b, 0x6c, 0xc1, 0x72, 0x52, 0x9b, 0x8c, 0x74, 0x60,
  0x90, 0x8f, 0x7e, 0x9b, 0x50, 0x83, 0xa2, 0x79, 0x6b, 0x6a, 0x8f, 0x99,
  0x85, 0x65, 0x6f, 0xa8, 0x84, 0x65, 0x6d, 0x78, 0xb0, 0x84, 0x73, 0x62,
  0x7a, 0xb4, 0x75, 0x63, 0x74, 0x88, 0xaa, 0x81, 0x43, 0x95, 0x8f, 0x7c,
  0x87, 0x6a, 0x78, 0x8f, 0x93, 0x7c, 0x70, 0x71, 0x7f, 0x8f, 0x82, 0x7c,
  0x71, 0x93, 0x98, 0x62, 0x5c, 0xa1, 0x93, 0x6d, 0x71, 0x84, 0x91, 0x95,
  0x80, 0x57, 0x76, 0x92, 0x92, 0x5f, 0x87, 0x93, 0x78, 0x91, 0x6f, 0x65,
  0x8f, 0x75, 0x92, 0x7c, 0x72, 0xa4, 0x6e, 0x88, 0x79, 0x6e, 0x87, 0x73,
  0x89, 0x86, 0x8f, 0x80, 0x73, 0x8b, 0x7c, 0x5d, 0x89, 0x93, 0x77, 0x82,
  0x97, 0x7d, 0x5f, 0x8e, 0x8d, 0x6d, 0x67, 0x8e, 0x90, 0x84, 0x83, 0x7f,
  0x77, 0x65, 0x8d, 0x7f, 0x7e, 0x7b, 0x89, 0x93, 0x77, 0x75, 0x81, 0x78,
  0x85, 0x68, 0x95, 0x9f, 0x67, 0x73, 0x8e, 0x8a, 0x80, 0x4f, 0x7b, 0xbd,
  0x72, 0x6f, 0x82, 0x85, 0x82, 0x71, 0x75, 0x80, 0x8c, 0x8f, 0x77, 0x78,
  0x86, 0x89, 0x70, 0x64, 0x89, 0x95, 0x8a, 0x75, 0x7b, 0x92, 0x87, 0x65,
  0x86, 0x5a, 0x8b, 0xbe, 0x78, 0x5f, 0x78, 0xa3, 0x8a, 0x4f, 0x6a, 0xa4,
  0x70, 0x93, 0x8d, 0x72, 0x7e, 0x7a, 0x86, 0x6a, 0x63, 0xaa, 0x98, 0x6c,
  0x74, 0x93, 0x96, 0x66, 0x48, 0xa4, 0x90, 0x7d, 0x82, 0x79, 0x87, 0xa1,
  0x63, 0x59, 0x7e, 0x97, 0x97, 0x6f, 0x6f, 0x94, 0x97, 0x6a, 0x74, 0x65,
  0x80, 0xae, 0x7a, 0x68, 0x7e, 0x96, 0x99, 0x59, 0x45, 0xc1, 0x8e, 0x61,
  0x75, 0x94, 0xaa, 0x71, 0x49, 0x83, 0x9c, 0x96, 0x6e, 0x5d, 0x9c, 0x9b,
  0x74, 0x67, 0x6f, 0x93, 0x7c, 0x89, 0x8a, 0x63, 0x8e, 0x9e, 0x6b, 0x66,
  0x66, 0xab, 0x9e, 0x4e, 0x8d, 0x94, 0x7c, 0x75, 0x86, 0x67, 0x7e, 0x94,
  0x8d, 0x6b, 0x7a, 0x99, 0x8e, 0x59, 0x5b, 0xa6, 0x98, 0x6a, 0x73, 0x82,
  0x9c, 0x88, 0x60, 0x6b, 0x82, 0x8c, 0x96, 0x6c, 0x7d, 0x8b, 0x81, 0x91,
  0x70, 0x63, 0x86, 0x91, 0x8f, 0x62, 0x8b, 0x9f, 0x73, 0x64, 0x77, 0xa3,
  0x7e, 0x4c, 0xa2, 0xa9, 0x55, 0x76, 0x92, 0x7a, 0x82, 0x5d, 0x89, 0xa9,
  0x6b, 0x72, 0x9e, 0x68, 0x88, 0x7e, 0x53, 0xaa, 0x90, 0x5c, 0x8e, 0x8a,
  0x7d, 0x8f, 0x63, 0x75, 0x97, 0x71, 0x97, 0x91, 0x51, 0x91, 0x99, 0x6a,
  0x75, 0x7e, 0x6e, 0xae, 0x7b, 0x67, 0x8b, 0x74, 0x92, 0x79, 0x48, 0xa7,
  0x9f, 0x77, 0x73, 0x7e, 0x88, 0x93, 0x58, 0x7d, 0x80, 0x88, 0x9c, 0x81,
  0x57, 0x97, 0x81, 0x79, 0x64, 0x65, 0xc6, 0x92, 0x42, 0x85, 0x9f, 0x8e,
  0x6b, 0x32, 0x9b, 0xd1, 0x5f, 0x67, 0x8a, 0x9a, 0x85, 0x59, 0x59, 0xc6,
  0x65, 0x72, 0x9f, 0x81, 0x8a, 0x69, 0x66, 0xa0, 0x7c, 0x59, 0x9c, 0x99,
  0x7b, 0x83, 0x61, 0x87, 0x79, 0x7d, 0x72, 0xa4, 0x5f, 0x9e, 0x84, 0x62,
  0x7e, 0x8b, 0x6f, 0x6d, 0x90, 0x91, 0xaa, 0x44, 0x66, 0xa8, 0x99, 0x4a,
  0x85, 0x7e, 0xa0, 0x9e, 0x5c, 0x6f, 0x7b, 0x88, 0x90, 0x6c, 0x64, 0xb6,
  0x97, 0x5d, 0x69, 0x81, 0x9a, 0x71, 0x69, 0x8a, 0xa1, 0x81, 0x7f, 0x64,
  0x82, 0x91, 0x63, 0x8d, 0x7f, 0x92, 0x8d, 0x73, 0x73, 0x77, 0x7d, 0x8c,
  0x85, 0x48, 0xb9, 0x82, 0x8e, 0x5a, 0x70, 0x85, 0x9c, 0x58, 0x88, 0x92,
  0x79, 0x98, 0x58, 0x91, 0x8f, 0x69, 0x66, 0xac, 0x8a, 0x7a, 0x68, 0x79,
  0xb4, 0x5f, 0x68, 0x7f, 0xa0, 0x92, 0x6e, 0x5d, 0xa3, 0x86, 0x71, 0x75,
  0x6f, 0xae, 0x8e, 0x4a, 0x83, 0x9a, 0x88, 0x60, 0x64, 0x8d, 0xc9, 0x5d,
  0x5a, 0x7c, 0x96, 0xa3, 0x65, 0x48, 0x97, 0xbf, 0x72, 0x63, 0x68, 0xa5,
  0x8f, 0x58, 0x70, 0xac, 0x8d, 0x61, 0x84, 0x74, 0xa0, 0x66, 0x7d, 0x7d,
  0x86, 0x8e, 0x74, 0x80, 0x79, 0x81, 0x73, 0x94, 0x74, 0x8e, 0x67, 0xa2,
  0x72, 0x6f, 0x8d, 0x76, 0x8a, 0x82, 0x7a, 0x86, 0x88, 0x66, 0xa4, 0x64,
  0x6c, 0xa5, 0x7a, 0x96, 0x67, 0x77, 0x85, 0x97, 0x4f, 0x90, 0x7e, 0x8b,
  0x93, 0x6c, 0x7c, 0x81, 0x7d, 0x77, 0x8f, 0x52, 0xa5, 0xa8, 0x69, 0x77,
  0x5f, 0xa2, 0x93, 0x63, 0x59, 0xbe, 0x88, 0x8a, 0x5e, 0x69, 0xb4, 0x68,
  0x6f, 0x72, 0x93, 0xab, 0x77, 0x44, 0x93, 0x95, 0x7c, 0x82, 0x3c, 0xb7,
  0xa7, 0x66, 0x6c, 0x7c, 0x7b, 0xa0, 0x67, 0x5e, 0xba, 0x79, 0x73, 0x7f,
  0x75, 0x74, 0x9c, 0x5b, 0x95, 0x84, 0x75, 0x97, 0x7a, 0x63, 0x78, 0x96,
  0x6c, 0x9c, 0x60, 0x8f, 0x9e, 0x67, 0x68, 0x85, 0x83, 0x72, 0xb6, 0x45,
  0xa4, 0x8e, 0x68, 0x90, 0x6a, 0x63, 0x91, 0xa6, 0x6a, 0x9b, 0x5b, 0xa0,
  0x84, 0x56, 0x93, 0x67, 0x9e, 0x8b, 0x75, 0x70, 0xb9, 0x4d, 0x81, 0x7d,
  0x6b, 0x9f, 0x8d, 0x69, 0x83, 0xa4, 0x3a, 0xcb, 0x4f, 0x7b, 0x8e, 0x88,
  0x84, 0x87, 0x5f, 0x94, 0x96, 0x4c, 0x8b, 0x83, 0x9b, 0x71, 0x74, 0x56,
  0xca, 0x5c, 0x7b, 0x83, 0x69, 0xb5, 0x57, 0x9e, 0x57, 0x92, 0x56, 0xae,
  0x78, 0x73, 0x8c, 0x68, 0xc5, 0x3d, 0x80, 0x8f, 0x8b, 0x6f, 0x83, 0x84,
  0x8d, 0xa7, 0x2a, 0xa9, 0x77, 0x95, 0x6b, 0x8d, 0x76, 0x8d, 0xad, 0x26,
  0xb8, 0x49, 0xba, 0x60, 0x7e, 0x89, 0x7b, 0xa9, 0x5b, 0x7d, 0x6b, 0xb0,
  0x44, 0xbf, 0x49, 0x99, 0x89, 0x6c, 0x97, 0x6e, 0x8b, 0x5f, 0xad, 0x66,
  0x78, 0xa5, 0x56, 0x89, 0x9b, 0x57, 0xb1, 0x61, 0x85, 0x7d, 0x7d, 0x87,
  0x6d, 0xa2, 0x60, 0x83, 0x8b, 0x82, 0x82, 0x51, 0x83, 0xbc, 0x55, 0x96,
  0x69, 0x93, 0xa3, 0x47, 0x87, 0x61, 0xb5, 0x63, 0x68, 0xb5, 0x5a, 0x97,
  0x8e, 0x5f, 0x7f, 0x57, 0xc4, 0x67, 0x61, 0xaf, 0x4f, 0xc5, 0x66, 0x41,
  0xb6, 0x6a, 0x95, 0x59, 0x82, 0xc9, 0x35, 0x9e, 0x76, 0x75, 0x8f, 0x6f,
  0x83, 0x82, 0x7f, 0xa4, 0x45, 0xc4, 0x4f, 0x6b, 0xc9, 0x30, 0xb0, 0x66,
  0x7c, 0x9d, 0x5a, 0x98, 0x79, 0x5f, 0xb3, 0x5e, 0x8d, 0x61, 0x76, 0xc4,
  0x4b, 0x96, 0x5e, 0x94, 0xae, 0x3e, 0x95, 0x6e, 0x95, 0x84, 0x64, 0xae,
  0x71, 0x7c, 0x7d, 0x69, 0xb5, 0x67, 0x37, 0xd3, 0x75, 0x7d, 0x8f, 0x51,
  0x98, 0x7d, 0x75, 0x8c, 0x54, 0x9f, 0x8a, 0x80, 0x9f, 0x4a, 0x84, 0x9f,
  0x5c, 0xbe, 0x28, 0x86, 0xc9, 0x70, 0x7f, 0x67, 0x81, 0xa1, 0x64, 0x9a,
  0x78, 0x4d, 0xc4, 0x66, 0x97, 0x68, 0x67, 0xa0, 0x70, 0x87, 0xa0, 0x1c,
  0xc2, 0x95, 0x61, 0x8c, 0x64, 0x95, 0x7f, 0x63, 0xb1, 0x48, 0x7e, 0xab,
  0x67, 0x95, 0x7b, 0x67, 0x9e, 0x5e, 0x90, 0x98, 0x30, 0xb0, 0x95, 0x81,
  0x85, 0x60, 0x81, 0x92, 0x63, 0xb1, 0x33, 0x94, 0xb0, 0x72, 0x92, 0x56,
  0x8c, 0xa6, 0x43, 0xa4, 0x87, 0x58, 0xaf, 0x71, 0x8a, 0x90, 0x4d, 0x95,
  0x70, 0x8e, 0xa0, 0x3f, 0x8c, 0xb5, 0x72, 0x7b, 0x66, 0x98, 0x8c, 0x53,
  0xad, 0x71, 0x7a, 0x79, 0x9c, 0x81, 0x75, 0x6d, 0x8f, 0x6d, 0x9c, 0x7d,
  0x4f, 0xa3, 0x7a, 0x94, 0x7a, 0x75, 0x80, 0x87, 0x64, 0xb4, 0x50, 0x6c,
  0xb2, 0x79, 0x8b, 0x71, 0x6c, 0x98, 0x67, 0x79, 0x9d, 0x51, 0x8d, 0xa7,
  0x57, 0xa4, 0x62, 0x72, 0x91, 0x5f, 0xa6, 0x79, 0x66, 0x9a, 0x9c, 0x63,
  0x9b, 0x56, 0x88, 0x7a, 0xa9, 0x6f, 0x5b, 0x9d, 0x99, 0x77, 0x71, 0x75,
  0x9b, 0x64, 0x71, 0xbd, 0x43, 0x94, 0x7d, 0x89, 0x91, 0x66, 0x83, 0x7c,
  0x6b, 0xbd, 0x6a, 0x44, 0xba, 0x85, 0x7f, 0x89, 0x54, 0xb6, 0x61, 0x78,
  0x9d, 0x5e, 0x8b, 0x94, 0x73, 0x8a, 0x80, 0x6a, 0x7d, 0x62, 0xbd, 0x5b,
  0x6d, 0x98, 0x94, 0x81, 0x70, 0x70, 0x98, 0x4f, 0x98, 0x9d, 0x50, 0x9c,
  0x7d, 0xa3, 0x75, 0x5d, 0x91, 0x86, 0x68, 0xb2, 0x66, 0x76, 0xad, 0x67,
  0x8c, 0x84, 0x5c, 0xa8, 0x56, 0x8d, 0xa5, 0x46, 0x8d, 0x99, 0x68, 0x8a,
  0x72, 0x74, 0x8f, 0x5b, 0xb7, 0x6c, 0x57, 0xa0, 0x9d, 0x6c, 0x7a, 0x6c,
  0xa2, 0x5d, 0x7d, 0x9a, 0x5b, 0x97, 0x7c, 0x8f, 0x81, 0x6f, 0x82, 0x6b,
  0x76, 0xb8, 0x4b, 0x77, 0xa5, 0x81, 0x94, 0x62, 0x74, 0x9e, 0x54, 0x9f,
  0x8a, 0x57, 0xa7, 0x86, 0x7a, 0x80, 0x6d, 0x88, 0x77, 0x68, 0xbe, 0x5c,
  0x74, 0x8f, 0x90, 0x75, 0x79, 0x6d, 0x8e, 0x68, 0x98, 0x88, 0x5a, 0x92,
  0x81, 0x8e, 0x6d, 0x70, 0x8a, 0x70, 0x7d, 0xa4, 0x56, 0x80, 0x98, 0x7c,
  0x8c, 0x70, 0x7e, 0x88, 0x52, 0xb5, 0x79, 0x5c, 0x95, 0x8a, 0x91, 0x7e,
  0x5a, 0x99, 0x76, 0x68, 0xba, 0x50, 0x82, 0x9a, 0x87, 0x80, 0x71, 0x6d,
  0x94, 0x5c, 0x9e, 0x84, 0x68, 0xa2, 0x7a, 0x93, 0x6c, 0x7c, 0x8a, 0x59,
  0x8f, 0xb2, 0x53, 0x78, 0x9a, 0x89, 0x85, 0x53, 0x8e, 0x8a, 0x5c, 0xab,
  0x6e, 0x73, 0x98, 0x7a, 0x8b, 0x79, 0x68, 0xa8, 0x4b, 0x92, 0xa7, 0x50,
  0x85, 0x92, 0x88, 0x7a, 0x7d, 0x76, 0x8c, 0x58, 0xb1, 0x6c, 0x71, 0x95,
  0x8b, 0x8d, 0x65, 0x7d, 0x91, 0x59, 0x87, 0xa7, 0x51, 0x91, 0x92, 0x84,
  0x82, 0x6e, 0x7c, 0x7f, 0x5f, 0xae, 0x73, 0x71, 0x8f, 0x8b, 0x85, 0x76,
  0x67, 0x9a, 0x57, 0x94, 0xa5, 0x4c, 0x8f, 0x93, 0x81, 0x6f, 0x81, 0x6b,
  0x95, 0x56, 0xa2, 0x81, 0x69, 0x88, 0x85, 0x8a, 0x6b, 0x7b, 0x8d, 0x60,
  0x91, 0xa1, 0x5a, 0x7e, 0x99, 0x85, 0x7a, 0x75, 0x7b, 0x8a, 0x67, 0x9b,
  0x82, 0x6f, 0x94, 0x8c, 0x7c, 0x7f, 0x70, 0x98, 0x4b, 0x9a, 0xa5, 0x51,
  0x8e, 0x8a, 0x89, 0x77, 0x78, 0x69, 0x95, 0x62, 0x9b, 0x7f, 0x78, 0x8c,
  0x80, 0x8a, 0x74, 0x7f, 0x78, 0x6f, 0x94, 0x93, 0x6a, 0x81, 0x8d, 0x83,
  0x80, 0x71, 0x7f, 0x7f, 0x72, 0x99, 0x88, 0x73, 0x70, 0x9b, 0x90, 0x60,
  0x7b, 0x91, 0x5a, 0xa1, 0x91, 0x61, 0x87, 0x85, 0x9a, 0x71, 0x78, 0x79,
  0x87, 0x67, 0xa9, 0x7a, 0x5e, 0x95, 0x90, 0x80, 0x72, 0x7a, 0x7d, 0x72,
  0x9c, 0x8f, 0x58, 0x83, 0xa6, 0x77, 0x7b, 0x6a, 0x83, 0x80, 0x6f, 0xab,
  0x61, 0x7a, 0x92, 0x87, 0x85, 0x67, 0x79, 0x91, 0x54, 0xc4, 0x69, 0x5b,
  0xa6, 0x7f, 0x85, 0x75, 0x65, 0x98, 0x5b, 0x99, 0xa0, 0x3d, 0xa8, 0x83,
  0x8c, 0x7b, 0x5e, 0xa5, 0x50, 0x94, 0xad, 0x44, 0x8d, 0x8f, 0x8d, 0x7c,
  0x6c, 0x87, 0x74, 0x71, 0xc2, 0x50, 0x76, 0x9c, 0x82, 0x91, 0x64, 0x78,
  0x85, 0x6a, 0xac, 0x78, 0x4c, 0xa7, 0x91, 0x7c, 0x78, 0x66, 0x90, 0x6c,
  0x9c, 0x95, 0x3d, 0xaa, 0x8c, 0x7f, 0x7d, 0x60, 0x91, 0x63, 0xab, 0x93,
  0x32, 0xaf, 0x94, 0x7d, 0x7e, 0x65, 0x99, 0x5b, 0xa2, 0x9c, 0x2f, 0xa9,
  0x8d, 0x7b, 0x82, 0x68, 0x81, 0x69, 0xa1, 0x9d, 0x24, 0xa6, 0xa1, 0x70,
  0x80, 0x5d, 0xa6, 0x59, 0x8a, 0xb8, 0x2c, 0x9b, 0x99, 0x76, 0x96, 0x47,
  0x99, 0x7c, 0x7b, 0xb9, 0x24, 0x8e, 0xc6, 0x50, 0x97, 0x54, 0xa7, 0x70,
  0x64, 0xd3, 0x27, 0x7b, 0xb8, 0x65, 0x8e, 0x54, 0x8d, 0x8e, 0x5f, 0xc6,
  0x25, 0x8a, 0xc7, 0x4b, 0x89, 0x71, 0x8e, 0x74, 0x6a, 0xca, 0x39, 0x76,
  0xb8, 0x70, 0x8a, 0x5d, 0x9b, 0x74, 0x7d, 0xac, 0x29, 0xac, 0x99, 0x59,
  0x9e, 0x62, 0xa1, 0x58, 0x8c, 0xb7, 0x25, 0xa8, 0x82, 0x88, 0x7e, 0x59,
  0xb1, 0x56, 0x99, 0x8d, 0x39, 0xc1, 0x69, 0x81, 0x8b, 0x66, 0xa4, 0x51,
  0xac, 0x89, 0x3b, 0xb7, 0x79, 0x86, 0x6e, 0x78, 0xa7, 0x4b, 0xb0, 0x74,
  0x4d, 0xb6, 0x74, 0x86, 0x6f, 0x82, 0xa1, 0x51, 0xb9, 0x5d, 0x54, 0xc8,
  0x66, 0x81, 0x66, 0x9e, 0x95, 0x49, 0xba, 0x60, 0x5c, 0xc4, 0x5f, 0x86,
  0x6b, 0x8e, 0x97, 0x58, 0xb4, 0x3a, 0x8e, 0xc9, 0x3a, 0x8a, 0x79, 0xa7,
  0x70, 0x5b, 0xc5, 0x30, 0xa0, 0x9f, 0x57, 0x98, 0x5c, 0xb9, 0x68, 0x82,
  0x86, 0x3b, 0xdc, 0x6b, 0x59, 0x88, 0x8b, 0xa6, 0x34, 0xb1, 0x68, 0x62,
  0xba, 0x57, 0x8e, 0x70, 0x8e, 0x8c, 0x6d, 0x9c, 0x34, 0xaf, 0xab, 0x49,
  0x7b, 0x8a, 0xb0, 0x54, 0x80, 0x98, 0x47, 0xbc, 0x75, 0x68, 0x8d, 0x7a,
  0xa0, 0x58, 0xa6, 0x56, 0x61, 0xdf, 0x3f, 0x73, 0x89, 0x97, 0x83, 0x53,
  0xb1, 0x47, 0x92, 0xb1, 0x3f, 0x95, 0x86, 0x99, 0x68, 0x82, 0x93, 0x3a,
  0xd3, 0x78, 0x45, 0x97, 0x9b, 0x8b, 0x50, 0x9e, 0x69, 0x76, 0xb7, 0x4d,
  0x7e, 0x87, 0x9e, 0x7a, 0x66, 0x9d, 0x43, 0xbf, 0x8b, 0x46, 0x8c, 0x8a,
  0xaf, 0x4e, 0x89, 0x76, 0x68, 0xcf, 0x3b, 0x7d, 0x8b, 0x89, 0x92, 0x59,
  0xa5, 0x3a, 0xa1, 0xb9, 0x33, 0x93, 0x74, 0xb6, 0x6c, 0x69, 0x96, 0x49,
  0xd9, 0x5d, 0x59, 0xa5, 0x76, 0x9e, 0x5a, 0xa5, 0x4f, 0x6a, 0xe5, 0x36,
  0x77, 0x82, 0x9c, 0x8b, 0x54, 0xa0, 0x3a, 0xc4, 0x93, 0x30, 0xa9, 0x81,
  0x9b, 0x5d, 0x98, 0x7e, 0x39, 0xdf, 0x6f, 0x55, 0x87, 0x90, 0xa7, 0x4c,
  0x97, 0x54, 0x8d, 0xc7, 0x26, 0x91, 0x92, 0x87, 0x77, 0x6e, 0xa5, 0x31,
  0xb5, 0xa6, 0x3f, 0x94, 0x75, 0xad, 0x6b, 0x75, 0x78, 0x5b, 0xe7, 0x3d,
  0x61, 0xad, 0x7e, 0x80, 0x61, 0xa9, 0x4b, 0x82, 0xbc, 0x4b, 0x84, 0x7b,
  0x9a, 0x87, 0x65, 0x80, 0x53, 0xd6, 0x6f, 0x3a, 0xae, 0x96, 0x7f, 0x58,
  0xad, 0x58, 0x71, 0xc8, 0x4a, 0x8b, 0x79, 0x94, 0x8b, 0x67, 0x8d, 0x33,
  0xd8, 0x8b, 0x28, 0xa6, 0x8e, 0x9e, 0x44, 0x9c, 0x80, 0x4d, 0xd7, 0x4d,
  0x7a, 0x90, 0x7e, 0x8f, 0x6a, 0x9c, 0x30, 0xb7, 0xb2, 0x2d, 0x90, 0x91,
  0xa8, 0x51, 0x81, 0x8b, 0x50, 0xce, 0x57, 0x6b, 0x9e, 0x7d, 0x92, 0x62,
  0xa1, 0x43, 0x87, 0xd2, 0x2e, 0x81, 0x8e, 0x9f, 0x7a, 0x63, 0x87, 0x5c,
  0xcb, 0x5f, 0x56, 0xaf, 0x79, 0x8a, 0x73, 0x93, 0x51, 0x88, 0xc2, 0x49,
  0x78, 0x89, 0x9a, 0x80, 0x6e, 0x78, 0x5a, 0xcc, 0x6d, 0x3e, 0xac, 0x8e,
  0x7a, 0x6a, 0xa5, 0x52, 0x6b, 0xd0, 0x4d, 0x76, 0x7f, 0x98, 0x93, 0x65,
  0x8a, 0x41, 0xcf, 0x93, 0x27, 0xa0, 0x9d, 0x95, 0x49, 0xa2, 0x80, 0x47,
  0xcf, 0x61, 0x76, 0x7d, 0x84, 0x9b, 0x72, 0x7f, 0x3d, 0xb7, 0xb6, 0x2b,
  0x7c, 0xa8, 0x9c, 0x53, 0x88, 0x98, 0x46, 0xbc, 0x7f, 0x59, 0x92, 0x84,
  0x8f, 0x73, 0x9b, 0x42, 0x72, 0xe7, 0x42, 0x48, 0xa3, 0xb2, 0x64, 0x55,
  0xb3, 0x50, 0x93, 0x9f, 0x4d, 0x91, 0x83, 0x95, 0x69, 0xa0, 0x6e, 0x34,
  0xf0, 0x7b, 0x33, 0x87, 0xbc, 0x8d, 0x38, 0xac, 0x64, 0x87, 0xaf, 0x3e,
  0x8f, 0x8d, 0x83, 0x69, 0x97, 0x8a, 0x1f, 0xc7, 0xae, 0x35, 0x6e, 0xac,
  0xa7, 0x48, 0x8d, 0x76, 0x71, 0xc5, 0x41, 0x72, 0xaf, 0x7d, 0x65, 0x8b,
  0xb0, 0x1c, 0x96, 0xd3, 0x40, 0x65, 0x8d, 0xae, 0x67, 0x79, 0x78, 0x5f,
  0xd7, 0x57, 0x4e, 0xb5, 0x8a, 0x66, 0x73, 0xbe, 0x3e, 0x65, 0xd4, 0x62,
  0x66, 0x79, 0x9a, 0x8b, 0x75, 0x6f, 0x53, 0xd4, 0x81, 0x27, 0xb1, 0x9e,
  0x67, 0x6f, 0xab, 0x66, 0x4d, 0xcf, 0x6d, 0x65, 0x89, 0x7b, 0xa2, 0x7d,
  0x6d, 0x45, 0xbc, 0xb4, 0x19, 0x8d, 0xb0, 0x81, 0x5e, 0x8f, 0x8d, 0x42,
  0xb9, 0x84, 0x62, 0x8d, 0x6b, 0xa2, 0x92, 0x65, 0x3b, 0xb4, 0xcc, 0x1b,
  0x72, 0xc0, 0x82, 0x5e, 0x89, 0x8e, 0x59, 0x9d, 0x8b, 0x6a, 0x88, 0x6d,
  0x8c, 0xaa, 0x6f, 0x35, 0x9d, 0xe1, 0x3f, 0x41, 0xc3, 0x9d, 0x62, 0x74,
  0x8c, 0x6a, 0x90, 0x94, 0x56, 0x92, 0x83, 0x64, 0xa6, 0x91, 0x32, 0x71,
  0xe4, 0x6d, 0x2a, 0xa0, 0xb2, 0x6f, 0x72, 0x74, 0x77, 0xa6, 0x7f, 0x5e,
  0x8e, 0x9b, 0x5f, 0x86, 0xc2, 0x30, 0x5a, 0xe1, 0x85, 0x34, 0x75, 0xc9,
  0x72, 0x71, 0x80, 0x56, 0xb7, 0x8b, 0x4e, 0x79, 0xaa, 0x72, 0x58, 0xcc,
  0x4d, 0x44, 0xd1, 0x95, 0x4a, 0x5f, 0xbc, 0x84, 0x7a, 0x7c, 0x43, 0xc1,
  0x9d, 0x45, 0x70, 0xab, 0x8d, 0x4b, 0xbd, 0x69, 0x49, 0xbf, 0x8a, 0x64,
  0x63, 0xa5, 0x80, 0x89, 0x87, 0x2d, 0xbf, 0xaf, 0x44, 0x60, 0xaa, 0x9f,
  0x44, 0xa3, 0x73, 0x60, 0xb1, 0x76, 0x70, 0x77, 0x9b, 0x6d, 0x91, 0x9d,
  0x2f, 0xa2, 0xb8, 0x5e, 0x5c, 0x95, 0xa6, 0x5c, 0x95, 0x68, 0x65, 0xbd,
  0x6c, 0x5a, 0x85, 0x9b, 0x5d, 0x86, 0xac, 0x34, 0x87, 0xbb, 0x70, 0x64,
  0x83, 0x93, 0x78, 0xa2, 0x55, 0x59, 0xd2, 0x7f, 0x4c, 0x7e, 0xaa, 0x67,
  0x78, 0xaf, 0x44, 0x7b, 0xb2, 0x7c, 0x64, 0x76, 0x8f, 0x7e, 0xb1, 0x54,
  0x41, 0xd0, 0x97, 0x46, 0x69, 0xad, 0x73, 0x76, 0xa4, 0x4f, 0x81, 0xa9,
  0x80, 0x6d, 0x7a, 0x7d, 0x7c, 0xbc, 0x59, 0x38, 0xc4, 0xb5, 0x48, 0x50,
  0xac, 0x85, 0x7b, 0x88, 0x58, 0x8c, 0xa8, 0x76, 0x65, 0x90, 0x71, 0x74,
  0xc3, 0x65, 0x35, 0xad, 0xcc, 0x4d, 0x44, 0xa5, 0x8b, 0x8f, 0x7a, 0x54,
  0x93, 0xae, 0x75, 0x51, 0x9b, 0x78, 0x71, 0xc2, 0x62, 0x41, 0xa3, 0xc5,
  0x52, 0x44, 0xa0, 0x84, 0x9f, 0x75, 0x4a, 0x94, 0xad, 0x78, 0x49, 0x93,
  0x7c, 0x82, 0xba, 0x55, 0x56, 0xaa, 0xb3, 0x57, 0x53, 0x96, 0x85, 0xa9,
  0x72, 0x47, 0x99, 0xac, 0x72, 0x52, 0x87, 0x7e, 0x96, 0xa9, 0x47, 0x64,
  0xb6, 0x98, 0x50, 0x6b, 0x87, 0x84, 0xaf, 0x72, 0x46, 0x96, 0xb4, 0x71,
  0x5b, 0x7c, 0x7f, 0xae, 0x94, 0x3d, 0x72, 0xbd, 0x8e, 0x54, 0x75, 0x7d,
  0x92, 0xac, 0x63, 0x55, 0x95, 0xa5, 0x76, 0x5d, 0x61, 0x8e, 0xd0, 0x67,
  0x31, 0xa0, 0xba, 0x72, 0x54, 0x81, 0x75, 0xa5, 0xa2, 0x41, 0x75, 0xa2,
  0x95, 0x71, 0x63, 0x63, 0xa4, 0xd0, 0x3b, 0x42, 0xbf, 0xa8, 0x5d, 0x61,
  0x7b, 0x91, 0xc2, 0x67, 0x3d, 0x9d, 0xaa, 0x6d, 0x68, 0x74, 0x6b, 0xc6,
  0x99, 0x2b, 0x74, 0xbb, 0x92, 0x57, 0x6a, 0x6c, 0xb7, 0xbc, 0x28, 0x54,
  0xc9, 0xa5, 0x4e, 0x64, 0x77, 0x99, 0xc4, 0x51, 0x3e, 0xa9, 0xb7, 0x62,
  0x66, 0x72, 0x73, 0xd6, 0x85, 0x23, 0x76, 0xd3, 0x92, 0x38, 0x6b, 0x86,
  0xc9, 0x90, 0x23, 0x7e, 0xc0, 0x8d, 0x49, 0x75, 0x7b, 0x93, 0xc0, 0x53,
  0x45, 0x99, 0xb2, 0x71, 0x4f, 0x67, 0x9c, 0xcc, 0x5c, 0x34, 0x9f, 0xb9,
  0x71, 0x50, 0x73, 0x8c, 0xba, 0x7f, 0x3b, 0x85, 0xb5, 0x81, 0x5f, 0x6c,
  0x7e, 0xb7, 0x9a, 0x48, 0x62, 0xb1, 0x9f, 0x5c, 0x5d, 0x6e, 0xbf, 0xac,
  0x3f, 0x5b, 0xac, 0xb1, 0x58, 0x58, 0x74, 0xa4, 0xba, 0x4d, 0x50, 0xa0,
  0xaa, 0x6e, 0x60, 0x6c, 0x8b, 0xca, 0x78, 0x39, 0x82, 0xbf, 0x86, 0x53,
  0x60, 0x85, 0xd5, 0x8a, 0x2e, 0x76, 0xc7, 0x8f, 0x47, 0x6a, 0x79, 0xb5,
  0xab, 0x40, 0x56, 0xb5, 0xab, 0x58, 0x5e, 0x6c, 0x9e, 0xc3, 0x60, 0x36,
  0x94, 0xcc, 0x70, 0x48, 0x5f, 0x9b, 0xcd, 0x6c, 0x3c, 0x7f, 0xc6, 0x87,
  0x4b, 0x68, 0x75, 0xbe, 0x9c, 0x4b, 0x57, 0xa0, 0xba, 0x5d, 0x49, 0x61,
  0xc5, 0xc4, 0x37, 0x4a, 0xa6, 0xc3, 0x63, 0x47, 0x6e, 0x97, 0xd1, 0x6a,
  0x3c, 0x7e, 0xb8, 0x9d, 0x4d, 0x52, 0x74, 0xd9, 0xa4, 0x20, 0x59, 0xba,
  0xb9, 0x4e, 0x42, 0x79, 0xbf, 0xbc, 0x3c, 0x52, 0xa5, 0xaf, 0x79, 0x57,
  0x5b, 0x89, 0xdd, 0x78, 0x23, 0x7d, 0xc5, 0x9b, 0x4d, 0x53, 0x7a, 0xd4,
  0xa8, 0x21, 0x61, 0xc0, 0xa7, 0x56, 0x57, 0x6e, 0x9f, 0xcb, 0x58, 0x39,
  0x96, 0xb9, 0x80, 0x50, 0x62, 0x83, 0xd4, 0x8e, 0x25, 0x75, 0xc4, 0x95,
  0x44, 0x62, 0x85, 0xad, 0xa9, 0x44, 0x60, 0xac, 0xa6, 0x61, 0x55, 0x73,
  0x92, 0xc8, 0x69, 0x31, 0x97, 0xc7, 0x7a, 0x39, 0x6f, 0x91, 0xb7, 0x8f,
  0x32, 0x77, 0xbf, 0x9a, 0x46, 0x59, 0x86, 0x9f, 0xb7, 0x4e, 0x47, 0xa8,
  0xbb, 0x6f, 0x3a, 0x75, 0x99, 0xbf, 0x80, 0x35, 0x88, 0xbd, 0x93, 0x45,
  0x5c, 0x8d, 0xa4, 0xa3, 0x4b, 0x5d, 0xa8, 0xab, 0x6b, 0x48, 0x79, 0x98,
  0xb7, 0x77, 0x3f, 0x86, 0xbb, 0x97, 0x46, 0x60, 0x8b, 0xa2, 0xa4, 0x54,
  0x5b, 0x9f, 0xbc, 0x66, 0x41, 0x89, 0x8a, 0xa1, 0x86, 0x59, 0x6d, 0xa8,
  0xb4, 0x3f, 0x52, 0x8f, 0xa6, 0xa5, 0x55, 0x62, 0x93, 0xbf, 0x77, 0x36,
  0x86, 0x8c, 0xa5, 0x92, 0x5b, 0x6b, 0x92, 0xbc, 0x5f, 0x4a, 0x7a, 0x8d,
  0xbd, 0x6a, 0x46, 0x84, 0xb8, 0x90, 0x3b, 0x78, 0x83, 0x91, 0xac, 0x65,
  0x60, 0x82, 0xb8, 0x8a, 0x4e, 0x66, 0x6c, 0xc6, 0x9f, 0x3c, 0x60, 0xa7,
  0xb9, 0x50, 0x5c, 0x7b, 0x77, 0xba, 0x85, 0x59, 0x62, 0xa0, 0xb6, 0x58,
  0x57, 0x60, 0xa8, 0xc5, 0x52, 0x4d, 0x82, 0xc3, 0x8e, 0x42, 0x6c, 0x73,
  0xb4, 0xa2, 0x57, 0x5f, 0x7e, 0xc4, 0x85, 0x49, 0x53, 0x85, 0xe1, 0x7f,
  0x39, 0x6a, 0xb1, 0xb5, 0x4b, 0x5a, 0x76, 0x9b, 0xba, 0x65, 0x59, 0x73,
  0xb2, 0xa6, 0x4c, 0x55, 0x6f, 0xc5, 0xaf, 0x3f, 0x54, 0x99, 0xc9, 0x70,
  0x41, 0x74, 0x87, 0xbb, 0x88, 0x53, 0x68, 0x96, 0xc0, 0x66, 0x51, 0x6a,
  0x96, 0xc9, 0x6c, 0x49, 0x76, 0xbe, 0xa5, 0x39, 0x61, 0x81, 0xa2, 0xa4,
  0x5f, 0x65, 0x79, 0xb6, 0x9a, 0x4e, 0x59, 0x69, 0xc9, 0xad, 0x44, 0x58,
  0x98, 0xc8, 0x69, 0x4d, 0x74, 0x7d, 0xbc, 0x88, 0x5b, 0x69, 0x94, 0xb2,
  0x67, 0x63, 0x5b, 0x8d, 0xd1, 0x6c, 0x42, 0x73, 0xc6, 0x9d, 0x3d, 0x6a,
  0x7b, 0xa4, 0xa2, 0x66, 0x67, 0x76, 0xb5, 0x91, 0x5a, 0x5e, 0x6a, 0xc4,
  0x96, 0x4f, 0x65, 0x98, 0xba, 0x57, 0x56, 0x7b, 0x8b, 0xa7, 0x6b, 0x75,
  0x7a, 0x93, 0xa5, 0x63, 0x6a, 0x5e, 0xa1, 0xbe, 0x5d, 0x5b, 0x79, 0xbd,
  0x8e, 0x43, 0x71, 0x76, 0xaa, 0x8c, 0x64, 0x7f, 0x76, 0xa6, 0x81, 0x69,
  0x67, 0x64, 0xc3, 0x8e, 0x55, 0x6d, 0x9a, 0xb7, 0x51, 0x5e, 0x7d, 0x8a,
  0xb0, 0x6b, 0x72, 0x79, 0x92, 0xa3, 0x64, 0x6c, 0x55, 0x96, 0xc7, 0x63,
  0x54, 0x77, 0xbd, 0x90, 0x46, 0x73, 0x76, 0xa1, 0x92, 0x67, 0x7b, 0x78,
  0xa4, 0x84, 0x64, 0x65, 0x6b, 0xc1, 0x91, 0x53, 0x66, 0x99, 0xbf, 0x5c,
  0x4e, 0x72, 0x8d, 0xb2, 0x6e, 0x68, 0x75, 0x8d, 0xab, 0x6c, 0x60, 0x56,
  0x99, 0xcb, 0x66, 0x56, 0x7b, 0xb5, 0x9e, 0x4c, 0x67, 0x76, 0xa6, 0x9e,
  0x59, 0x72, 0x82, 0xa3, 0x8c, 0x5e, 0x66, 0x68, 0xb9, 0xa7, 0x4f, 0x5d,
  0x8f, 0xc0, 0x78, 0x4c, 0x6e, 0x7f, 0xb4, 0x88, 0x60, 0x6c, 0x82, 0xb1,
  0x7c, 0x61, 0x5c, 0x76, 0xc5, 0x8d, 0x58, 0x64, 0x9d, 0xb5, 0x5e, 0x5f,
  0x73, 0x8b, 0xac, 0x79, 0x6b, 0x69, 0x95, 0xad, 0x6e, 0x5e, 0x59, 0x9b,
  0xc3, 0x6f, 0x4e, 0x70, 0xb3, 0xa1, 0x60, 0x65, 0x65, 0x93, 0xae, 0x7e,
  0x5e, 0x65, 0xa0, 0xa5, 0x74, 0x59, 0x58, 0xa5, 0xb8, 0x6b, 0x53, 0x84,
  0xb0, 0x84, 0x68, 0x6e, 0x62, 0x97, 0xb2, 0x78, 0x50, 0x72, 0xb1, 0x93,
  0x65, 0x5b, 0x63, 0xac, 0xb1, 0x68, 0x51, 0x82, 0xae, 0x82, 0x6f, 0x6c,
  0x5b, 0x9c, 0xb4, 0x7b, 0x4e, 0x74, 0xb5, 0x8b, 0x67, 0x63, 0x6a, 0xa9,
  0x9e, 0x6d, 0x5f, 0x82, 0xab, 0x7c, 0x6f, 0x67, 0x65, 0xac, 0xa4, 0x6b,
  0x50, 0x81, 0xbb, 0x80, 0x63, 0x63, 0x73, 0xb0, 0x9a, 0x6e, 0x5d, 0x7d,
  0xaa, 0x84, 0x74, 0x5d, 0x66, 0xb2, 0x9e, 0x69, 0x5d, 0x87, 0xaa, 0x7a,
  0x6f, 0x65, 0x72, 0xaf, 0x96, 0x68, 0x62, 0x8d, 0xab, 0x79, 0x69, 0x5d,
  0x77, 0xb8, 0x94, 0x61, 0x5d, 0x8d, 0xac, 0x7e, 0x69, 0x58, 0x73, 0xbb,
  0x9f, 0x62, 0x57, 0x8a, 0xae, 0x80, 0x6b, 0x5c, 0x6c, 0xb5, 0xa0, 0x65,
  0x5b, 0x86, 0xac, 0x85, 0x6b, 0x58, 0x69, 0xb9, 0xa3, 0x5f, 0x58, 0x87,
  0xb1, 0x84, 0x6b, 0x5b, 0x5e, 0xb7, 0xae, 0x65, 0x54, 0x7a, 0xaf, 0x8b,
  0x76, 0x64, 0x4f, 0xa7, 0xb6, 0x77, 0x58, 0x6d, 0xa7, 0x8b, 0x7d, 0x77,
  0x4a, 0x8c, 0xaf, 0x85, 0x67, 0x67, 0x9a, 0x87, 0x7b, 0x87, 0x55, 0x76,
  0xa4, 0x97, 0x76, 0x61, 0x95, 0x91, 0x77, 0x88, 0x65, 0x6c, 0x94, 0x9c,
  0x85, 0x59, 0x7f, 0x97, 0x7f, 0x87, 0x6b, 0x60, 0x86, 0xa3, 0x98, 0x5f,
  0x69, 0x91, 0x86, 0x8c, 0x7d, 0x5a, 0x6d, 0xa0, 0xb0, 0x73, 0x59, 0x84,
  0x8c, 0x8b, 0x8d, 0x67, 0x57, 0x85, 0xb2, 0x90, 0x5b, 0x70, 0x89, 0x86,
  0x90, 0x7d, 0x59, 0x71, 0xa5, 0x9f, 0x6f, 0x69, 0x84, 0x84, 0x8c, 0x89,
  0x5e, 0x63, 0x98, 0xa8, 0x7f, 0x5e, 0x7d, 0x8a, 0x84, 0x91, 0x6c, 0x56,
  0x87, 0xac, 0x99, 0x60, 0x65, 0x8d, 0x8b, 0x94, 0x7b, 0x52, 0x70, 0xa3,
  0xb0, 0x76, 0x53, 0x7a, 0x8b, 0x97, 0x8f, 0x5a, 0x56, 0x8a, 0xb7, 0x96,
  0x57, 0x68, 0x84, 0x90, 0x9c, 0x77, 0x51, 0x6b, 0xa9, 0xad, 0x6e, 0x5e,
  0x7e, 0x88, 0x92, 0x8d, 0x62, 0x5c, 0x91, 0xb0, 0x86, 0x59, 0x74, 0x8d,
  0x8a, 0x91, 0x6e, 0x55, 0x82, 0xae, 0x9b, 0x5d, 0x63, 0x90, 0x8b, 0x92,
  0x7e, 0x50, 0x6b, 0xa4, 0xb3, 0x74, 0x4f, 0x80, 0x8e, 0x94, 0x93, 0x5c,
  0x53, 0x89, 0xba, 0x99, 0x54, 0x69, 0x85, 0x8a, 0x9e, 0x7c, 0x51, 0x65,
  0xa3, 0xb2, 0x73, 0x5f, 0x79, 0x82, 0x96, 0x94, 0x68, 0x56, 0x83, 0xad,
  0x8f, 0x68, 0x71, 0x7c, 0x84, 0x96, 0x82, 0x58, 0x6d, 0xa0, 0xa0, 0x76,
  0x68, 0x7b, 0x80, 0x8c, 0x91, 0x65, 0x5d, 0x8e, 0xab, 0x8c, 0x62, 0x71,
  0x85, 0x88, 0x96, 0x79, 0x57, 0x72, 0xa1, 0xa7, 0x71, 0x60, 0x7a, 0x84,
  0x9a, 0x8e, 0x5f, 0x5c, 0x87, 0xae, 0x90, 0x65, 0x6d, 0x77, 0x8c, 0x9f,
  0x7d, 0x59, 0x6a, 0x9f, 0xa6, 0x79, 0x6a, 0x72, 0x7b, 0x95, 0x95, 0x6a,
  0x5a, 0x83, 0xa6, 0x8f, 0x6d, 0x70, 0x7b, 0x84, 0x95, 0x80, 0x5e, 0x73,
  0x99, 0x9e, 0x79, 0x6c, 0x7f, 0x82, 0x91, 0x8a, 0x62, 0x69, 0x8d, 0xa2,
  0x88, 0x61, 0x73, 0x83, 0x8d, 0x95, 0x6f, 0x5d, 0x78, 0xa3, 0xa3, 0x6c,
  0x62, 0x7a, 0x89, 0x9c, 0x87, 0x5f, 0x5e, 0x8a, 0xb2, 0x8f, 0x62, 0x69,
  0x7c, 0x95, 0x9a, 0x78, 0x59, 0x6a, 0x9e, 0xa6, 0x7a, 0x63, 0x6f, 0x84,
  0x99, 0x90, 0x68, 0x5e, 0x84, 0xa4, 0x92, 0x6c, 0x6d, 0x7b, 0x89, 0x98,
  0x7b, 0x5f, 0x73, 0x97, 0x9f, 0x75, 0x6a, 0x7d, 0x80, 0x95, 0x87, 0x62,
  0x67, 0x88, 0xaa, 0x89, 0x5f, 0x72, 0x80, 0x95, 0x97, 0x6d, 0x5d, 0x73,
  0xa6, 0xa6, 0x6b, 0x60, 0x72, 0x8d, 0xa3, 0x85, 0x5e, 0x5c, 0x8c, 0xb1,
  0x8c, 0x66, 0x65, 0x78, 0x9b, 0x9d, 0x74, 0x55, 0x70, 0xa2, 0xa1, 0x7a,
  0x66, 0x6c, 0x83, 0x9d, 0x8d, 0x63, 0x62, 0x8b, 0xa2, 0x89, 0x6b, 0x70,
  0x7b, 0x8e, 0x94, 0x72, 0x64, 0x7e, 0x9c, 0x95, 0x6e, 0x6d, 0x7e, 0x8a,
  0x95, 0x77, 0x61, 0x75, 0x96, 0xa2, 0x77, 0x61, 0x77, 0x88, 0x9b, 0x88,
  0x60, 0x62, 0x87, 0xaa, 0x90, 0x64, 0x66, 0x7c, 0x97, 0x9c, 0x77, 0x5a,
  0x6d, 0x9d, 0xa5, 0x7c, 0x62, 0x6e, 0x87, 0x9a, 0x8f, 0x67, 0x5d, 0x80,
  0xa0, 0x94, 0x6f, 0x68, 0x7b, 0x8d, 0x98, 0x7c, 0x63, 0x75, 0x92, 0x99,
  0x7a, 0x6a, 0x7c, 0x85, 0x92, 0x85, 0x68, 0x74, 0x8c, 0x98, 0x80, 0x66,
  0x7a, 0x88, 0x8f, 0x8b, 0x69, 0x68, 0x84, 0x9f, 0x92, 0x64, 0x68, 0x84,
  0x93, 0x96, 0x75, 0x5e, 0x70, 0x98, 0xa5, 0x79, 0x5c, 0x6f, 0x8c, 0x9e,
  0x8d, 0x68, 0x5e, 0x83, 0xa7, 0x94, 0x6a, 0x62, 0x7b, 0x93, 0x9a, 0x80,
  0x5c, 0x6d, 0x96, 0x9c, 0x7e, 0x65, 0x73, 0x85, 0x90, 0x90, 0x6b, 0x66,
  0x88, 0x98, 0x8b, 0x6a, 0x72, 0x88, 0x88, 0x8f, 0x78, 0x66, 0x81, 0x95,
  0x92, 0x6f, 0x65, 0x85, 0x8d, 0x91, 0x7f, 0x60, 0x72, 0x94, 0x9e, 0x7e,
  0x5d, 0x71, 0x8b, 0x98, 0x91, 0x69, 0x5d, 0x82, 0xa5, 0x98, 0x6b, 0x60,
  0x78, 0x91, 0x9d, 0x86, 0x5d, 0x65, 0x91, 0xa2, 0x87, 0x65, 0x68, 0x7f,
  0x92, 0x98, 0x77, 0x5e, 0x79, 0x96, 0x95, 0x7b, 0x6a, 0x78, 0x84, 0x93,
  0x8a, 0x68, 0x72, 0x8b, 0x91, 0x82, 0x6e, 0x79, 0x82, 0x8a, 0x8e, 0x70,
  0x6d, 0x89, 0x96, 0x89, 0x6c, 0x71, 0x83, 0x8b, 0x94, 0x79, 0x61, 0x79,
  0x99, 0x9b, 0x76, 0x62, 0x74, 0x89, 0x9c, 0x8d, 0x63, 0x60, 0x86, 0xa3,
  0x90, 0x6b, 0x64, 0x78, 0x95, 0xa1, 0x7f, 0x5c, 0x6c, 0x92, 0x9d, 0x84,
  0x69, 0x69, 0x7d, 0x99, 0x97, 0x6e, 0x64, 0x7f, 0x92, 0x8d, 0x75, 0x72,
  0x77, 0x85, 0x96, 0x7e, 0x6c, 0x7b, 0x8d, 0x8f, 0x76, 0x71, 0x80, 0x85,
  0x91, 0x80, 0x69, 0x77, 0x8e, 0x98, 0x7b, 0x63, 0x75, 0x86, 0x99, 0x8e,
  0x67, 0x66, 0x84, 0xa0, 0x91, 0x69, 0x65, 0x76, 0x93, 0xa0, 0x7c, 0x5e,
  0x6b, 0x94, 0xa1, 0x81, 0x69, 0x6a, 0x80, 0x9b, 0x94, 0x6f, 0x61, 0x7c,
  0x97, 0x8f, 0x76, 0x6e, 0x78, 0x89, 0x94, 0x80, 0x6c, 0x79, 0x8a, 0x8b,
  0x7a, 0x72, 0x7c, 0x85, 0x8e, 0x81, 0x6c, 0x7c, 0x8e, 0x8e, 0x7a, 0x6b,
  0x7c, 0x89, 0x93, 0x8a, 0x66, 0x6b, 0x8b, 0x9a, 0x89, 0x65, 0x6a, 0x81,
  0x94, 0x9b, 0x74, 0x5e, 0x75, 0x95, 0x9f, 0x79, 0x63, 0x6e, 0x85, 0xa2,
  0x8f, 0x69, 0x65, 0x7f, 0x9d, 0x90, 0x73, 0x69, 0x71, 0x91, 0x9b, 0x7f,
  0x67, 0x70, 0x8c, 0x90, 0x81, 0x75, 0x70, 0x7f, 0x91, 0x8b, 0x73, 0x70,
  0x87, 0x8b, 0x80, 0x77, 0x79, 0x84, 0x8a, 0x89, 0x77, 0x6d, 0x86, 0x91,
  0x84, 0x71, 0x6c, 0x82, 0x91, 0x92, 0x7c, 0x62, 0x79, 0x94, 0x95, 0x7e,
  0x63, 0x6f, 0x89, 0x9c, 0x92, 0x67, 0x61, 0x81, 0x9a, 0x95, 0x72, 0x65,
  0x73, 0x8d, 0xa2, 0x85, 0x63, 0x6a, 0x87, 0x9b, 0x88, 0x70, 0x6b, 0x77,
  0x95, 0x96, 0x7a, 0x6a, 0x75, 0x8c, 0x8f, 0x7f, 0x74, 0x74, 0x85, 0x91,
  0x84, 0x74, 0x76, 0x85, 0x88, 0x80, 0x78, 0x78, 0x83, 0x8c, 0x86, 0x72,
  0x72, 0x88, 0x8e, 0x83, 0x73, 0x72, 0x81, 0x8f, 0x92, 0x79, 0x64, 0x7a,
  0x92, 0x93, 0x7c, 0x67, 0x72, 0x87, 0x9a, 0x91, 0x6a, 0x65, 0x7f, 0x96,
  0x94, 0x74, 0x68, 0x73, 0x8e, 0xa0, 0x82, 0x67, 0x6c, 0x83, 0x98, 0x89,
  0x73, 0x6b, 0x77, 0x97, 0x93, 0x77, 0x6d, 0x77, 0x8b, 0x8a, 0x7e, 0x75,
  0x73, 0x88, 0x91, 0x7e, 0x72, 0x79, 0x8a, 0x88, 0x7a, 0x76, 0x79, 0x88,
  0x91, 0x80, 0x6e, 0x75, 0x8b, 0x91, 0x7e, 0x6d, 0x70, 0x84, 0x97, 0x8e,
  0x6f, 0x67, 0x81, 0x95, 0x8e, 0x75, 0x68, 0x75, 0x8e, 0x9c, 0x83, 0x65,
  0x72, 0x8a, 0x93, 0x84, 0x6f, 0x71, 0x7e, 0x95, 0x92, 0x71, 0x6d, 0x7e,
  0x8d, 0x8b, 0x76, 0x72, 0x7a, 0x8b, 0x93, 0x79, 0x6f, 0x7c, 0x8a, 0x8c,
  0x78, 0x71, 0x79, 0x89, 0x96, 0x80, 0x6c, 0x76, 0x8a, 0x91, 0x7e, 0x6e,
  0x72, 0x82, 0x98, 0x8e, 0x6f, 0x69, 0x80, 0x95, 0x8b, 0x74, 0x6c, 0x78,
  0x90, 0x97, 0x80, 0x69, 0x72, 0x8c, 0x92, 0x80, 0x6e, 0x6f, 0x84, 0x95,
  0x8d, 0x72, 0x6e, 0x82, 0x8e, 0x89, 0x76, 0x6e, 0x7b, 0x8e, 0x94, 0x7c,
  0x6c, 0x7b, 0x8b, 0x8c, 0x7b, 0x6f, 0x75, 0x85, 0x95, 0x89, 0x6d, 0x71,
  0x84, 0x91, 0x86, 0x71, 0x72, 0x7d, 0x8f, 0x93, 0x7a, 0x6e, 0x79, 0x8a,
  0x8f, 0x7a, 0x70, 0x76, 0x85, 0x95, 0x87, 0x73, 0x73, 0x7f, 0x8c, 0x86,
  0x75, 0x72, 0x7b, 0x8e, 0x90, 0x7c, 0x73, 0x7a, 0x86, 0x8a, 0x7f, 0x74,
  0x75, 0x83, 0x93, 0x89, 0x75, 0x73, 0x7e, 0x89, 0x88, 0x7a, 0x72, 0x77,
  0x89, 0x93, 0x82, 0x73, 0x73, 0x80, 0x8d, 0x87, 0x78, 0x70, 0x7a, 0x8f,
  0x91, 0x7f, 0x71, 0x73, 0x83, 0x8f, 0x86, 0x74, 0x6f, 0x7f, 0x91, 0x8e,
  0x7b, 0x70, 0x76, 0x87, 0x8e, 0x81, 0x72, 0x74, 0x85, 0x93, 0x88, 0x76,
  0x72, 0x7c, 0x8a, 0x8a, 0x7b, 0x73, 0x7a, 0x8a, 0x90, 0x80, 0x72, 0x75,
  0x81, 0x8b, 0x83, 0x76, 0x77, 0x80, 0x8d, 0x8b, 0x79, 0x73, 0x79, 0x87,
  0x8a, 0x7d, 0x76, 0x7a, 0x85, 0x8e, 0x85, 0x77, 0x74, 0x7c, 0x89, 0x87,
  0x7b, 0x77, 0x7c, 0x88, 0x8b, 0x81, 0x77, 0x75, 0x7d, 0x87, 0x86, 0x7d,
  0x77, 0x7c, 0x87, 0x89, 0x81, 0x79, 0x76, 0x7c, 0x86, 0x88, 0x7f, 0x77,
  0x7b, 0x86, 0x89, 0x82, 0x7a, 0x75, 0x7a, 0x86, 0x8a, 0x80, 0x77, 0x7a,
  0x86, 0x89, 0x81, 0x79, 0x74, 0x7b, 0x88, 0x8b, 0x80, 0x76, 0x7a, 0x87,
  0x88, 0x80, 0x78, 0x74, 0x7f, 0x8a, 0x88, 0x7e, 0x76, 0x7e, 0x88, 0x85,
  0x7d, 0x74, 0x77, 0x85, 0x89, 0x84, 0x7b, 0x78, 0x83, 0x88, 0x83, 0x79,
  0x73, 0x7e, 0x8b, 0x88, 0x7f, 0x77, 0x7c, 0x87, 0x88, 0x80, 0x73, 0x72,
  0x85, 0x8e, 0x86, 0x79, 0x74, 0x80, 0x8a, 0x88, 0x7c, 0x6e, 0x75, 0x89,
  0x90, 0x84, 0x74, 0x75, 0x83, 0x8b, 0x87, 0x79, 0x6e, 0x78, 0x8c, 0x90,
  0x81, 0x73, 0x77, 0x84, 0x8b, 0x85, 0x76, 0x71, 0x7d, 0x8c, 0x8c, 0x7e,
  0x75, 0x7b, 0x85, 0x88, 0x80, 0x75, 0x76, 0x81, 0x8a, 0x86, 0x7d, 0x79,
  0x7f, 0x86, 0x83, 0x7a, 0x76, 0x7d, 0x87, 0x87, 0x80, 0x7a, 0x7c, 0x84,
  0x87, 0x7f, 0x75, 0x76, 0x83, 0x8b, 0x84, 0x7b, 0x78, 0x7f, 0x88, 0x87,
  0x7b, 0x71, 0x77, 0x89, 0x8d, 0x83, 0x78, 0x77, 0x82, 0x8a, 0x86, 0x78,
  0x6f, 0x7b, 0x8c, 0x8d, 0x81, 0x75, 0x77, 0x83, 0x8a, 0x86, 0x77, 0x70,
  0x7d, 0x8b, 0x8c, 0x80, 0x76, 0x79, 0x82, 0x88, 0x82, 0x76, 0x75, 0x80,
  0x89, 0x88, 0x7e, 0x7a, 0x7d, 0x82, 0x84, 0x7d, 0x78, 0x7c, 0x83, 0x87,
  0x83, 0x7d, 0x7d, 0x80, 0x82, 0x7e, 0x78, 0x7b, 0x82, 0x87, 0x83, 0x7d,
  0x7b, 0x80, 0x86, 0x82, 0x78, 0x74, 0x7d, 0x89, 0x8a, 0x81, 0x79, 0x79,
  0x82, 0x89, 0x82, 0x75, 0x72, 0x7f, 0x8d, 0x8b, 0x80, 0x77, 0x77, 0x83,
  0x8a, 0x83, 0x74, 0x72, 0x81, 0x8d, 0x8a, 0x81, 0x77, 0x78, 0x82, 0x88,
  0x82, 0x75, 0x75, 0x82, 0x89, 0x89, 0x81, 0x79, 0x7b, 0x7f, 0x83, 0x80,
  0x79, 0x7d, 0x82, 0x85, 0x84, 0x7f, 0x7e, 0x7f, 0x7d, 0x7c, 0x7b, 0x80,
  0x85, 0x83, 0x81, 0x7d, 0x7e, 0x85, 0x84, 0x7d, 0x75, 0x77, 0x84, 0x89,
  0x85, 0x7e, 0x78, 0x7d, 0x86, 0x88, 0x7d, 0x70, 0x75, 0x86, 0x8e, 0x89,
  0x7b, 0x74, 0x7b, 0x88, 0x8c, 0x7d, 0x6f, 0x76, 0x86, 0x90, 0x88, 0x7a,
  0x74, 0x7a, 0x88, 0x8a, 0x7b, 0x71, 0x77, 0x87, 0x8e, 0x86, 0x7c, 0x76,
  0x7b, 0x85, 0x84, 0x7c, 0x77, 0x7c, 0x87, 0x88, 0x83, 0x7d, 0x7a, 0x7f,
  0x81, 0x7e, 0x7b, 0x7c, 0x83, 0x87, 0x82, 0x7e, 0x7c, 0x81, 0x83, 0x7d,
  0x78, 0x79, 0x81, 0x8a, 0x86, 0x7e, 0x78, 0x7b, 0x88, 0x86, 0x7a, 0x73,
  0x77, 0x87, 0x8f, 0x88, 0x7b, 0x71, 0x7b, 0x8b, 0x88, 0x7a, 0x70, 0x77,
  0x89, 0x90, 0x8a, 0x79, 0x6f, 0x7c, 0x89, 0x88, 0x7a, 0x70, 0x79, 0x87,
  0x8f, 0x89, 0x78, 0x72, 0x7c, 0x87, 0x86, 0x7b, 0x76, 0x7d, 0x87, 0x8c,
  0x85, 0x79, 0x77, 0x7c, 0x82, 0x81, 0x7b, 0x7c, 0x81, 0x87, 0x86, 0x7f,
  0x7c, 0x7d, 0x7f, 0x7e, 0x7b, 0x7d, 0x81, 0x86, 0x87, 0x7f, 0x7a, 0x7d,
  0x83, 0x82, 0x7a, 0x77, 0x7d, 0x85, 0x8c, 0x87, 0x79, 0x75, 0x7e, 0x88,
  0x83, 0x78, 0x75, 0x7b, 0x88, 0x8f, 0x85, 0x76, 0x72, 0x7f, 0x8a, 0x83,
  0x79, 0x75, 0x7c, 0x8a, 0x8f, 0x84, 0x75, 0x73, 0x80, 0x87, 0x82, 0x7b,
  0x77, 0x7f, 0x8b, 0x8b, 0x81, 0x75, 0x77, 0x80, 0x83, 0x81, 0x7c, 0x7b,
  0x83, 0x88, 0x86, 0x7d, 0x78, 0x7c, 0x7e, 0x80, 0x80, 0x7e, 0x80, 0x85,
  0x86, 0x80, 0x7b, 0x7d, 0x7f, 0x7d, 0x7d, 0x7e, 0x80, 0x85, 0x87, 0x82,
  0x7a, 0x7a, 0x80, 0x81, 0x7d, 0x7b, 0x7d, 0x82, 0x88, 0x88, 0x7e, 0x78,
  0x7c, 0x82, 0x82, 0x7c, 0x79, 0x7d, 0x85, 0x8a, 0x85, 0x7b, 0x78, 0x7d,
  0x82, 0x81, 0x7c, 0x7a, 0x7d, 0x87, 0x8a, 0x82, 0x7b, 0x7a, 0x7e, 0x81,
  0x7f, 0x7c, 0x7a, 0x7f, 0x88, 0x89, 0x80, 0x7b, 0x7b, 0x7f, 0x81, 0x7e,
  0x7b, 0x7a, 0x81, 0x8a, 0x86, 0x7e, 0x7b, 0x7d, 0x80, 0x80, 0x7e, 0x7b,
  0x7b, 0x82, 0x89, 0x86, 0x7e, 0x7b, 0x7e, 0x80, 0x7f, 0x7e, 0x7b, 0x7b,
  0x82, 0x89, 0x85, 0x7d, 0x7b, 0x7f, 0x80, 0x7f, 0x7e, 0x7c, 0x7b, 0x82,
  0x89, 0x85, 0x7c, 0x7c, 0x80, 0x7f, 0x7d, 0x7e, 0x7e, 0x7c, 0x82, 0x88,
  0x83, 0x7d, 0x7e, 0x80, 0x7d, 0x7c, 0x7f, 0x7f, 0x7d, 0x82, 0x88, 0x82,
  0x7c, 0x7f, 0x81, 0x7d, 0x7a, 0x7d, 0x7f, 0x7f, 0x84, 0x87, 0x81, 0x7c,
  0x80, 0x82, 0x7c, 0x78, 0x7d, 0x80, 0x81, 0x85, 0x86, 0x80, 0x7d, 0x81,
  0x82, 0x7b, 0x78, 0x7d, 0x80, 0x81, 0x85, 0x86, 0x80, 0x7b, 0x7f, 0x81,
  0x7d, 0x79, 0x7b, 0x7f, 0x83, 0x88, 0x86, 0x7e, 0x7b, 0x7f, 0x81, 0x7c,
  0x79, 0x7c, 0x80, 0x84, 0x88, 0x86, 0x7e, 0x7a, 0x7e, 0x80, 0x7d, 0x7a,
  0x7c, 0x80, 0x85, 0x88, 0x86, 0x7f, 0x7a, 0x7c, 0x7e, 0x7d, 0x7b, 0x7c,
  0x81, 0x87, 0x88, 0x83, 0x7c, 0x7b, 0x7d, 0x7e, 0x7c, 0x7c, 0x7f, 0x84,
  0x86, 0x85, 0x82, 0x7e, 0x7c, 0x7b, 0x7c, 0x7d, 0x7c, 0x80, 0x86, 0x88,
  0x84, 0x7f, 0x7c, 0x7b, 0x7c, 0x7d, 0x7d, 0x7d, 0x81, 0x87, 0x88, 0x82,
  0x7d, 0x7d, 0x7d, 0x7d, 0x7c, 0x7c, 0x7e, 0x84, 0x89, 0x86, 0x80, 0x7d,
  0x7c, 0x7b, 0x7b, 0x7d, 0x7e, 0x80, 0x84, 0x87, 0x84, 0x80, 0x7d, 0x7b,
  0x79, 0x7b, 0x7e, 0x7f, 0x81, 0x87, 0x8a, 0x82, 0x7b, 0x7a, 0x7b, 0x7b,
  0x7b, 0x7e, 0x82, 0x87, 0x89, 0x85, 0x7d, 0x79, 0x7b, 0x7d, 0x7b, 0x7b,
  0x80, 0x85, 0x86, 0x87, 0x85, 0x7e, 0x76, 0x76, 0x7c, 0x7f, 0x80, 0x84,
  0x88, 0x86, 0x82, 0x80, 0x7c, 0x75, 0x75, 0x7e, 0x86, 0x84, 0x82, 0x85,
  0x87, 0x81, 0x79, 0x77, 0x7b, 0x7d, 0x7d, 0x80, 0x89, 0x8c, 0x86, 0x7c,
  0x77, 0x78, 0x7b, 0x7c, 0x7f, 0x83, 0x87, 0x87, 0x83, 0x7e, 0x7b, 0x79,
  0x79, 0x7c, 0x81, 0x84, 0x85, 0x84, 0x84, 0x80, 0x7b, 0x79, 0x79, 0x7a,
  0x7d, 0x85, 0x8b, 0x89, 0x80, 0x7b, 0x7b, 0x79, 0x76, 0x7b, 0x87, 0x8c,
  0x84, 0x7d, 0x80, 0x84, 0x7d, 0x73, 0x76, 0x83, 0x87, 0x81, 0x81, 0x87,
  0x87, 0x7e, 0x77, 0x79, 0x7b, 0x7a, 0x7e, 0x87, 0x8d, 0x88, 0x80, 0x7c,
  0x78, 0x74, 0x78, 0x83, 0x88, 0x84, 0x82, 0x85, 0x85, 0x7d, 0x76, 0x79,
  0x7f, 0x7d, 0x7a, 0x82, 0x8d, 0x8b, 0x7e, 0x7a, 0x80, 0x7f, 0x74, 0x70,
  0x7e, 0x8e, 0x8d, 0x84, 0x80, 0x81, 0x7b, 0x75, 0x78, 0x7f, 0x82, 0x80,
  0x83, 0x87, 0x85, 0x80, 0x7f, 0x7d, 0x78, 0x75, 0x7c, 0x85, 0x85, 0x81,
  0x86, 0x8b, 0x83, 0x74, 0x72, 0x7c, 0x81, 0x7d, 0x80, 0x8a, 0x8c, 0x81,
  0x79, 0x7d, 0x81, 0x7c, 0x75, 0x78, 0x82, 0x87, 0x87, 0x86, 0x84, 0x7f,
  0x7b, 0x79, 0x78, 0x79, 0x7e, 0x86, 0x88, 0x84, 0x81, 0x83, 0x81, 0x7a,
  0x74, 0x79, 0x81, 0x81, 0x7e, 0x82, 0x8b, 0x8a, 0x7e, 0x76, 0x79, 0x7d,
  0x7b, 0x7a, 0x82, 0x89, 0x88, 0x82, 0x7e, 0x7d, 0x7c, 0x7c, 0x7d, 0x7d,
  0x7d, 0x80, 0x84, 0x86, 0x83, 0x81, 0x81, 0x7d, 0x76, 0x76, 0x7f, 0x87,
  0x85, 0x81, 0x82, 0x85, 0x80, 0x77, 0x77, 0x80, 0x85, 0x80, 0x7d, 0x80,
  0x82, 0x81, 0x7f, 0x82, 0x82, 0x7e, 0x7a, 0x7a, 0x7d, 0x81, 0x86, 0x87,
  0x82, 0x7c, 0x7c, 0x7f, 0x7e, 0x7b, 0x7f, 0x86, 0x85, 0x7d, 0x79, 0x80,
  0x85, 0x82, 0x7d, 0x7e, 0x81, 0x7e, 0x79, 0x7c, 0x84, 0x88, 0x83, 0x7e,
  0x7d, 0x7d, 0x7d, 0x7d, 0x7e, 0x80, 0x81, 0x82, 0x81, 0x7f, 0x7f, 0x82,
  0x83, 0x7e, 0x79, 0x7b, 0x80, 0x81, 0x7e, 0x80, 0x87, 0x87, 0x7e, 0x78,
  0x7c, 0x80, 0x7e, 0x7b, 0x7f, 0x85, 0x85, 0x80, 0x7f, 0x81, 0x80, 0x7c,
  0x7a, 0x7c, 0x7f, 0x81, 0x83, 0x83, 0x80, 0x7f, 0x81, 0x81, 0x7d, 0x7b,
  0x7e, 0x80, 0x7d, 0x7c, 0x82, 0x88, 0x85, 0x7f, 0x7d, 0x7e, 0x7d, 0x79,
  0x7b, 0x81, 0x86, 0x84, 0x80, 0x7e, 0x7f, 0x81, 0x80, 0x7f, 0x7f, 0x7f,
  0x7d, 0x7c, 0x7e, 0x82, 0x86, 0x85, 0x82, 0x7e, 0x7b, 0x7b, 0x7d, 0x7e,
  0x7f, 0x83, 0x86, 0x82, 0x7c, 0x7d, 0x83, 0x83, 0x7e, 0x7c, 0x7e, 0x7e,
  0x7b, 0x7d, 0x83, 0x87, 0x85, 0x81, 0x7f, 0x7c, 0x7a, 0x7c, 0x7f, 0x80,
  0x81, 0x83, 0x82, 0x7f, 0x7f, 0x82, 0x83, 0x7f, 0x7c, 0x7b, 0x7b, 0x7d,
  0x80, 0x84, 0x86, 0x86, 0x83, 0x7d, 0x79, 0x7b, 0x7d, 0x7d, 0x7e, 0x82,
  0x84, 0x81, 0x7f, 0x82, 0x84, 0x81, 0x7c, 0x7c, 0x7c, 0x7b, 0x7c, 0x82,
  0x85, 0x85, 0x84, 0x83, 0x7e, 0x79, 0x7a, 0x7e, 0x7e, 0x7d, 0x80, 0x85,
  0x83, 0x7f, 0x80, 0x83, 0x81, 0x7c, 0x7a, 0x7c, 0x7e, 0x7e, 0x80, 0x83,
  0x84, 0x85, 0x83, 0x7f, 0x7b, 0x7b, 0x7c, 0x7c, 0x7d, 0x81, 0x85, 0x85,
  0x82, 0x80, 0x80, 0x7f, 0x7d, 0x7c, 0x7c, 0x7d, 0x7f, 0x80, 0x81, 0x82,
  0x85, 0x85, 0x81, 0x7b, 0x7a, 0x7b, 0x7b, 0x7c, 0x82, 0x86, 0x86, 0x81,
  0x7f, 0x7f, 0x7e, 0x7d, 0x7d, 0x7e, 0x7d, 0x7d, 0x7e, 0x82, 0x84, 0x85,
  0x85, 0x82, 0x7c, 0x78, 0x78, 0x7b, 0x7f, 0x82, 0x85, 0x86, 0x82, 0x7e,
  0x7e, 0x80, 0x7f, 0x7d, 0x7c, 0x7e, 0x7e, 0x7d, 0x80, 0x86, 0x88, 0x84,
  0x7f, 0x7d, 0x7b, 0x7a, 0x7b, 0x7f, 0x82, 0x83, 0x83, 0x82, 0x80, 0x7f,
  0x80, 0x81, 0x7e, 0x7a, 0x7b, 0x7e, 0x7f, 0x7f, 0x83, 0x88, 0x86, 0x80,
  0x7c, 0x7b, 0x7c, 0x7c, 0x7d, 0x80, 0x82, 0x82, 0x81, 0x81, 0x81, 0x82,
  0x82, 0x7f, 0x7b, 0x7a, 0x7b, 0x7e, 0x80, 0x83, 0x85, 0x85, 0x83, 0x7f,
  0x7b, 0x7b, 0x7d, 0x7e, 0x7e, 0x7f, 0x81, 0x82, 0x81, 0x81, 0x83, 0x83,
  0x7f, 0x7b, 0x7b, 0x7c, 0x7c, 0x7e, 0x82, 0x85, 0x85, 0x82, 0x81, 0x7f,
  0x7d, 0x7b, 0x7c, 0x7e, 0x7f, 0x80, 0x81, 0x82, 0x82, 0x82, 0x82, 0x81,
  0x7e, 0x7c, 0x7c, 0x7c, 0x7c, 0x7e, 0x82, 0x86, 0x85, 0x82, 0x7f, 0x7e,
  0x7d, 0x7b, 0x7c, 0x7f, 0x82, 0x81, 0x7f, 0x80, 0x82, 0x82, 0x82, 0x81,
  0x7f, 0x7c, 0x7a, 0x7b, 0x7d, 0x81, 0x85, 0x87, 0x84, 0x7f, 0x7c, 0x7c,
  0x7d, 0x7d, 0x7e, 0x81, 0x81, 0x7f, 0x7d, 0x80, 0x84, 0x85, 0x82, 0x7f,
  0x7c, 0x7a, 0x79, 0x7c, 0x81, 0x85, 0x85, 0x84, 0x81, 0x7d, 0x7c, 0x7e,
  0x80, 0x80, 0x7e, 0x7d, 0x7e, 0x7e, 0x7f, 0x83, 0x86, 0x85, 0x80, 0x7c,
  0x7a, 0x7a, 0x7b, 0x7f, 0x83, 0x84, 0x82, 0x80, 0x80, 0x7f, 0x7f, 0x7f,
  0x81, 0x7f, 0x7c, 0x7b, 0x7d, 0x81, 0x82, 0x83, 0x84, 0x83, 0x7f, 0x7b,
  0x7b, 0x7c, 0x7e, 0x80, 0x82, 0x81, 0x80, 0x80, 0x81, 0x81, 0x7f, 0x7f,
  0x7f, 0x7f, 0x7c, 0x7b, 0x7e, 0x83, 0x83, 0x82, 0x81, 0x81, 0x7f, 0x7d,
  0x7c, 0x7d, 0x7f, 0x80, 0x81, 0x81, 0x80, 0x80, 0x80, 0x81, 0x80, 0x7f,
  0x7f, 0x80, 0x7e, 0x7c, 0x7d, 0x81, 0x83, 0x82, 0x81, 0x81, 0x80, 0x7d,
  0x7b, 0x7d, 0x81, 0x82, 0x81, 0x80, 0x7f, 0x7e, 0x7e, 0x81, 0x82, 0x81,
  0x80, 0x7e, 0x7d, 0x7b, 0x7c, 0x81, 0x85, 0x84, 0x80, 0x7e, 0x7d, 0x7c,
  0x7d, 0x80, 0x83, 0x83, 0x7f, 0x7c, 0x7d, 0x7e, 0x80, 0x83, 0x85, 0x82,
  0x7d, 0x7a, 0x7c, 0x7e, 0x7f, 0x83, 0x85, 0x83, 0x7d, 0x7b, 0x7d, 0x80,
  0x82, 0x82, 0x82, 0x7f, 0x7c, 0x7a, 0x7d, 0x82, 0x84, 0x84, 0x83, 0x7f,
  0x7b, 0x7a, 0x7e, 0x82, 0x82, 0x80, 0x80, 0x80, 0x7e, 0x7c, 0x80, 0x84,
  0x84, 0x80, 0x7d, 0x7d, 0x7d, 0x7d, 0x7f, 0x82, 0x83, 0x81, 0x80, 0x7f,
  0x7f, 0x7e, 0x80, 0x81, 0x80, 0x7d, 0x7d, 0x80, 0x81, 0x7f, 0x7f, 0x82,
  0x82, 0x80, 0x7d, 0x7e, 0x80, 0x7f, 0x7d, 0x7e, 0x81, 0x82, 0x81, 0x81,
  0x80, 0x7f, 0x7e, 0x7f, 0x80, 0x80, 0x7f, 0x80, 0x80, 0x7e, 0x7d, 0x80,
  0x84, 0x84, 0x7f, 0x7d, 0x7d, 0x7d, 0x7d, 0x7e, 0x83, 0x84, 0x81, 0x7e,
  0x7d, 0x7e, 0x80, 0x81, 0x82, 0x81, 0x7d, 0x7b, 0x7c, 0x7f, 0x81, 0x82,
  0x84, 0x83, 0x7e, 0x7a, 0x7b, 0x80, 0x82, 0x81, 0x81, 0x80, 0x7d, 0x7c,
  0x7e, 0x82, 0x84, 0x83, 0x81, 0x7e, 0x7b, 0x79, 0x7d, 0x83, 0x85, 0x82,
  0x7f, 0x7f, 0x7e, 0x7d, 0x7e, 0x82, 0x84, 0x81, 0x7c, 0x7b, 0x7c, 0x7f,
  0x82, 0x84, 0x83, 0x80, 0x7e, 0x7d, 0x7d, 0x7d, 0x80, 0x83, 0x83, 0x7e,
  0x7b, 0x7d, 0x81, 0x82, 0x80, 0x80, 0x81, 0x7f, 0x7c, 0x7b, 0x7e, 0x81,
  0x82, 0x81, 0x80, 0x7f, 0x7f, 0x80, 0x80, 0x7f, 0x7e, 0x7f, 0x80, 0x7f,
  0x7d, 0x7e, 0x81, 0x82, 0x80, 0x7f, 0x81, 0x82, 0x80, 0x7c, 0x7c, 0x7e,
  0x80, 0x80, 0x80, 0x81, 0x80, 0x7f, 0x7f, 0x80, 0x80, 0x81, 0x81, 0x80,
  0x7d, 0x7b, 0x7d, 0x81, 0x82, 0x82, 0x81, 0x81, 0x80, 0x7d, 0x7c, 0x7f,
  0x82, 0x82, 0x7f, 0x7d, 0x7c, 0x7d, 0x80, 0x83, 0x84, 0x82, 0x80, 0x7f,
  0x7d, 0x7b, 0x7d, 0x81, 0x83, 0x81, 0x7d, 0x7d, 0x7f, 0x81, 0x81, 0x82,
  0x83, 0x82, 0x7e, 0x7b, 0x7b, 0x7e, 0x81, 0x83, 0x82, 0x80, 0x7e, 0x7e,
  0x80, 0x81, 0x80, 0x81, 0x81, 0x7f, 0x7b, 0x7b, 0x7f, 0x83, 0x83, 0x81,
  0x80, 0x7f, 0x7f, 0x7e, 0x7e, 0x80, 0x81, 0x81, 0x7f, 0x7d, 0x7d, 0x7f,
  0x82, 0x83, 0x81, 0x7f, 0x7f, 0x7f, 0x7e, 0x7d, 0x7f, 0x82, 0x82, 0x7f,
  0x7d, 0x7e, 0x80, 0x81, 0x80, 0x80, 0x7f, 0x80, 0x7f, 0x7e, 0x7e, 0x7f,
  0x81, 0x81, 0x80, 0x7e, 0x7f, 0x81, 0x81, 0x7e, 0x7e, 0x80, 0x82, 0x80,
  0x7e, 0x7f, 0x80, 0x80, 0x7f, 0x7f, 0x80, 0x81, 0x81, 0x7f, 0x7d, 0x7e,
  0x80, 0x82, 0x81, 0x7f, 0x7f, 0x80, 0x7f, 0x7e, 0x7e, 0x80, 0x82, 0x82,
  0x7e, 0x7c, 0x7e, 0x81, 0x81, 0x80, 0x81, 0x81, 0x7f, 0x7d, 0x7c, 0x7e,
  0x81, 0x83, 0x83, 0x7f, 0x7d, 0x7e, 0x80, 0x80, 0x80, 0x82, 0x82, 0x7f,
  0x7c, 0x7b, 0x7e, 0x82, 0x84, 0x82, 0x7f, 0x7e, 0x7e, 0x7e, 0x7e, 0x81,
  0x83, 0x82, 0x7f, 0x7c, 0x7b, 0x7d, 0x82, 0x84, 0x82, 0x7f, 0x7f, 0x7f,
  0x7d, 0x7d, 0x81, 0x83, 0x82, 0x7f, 0x7c, 0x7c, 0x7f, 0x82, 0x82, 0x80,
  0x80, 0x80, 0x7f, 0x7d, 0x7e, 0x81, 0x82, 0x81, 0x7f, 0x7d, 0x7d, 0x80,
  0x81, 0x80, 0x7f, 0x81, 0x81, 0x7e, 0x7d, 0x7f, 0x81, 0x81, 0x80, 0x7f,
  0x7e, 0x7f, 0x81, 0x80, 0x7e, 0x7f, 0x81, 0x81, 0x7f, 0x7e, 0x7f, 0x80,
  0x80, 0x7f, 0x7e, 0x7f, 0x81, 0x82, 0x7f, 0x7d, 0x7f, 0x81, 0x80, 0x7f,
  0x80, 0x80, 0x80, 0x7f, 0x7e, 0x7e, 0x80, 0x83, 0x82, 0x7e, 0x7d, 0x7f,
  0x80, 0x80, 0x80, 0x81, 0x81, 0x7f, 0x7d, 0x7c, 0x7e, 0x82, 0x84, 0x81,
  0x7e, 0x7e, 0x7f, 0x7f, 0x80, 0x82, 0x82, 0x80, 0x7e, 0x7c, 0x7b, 0x7f,
  0x83, 0x84, 0x80, 0x7e, 0x7e, 0x7e, 0x7e, 0x80, 0x82, 0x82, 0x81, 0x7e,
  0x7b, 0x7c, 0x80, 0x83, 0x82, 0x80, 0x7f, 0x7f, 0x7d, 0x7e, 0x80, 0x82,
  0x82, 0x80, 0x7e, 0x7b, 0x7d, 0x81, 0x83, 0x81, 0x80, 0x80, 0x7f, 0x7e,
  0x7e, 0x80, 0x81, 0x81, 0x80, 0x7e, 0x7d, 0x7f, 0x81, 0x80, 0x7f, 0x80,
  0x81, 0x7f, 0x7e, 0x7f, 0x7f, 0x80, 0x80, 0x7f, 0x7e, 0x7f, 0x81, 0x81,
  0x7f, 0x7e, 0x80, 0x81, 0x80, 0x80, 0x7f, 0x7f, 0x7f, 0x7f, 0x7e, 0x7f,
  0x81, 0x82, 0x7f, 0x7d, 0x7e, 0x80, 0x80, 0x81, 0x81, 0x80, 0x7f, 0x7e,
  0x7e, 0x7e, 0x80, 0x83, 0x82, 0x7e, 0x7d, 0x7e, 0x80, 0x81, 0x81, 0x81,
  0x80, 0x7e, 0x7d, 0x7d, 0x7f, 0x82, 0x83, 0x81, 0x7e, 0x7d, 0x7e, 0x7f,
  0x81, 0x81, 0x81, 0x7f, 0x7f, 0x7d, 0x7d, 0x7f, 0x82, 0x82, 0x80, 0x7e,
  0x7e, 0x7f, 0x80, 0x81, 0x81, 0x80, 0x7f, 0x7f, 0x7e, 0x7e, 0x80, 0x82,
  0x80, 0x7f, 0x7e, 0x7f, 0x80, 0x81, 0x80, 0x7f, 0x7f, 0x7f, 0x7f, 0x7e,
  0x80, 0x81, 0x81, 0x7f, 0x7e, 0x7f, 0x80, 0x81, 0x81, 0x80, 0x7e, 0x7e,
  0x7f, 0x7f, 0x7f, 0x81, 0x81, 0x7f, 0x7e, 0x7e, 0x80, 0x81, 0x82, 0x81,
  0x7f, 0x7e, 0x7e, 0x7e, 0x7f, 0x81, 0x82, 0x81, 0x7e, 0x7d, 0x7e, 0x80,
  0x82, 0x82, 0x80, 0x7e, 0x7e, 0x7e, 0x7e, 0x80, 0x82, 0x82, 0x80, 0x7d,
  0x7d, 0x7f, 0x81, 0x82, 0x82, 0x80, 0x7e, 0x7e, 0x7d, 0x7e, 0x81, 0x82,
  0x81, 0x7f, 0x7d, 0x7e, 0x7f, 0x81, 0x82, 0x81, 0x7f, 0x7e, 0x7e, 0x7e,
  0x7f, 0x81, 0x82, 0x81, 0x7e, 0x7e, 0x7e, 0x80, 0x81, 0x81, 0x80, 0x7f,
  0x7e, 0x7e, 0x7e, 0x80, 0x82, 0x81, 0x7f, 0x7e, 0x7e, 0x7f, 0x80, 0x81,
  0x80, 0x7f, 0x7f, 0x7e, 0x7e, 0x7f, 0x81, 0x81, 0x80, 0x7e, 0x7e, 0x7f,
  0x80, 0x81, 0x81, 0x80, 0x7f, 0x7e, 0x7e, 0x7f, 0x80, 0x81, 0x81, 0x7f,
  0x7e, 0x7e, 0x7f, 0x81, 0x81, 0x81, 0x7f, 0x7e, 0x7e, 0x7e, 0x80, 0x81,
  0x82, 0x80, 0x7e, 0x7e, 0x7e, 0x80, 0x81, 0x81, 0x80, 0x7f, 0x7d, 0x7d,
  0x7f, 0x81, 0x82, 0x81, 0x7f, 0x7d, 0x7d, 0x7f, 0x81, 0x82, 0x81, 0x7f,
  0x7e, 0x7d, 0x7e, 0x80, 0x82, 0x82, 0x80, 0x7e, 0x7d, 0x7e, 0x80, 0x81,
  0x82, 0x80, 0x7f, 0x7d, 0x7d, 0x7f, 0x81, 0x82, 0x81, 0x7f, 0x7e, 0x7e,
  0x7f, 0x81, 0x82, 0x81, 0x80, 0x7e, 0x7d, 0x7e, 0x80, 0x82, 0x82, 0x80,
  0x7e, 0x7e, 0x7e, 0x80, 0x81, 0x81, 0x80, 0x7f, 0x7e, 0x7e, 0x7f, 0x80,
  0x82, 0x81, 0x7f, 0x7e, 0x7e, 0x7f, 0x80, 0x81, 0x81, 0x80, 0x7f, 0x7e,
  0x7e, 0x7f, 0x81, 0x82, 0x80, 0x7f, 0x7e, 0x7e, 0x80, 0x81, 0x81, 0x80,
  0x7f, 0x7e, 0x7e, 0x7e, 0x80, 0x82, 0x81, 0x80, 0x7e, 0x7e, 0x7f, 0x80,
  0x81, 0x81, 0x80, 0x7f, 0x7e, 0x7e, 0x7f, 0x81, 0x82, 0x81, 0x7f, 0x7e,
  0x7e, 0x7f, 0x81, 0x81, 0x80, 0x7f, 0x7e, 0x7e, 0x7e, 0x80, 0x81, 0x81,
  0x80, 0x7e, 0x7e, 0x7f, 0x80, 0x81, 0x81, 0x80, 0x7f, 0x7e, 0x7e, 0x7f,
  0x81, 0x81, 0x81, 0x7f, 0x7e, 0x7e, 0x7f, 0x80, 0x81, 0x80, 0x80, 0x7e,
  0x7e, 0x7e, 0x80, 0x81, 0x81, 0x80, 0x7f, 0x7e, 0x7f, 0x80, 0x81, 0x81,
  0x80, 0x7f, 0x7e, 0x7e, 0x7f, 0x80, 0x81, 0x80, 0x7f, 0x7e, 0x7e, 0x7f,
  0x80, 0x81, 0x80, 0x80, 0x7f, 0x7e, 0x7f, 0x80, 0x81, 0x81, 0x80, 0x7f,
  0x7e, 0x7f, 0x80, 0x81, 0x81, 0x80, 0x7f, 0x7e, 0x7e, 0x7f, 0x80, 0x81,
  0x80, 0x7f, 0x7e, 0x7e, 0x7f, 0x80, 0x81, 0x80, 0x80, 0x7f, 0x7e, 0x7f,
  0x80, 0x81, 0x81, 0x80, 0x7e, 0x7e, 0x7f, 0x80, 0x81, 0x81, 0x80, 0x7f,
  0x7e, 0x7e, 0x7f, 0x80, 0x81, 0x80, 0x7f, 0x7e, 0x7e, 0x7f, 0x80, 0x81,
  0x80, 0x7f, 0x7f, 0x7e, 0x7f, 0x80, 0x81, 0x81, 0x80, 0x7f, 0x7e, 0x7f,
  0x80, 0x80, 0x80, 0x80, 0x7f, 0x7f, 0x7f, 0x80, 0x80, 0x81, 0x80, 0x7f,
  0x7e, 0x7f, 0x80, 0x80, 0x80, 0x80, 0x7f, 0x7f, 0x7f, 0x7f, 0x80, 0x80,
  0x80, 0x7f, 0x7f, 0x7f, 0x7f, 0x80, 0x80, 0x80, 0x7f, 0x7f, 0x7f, 0x7f,
  0x80, 0x80, 0x80, 0x80, 0x7f, 0x7f, 0x7f, 0x80, 0x80, 0x80, 0x80, 0x7f,
  0x7f, 0x7f, 0x7f, 0x80, 0x80, 0x80, 0x7f, 0x7f, 0x7f, 0x80, 0x80, 0x80,
  0x80, 0x7f, 0x7f, 0x7f, 0x7f, 0x80, 0x80, 0x80, 0x7f, 0x7f, 0x7f, 0x7f,
  0x80, 0x80, 0x80, 0x7f, 0x7f, 0x7f, 0x7f, 0x80, 0x80, 0x80, 0x80, 0x7f,
  0x7f, 0x7f, 0x80, 0x80, 0x80, 0x7f, 0x7f, 0x7f, 0x7f, 0x80, 0x80, 0x80,
  0x80, 0x7f, 0x7f, 0x7f, 0x80, 0x80, 0x80, 0x80, 0x7f, 0x7f, 0x7f, 0x80,
  0x80, 0x80, 0x80, 0x7f, 0x7f, 0x7f, 0x7f, 0x80, 0x80, 0x80, 0x7f, 0x7f,
  0x7f, 0x80, 0x80, 0x80, 0x80, 0x7f, 0x7f, 0x7f, 0x7f, 0x80, 0x80, 0x80,
  0x7f, 0x7f, 0x7f, 0x7f, 0x80, 0x80, 0x80, 0x7f, 0x7f, 0x7f, 0x7f, 0x80,
  0x80, 0x80, 0x7f, 0x7f, 0x7f, 0x7f, 0x80, 0x80, 0x80, 0x7f, 0x7f, 0x7f,
  0x7f, 0x80, 0x80, 0x80, 0x7f, 0x7f, 0x7f, 0x7f, 0x80, 0x80, 0x80, 0x7f,
  0x7f, 0x7f, 0x7f, 0x80, 0x80, 0x80, 0x7f, 0x7f, 0x7f, 0x7f, 0x80, 0x80,
  0x80, 0x7f, 0x7f, 0x7f, 0x7f, 0x80, 0x80, 0x80, 0x80, 0x7f, 0x7f, 0x7f,
  0x80, 0x80, 0x80, 0x80, 0x7f, 0x7f, 0x7f, 0x80, 0x80, 0x80, 0x80, 0x7f,
  0x7f, 0x7f, 0x80, 0x80, 0x80, 0x80, 0x7f, 0x7f, 0x7f, 0x80, 0x80, 0x80,
  0x80, 0x7f, 0x7f, 0x7f, 0x80, 0x80, 0x80, 0x80, 0x7f, 0x7f, 0x7f, 0x80,
  0x80, 0x80, 0x80, 0x7f, 0x7f, 0x7f, 0x7f, 0x80, 0x80, 0x80, 0x7f, 0x7f,
  0x7f, 0x7f, 0x80, 0x80, 0x80, 0x7f, 0x7f, 0x7f, 0x7f, 0x80, 0x80, 0x80,
  0x7f, 0x7f, 0x7f, 0x7f, 0x80, 0x80, 0x80, 0x7f, 0x7f, 0x7f, 0x7f, 0x80,
  0x80, 0x80, 0x80, 0x7f, 0x7f, 0x7f, 0x80, 0x80, 0x80, 0x80, 0x7f, 0x7f,
  0x7f, 0x7f, 0x80, 0x80, 0x80, 0x7f, 0x7f, 0x7f, 0x7f, 0x80, 0x80, 0x80,
  0x7f, 0x7f, 0x7f, 0x7f, 0x80, 0x80, 0x80, 0x80, 0x7f, 0x7f, 0x7f, 0x80,
  0x80, 0x80, 0x7f, 0x7f, 0x7f, 0x7f, 0x80, 0x80, 0x80, 0x80, 0x7f, 0x7f,
  0x7f, 0x80, 0x80, 0x80, 0x80, 0x7f, 0x7f, 0x7f, 0x80, 0x80, 0x80, 0x80,
  0x7f, 0x7f, 0x7f, 0x80, 0x80, 0x80, 0x80, 0x7f, 0x7e, 0x7e, 0x7f, 0x80,
  0x80, 0x7f, 0x7f, 0x7e, 0x7f, 0x80, 0x81, 0x81, 0x80, 0x7f, 0x7d, 0x7d,
  0x7f, 0x81, 0x82, 0x82, 0x7f, 0x7e, 0x7e, 0x7f
};
const unsigned int ANGRY_SOUND_LEN = 8000;

// ---- HAPPY (16000 bytes, 2.0s @ 8000Hz)
const uint8_t HAPPY_SOUND[] PROGMEM = {
  0x8c, 0x92, 0x66, 0x80, 0x9d, 0x7e, 0x70, 0x77, 0x83, 0x82, 0x91, 0x6a,
  0x7b, 0x9d, 0x7c, 0x6f, 0x78, 0x82, 0x78, 0x93, 0x82, 0x6a, 0x95, 0x8d,
  0x71, 0x6f, 0x7e, 0x7d, 0x90, 0x84, 0x67, 0x93, 0x92, 0x72, 0x6b, 0x83,
  0x7e, 0x81, 0x95, 0x6d, 0x82, 0x94, 0x7c, 0x71, 0x75, 0x81, 0x82, 0x94,
  0x70, 0x79, 0x9b, 0x80, 0x6d, 0x73, 0x84, 0x7c, 0x8e, 0x7f, 0x72, 0x94,
  0x87, 0x77, 0x72, 0x7b, 0x7d, 0x8f, 0x87, 0x68, 0x91, 0x92, 0x77, 0x6e,
  0x77, 0x82, 0x85, 0x8e, 0x6c, 0x83, 0x99, 0x7b, 0x6f, 0x77, 0x80, 0x7d,
  0x92, 0x78, 0x73, 0x97, 0x89, 0x71, 0x71, 0x80, 0x7c, 0x8c, 0x88, 0x6a,
  0x8d, 0x95, 0x75, 0x6d, 0x7d, 0x7e, 0x82, 0x90, 0x71, 0x7d, 0x96, 0x82,
  0x6f, 0x74, 0x81, 0x78, 0x91, 0x83, 0x6a, 0x93, 0x93, 0x74, 0x6a, 0x80,
  0x81, 0x80, 0x91, 0x72, 0x80, 0x93, 0x81, 0x70, 0x72, 0x81, 0x79, 0x95,
  0x81, 0x6c, 0x93, 0x8e, 0x76, 0x6a, 0x7f, 0x7d, 0x84, 0x90, 0x6e, 0x85,
  0x8e, 0x82, 0x73, 0x70, 0x7f, 0x7b, 0x99, 0x7c, 0x6d, 0x95, 0x8b, 0x79,
  0x6b, 0x7c, 0x7d, 0x87, 0x91, 0x6a, 0x84, 0x90, 0x80, 0x78, 0x6d, 0x7a,
  0x80, 0x9a, 0x79, 0x6a, 0x98, 0x8b, 0x78, 0x6d, 0x7a, 0x7d, 0x8a, 0x91,
  0x6b, 0x85, 0x90, 0x80, 0x7a, 0x6e, 0x78, 0x80, 0x9d, 0x77, 0x69, 0x9a,
  0x8b, 0x78, 0x6e, 0x79, 0x7e, 0x88, 0x91, 0x6b, 0x83, 0x92, 0x7e, 0x7e,
  0x6c, 0x76, 0x80, 0x9a, 0x7e, 0x64, 0x98, 0x8c, 0x79, 0x71, 0x74, 0x80,
  0x83, 0x92, 0x72, 0x7d, 0x93, 0x7f, 0x82, 0x6e, 0x76, 0x7f, 0x94, 0x8a,
  0x63, 0x91, 0x91, 0x7a, 0x76, 0x70, 0x81, 0x7d, 0x93, 0x7d, 0x71, 0x93,
  0x81, 0x85, 0x70, 0x6e, 0x80, 0x8b, 0x93, 0x64, 0x84, 0x99, 0x7a, 0x7a,
  0x6d, 0x80, 0x7d, 0x8e, 0x87, 0x6e, 0x90, 0x86, 0x83, 0x74, 0x6d, 0x80,
  0x87, 0x96, 0x6a, 0x7e, 0x99, 0x7d, 0x79, 0x6e, 0x80, 0x7c, 0x8a, 0x8b,
  0x6e, 0x8c, 0x89, 0x7f, 0x77, 0x6c, 0x80, 0x83, 0x94, 0x72, 0x79, 0x9c,
  0x7c, 0x79, 0x70, 0x7c, 0x7e, 0x83, 0x91, 0x6e, 0x88, 0x8f, 0x7d, 0x79,
  0x6b, 0x7e, 0x82, 0x91, 0x76, 0x73, 0x9d, 0x80, 0x74, 0x72, 0x7a, 0x80,
  0x80, 0x90, 0x72, 0x83, 0x94, 0x7b, 0x79, 0x6d, 0x7e, 0x82, 0x90, 0x7c,
  0x70, 0x9e, 0x84, 0x77, 0x73, 0x79, 0x81, 0x7e, 0x92, 0x71, 0x81, 0x96,
  0x7d, 0x7a, 0x6b, 0x7d, 0x81, 0x8e, 0x7f, 0x6e, 0x9c, 0x87, 0x74, 0x76,
  0x75, 0x82, 0x7c, 0x92, 0x76, 0x7b, 0x9a, 0x7d, 0x7b, 0x6c, 0x7c, 0x84,
  0x87, 0x85, 0x6b, 0x97, 0x8c, 0x73, 0x75, 0x72, 0x83, 0x7b, 0x90, 0x78,
  0x78, 0x9a, 0x7f, 0x77, 0x6e, 0x7b, 0x85, 0x85, 0x87, 0x6e, 0x93, 0x90,
  0x72, 0x75, 0x73, 0x85, 0x7d, 0x8d, 0x7b, 0x78, 0x9b, 0x80, 0x76, 0x6d,
  0x7d, 0x87, 0x83, 0x84, 0x70, 0x95, 0x8d, 0x73, 0x74, 0x74, 0x84, 0x7e,
  0x8c, 0x79, 0x7b, 0x9a, 0x80, 0x74, 0x6c, 0x7e, 0x87, 0x85, 0x81, 0x74,
  0x97, 0x8c, 0x73, 0x71, 0x78, 0x83, 0x82, 0x8c, 0x76, 0x80, 0x97, 0x80,
  0x70, 0x6c, 0x83, 0x83, 0x86, 0x7e, 0x75, 0x99, 0x87, 0x72, 0x70, 0x79,
  0x83, 0x80, 0x8c, 0x73, 0x85, 0x97, 0x79, 0x6f, 0x6e, 0x87, 0x82, 0x86,
  0x7d, 0x77, 0xa0, 0x7f, 0x6e, 0x70, 0x81, 0x82, 0x7f, 0x8d, 0x71, 0x8f,
  0x91, 0x74, 0x6d, 0x74, 0x8c, 0x7c, 0x88, 0x7b, 0x7f, 0x9d, 0x76, 0x6c,
  0x74, 0x85, 0x81, 0x7e, 0x8a, 0x79, 0x92, 0x89, 0x6e, 0x6f, 0x7f, 0x85,
  0x7f, 0x87, 0x78, 0x90, 0x90, 0x71, 0x6e, 0x7b, 0x88, 0x78, 0x88, 0x7e,
  0x85, 0x94, 0x76, 0x72, 0x72, 0x87, 0x7f, 0x83, 0x83, 0x7c, 0x9c, 0x7e,
  0x6d, 0x74, 0x84, 0x80, 0x7c, 0x89, 0x7b, 0x93, 0x88, 0x6e, 0x6f, 0x81,
  0x83, 0x79, 0x89, 0x7b, 0x8c, 0x91, 0x71, 0x6c, 0x7d, 0x89, 0x77, 0x87,
  0x82, 0x84, 0x96, 0x79, 0x6d, 0x76, 0x8a, 0x7b, 0x7f, 0x86, 0x7c, 0x95,
  0x84, 0x6c, 0x70, 0x86, 0x81, 0x79, 0x87, 0x7c, 0x8f, 0x8e, 0x70, 0x6b,
  0x81, 0x88, 0x76, 0x85, 0x7f, 0x89, 0x93, 0x78, 0x69, 0x77, 0x8e, 0x77,
  0x7e, 0x86, 0x80, 0x95, 0x83, 0x6b, 0x6f, 0x8d, 0x80, 0x72, 0x8a, 0x7f,
  0x8c, 0x8b, 0x71, 0x6b, 0x81, 0x8a, 0x71, 0x87, 0x84, 0x84, 0x91, 0x7c,
  0x6b, 0x77, 0x8f, 0x77, 0x80, 0x87, 0x80, 0x8f, 0x84, 0x6f, 0x6e, 0x8a,
  0x80, 0x7b, 0x88, 0x7c, 0x8d, 0x8c, 0x72, 0x6c, 0x82, 0x87, 0x75, 0x87,
  0x80, 0x82, 0x92, 0x78, 0x6c, 0x7a, 0x8a, 0x78, 0x82, 0x86, 0x7c, 0x92,
  0x82, 0x6d, 0x72, 0x8b, 0x7e, 0x7b, 0x8a, 0x7c, 0x8f, 0x85, 0x72, 0x71,
  0x83, 0x84, 0x79, 0x8b, 0x7c, 0x88, 0x8d, 0x73, 0x6e, 0x7e, 0x87, 0x7b,
  0x87, 0x7f, 0x85, 0x8e, 0x76, 0x6a, 0x7d, 0x87, 0x7c, 0x86, 0x7f, 0x87,
  0x8d, 0x77, 0x6c, 0x7c, 0x85, 0x7d, 0x87, 0x7c, 0x89, 0x8d, 0x75, 0x6d,
  0x7e, 0x84, 0x7f, 0x87, 0x7b, 0x8c, 0x8a, 0x71, 0x6d, 0x83, 0x81, 0x7f,
  0x88, 0x7b, 0x8e, 0x87, 0x71, 0x6f, 0x85, 0x7f, 0x83, 0x87, 0x7c, 0x90,
  0x83, 0x6f, 0x70, 0x85, 0x7f, 0x84, 0x83, 0x7e, 0x92, 0x7e, 0x6b, 0x76,
  0x85, 0x80, 0x82, 0x81, 0x88, 0x8b, 0x79, 0x6c, 0x7c, 0x82, 0x80, 0x84,
  0x7f, 0x8f, 0x85, 0x72, 0x71, 0x80, 0x7f, 0x83, 0x82, 0x80, 0x94, 0x7e,
  0x6e, 0x76, 0x83, 0x7d, 0x83, 0x80, 0x85, 0x94, 0x77, 0x6a, 0x7e, 0x85,
  0x7a, 0x83, 0x7d, 0x8e, 0x90, 0x70, 0x6a, 0x82, 0x85, 0x7a, 0x83, 0x7f,
  0x91, 0x8a, 0x6e, 0x6c, 0x85, 0x85, 0x7d, 0x7f, 0x81, 0x95, 0x84, 0x6b,
  0x6f, 0x88, 0x84, 0x7e, 0x7c, 0x87, 0x96, 0x7c, 0x6a, 0x76, 0x89, 0x7e,
  0x7f, 0x7f, 0x89, 0x93, 0x77, 0x6c, 0x7d, 0x85, 0x7e, 0x83, 0x7f, 0x8b,
  0x90, 0x74, 0x6b, 0x80, 0x84, 0x7d, 0x84, 0x7e, 0x8c, 0x8d, 0x71, 0x6c,
  0x84, 0x83, 0x7e, 0x83, 0x81, 0x8e, 0x87, 0x6e, 0x71, 0x83, 0x81, 0x81,
  0x81, 0x84, 0x8f, 0x82, 0x6e, 0x74, 0x81, 0x82, 0x85, 0x7b, 0x84, 0x94,
  0x7d, 0x69, 0x7a, 0x85, 0x83, 0x81, 0x7a, 0x8f, 0x92, 0x72, 0x67, 0x83,
  0x86, 0x7c, 0x80, 0x7f, 0x91, 0x8b, 0x6d, 0x6f, 0x86, 0x80, 0x7c, 0x82,
  0x85, 0x8f, 0x85, 0x6f, 0x73, 0x84, 0x7f, 0x81, 0x82, 0x83, 0x8e, 0x84,
  0x6f, 0x74, 0x82, 0x81, 0x83, 0x7f, 0x84, 0x90, 0x82, 0x6a, 0x76, 0x83,
  0x81, 0x83, 0x7e, 0x87, 0x8f, 0x7e, 0x6b, 0x79, 0x83, 0x81, 0x84, 0x7d,
  0x89, 0x91, 0x7b, 0x69, 0x7a, 0x86, 0x83, 0x81, 0x7c, 0x8c, 0x91, 0x76,
  0x67, 0x7d, 0x89, 0x80, 0x7d, 0x7f, 0x90, 0x8d, 0x6f, 0x6b, 0x82, 0x88,
  0x81, 0x7b, 0x83, 0x95, 0x86, 0x6a, 0x70, 0x85, 0x86, 0x81, 0x7d, 0x81,
  0x93, 0x84, 0x6a, 0x73, 0x82, 0x83, 0x84, 0x7f, 0x81, 0x91, 0x83, 0x6c,
  0x75, 0x82, 0x80, 0x83, 0x84, 0x83, 0x8e, 0x7d, 0x6e, 0x7b, 0x80, 0x7e,
  0x85, 0x85, 0x81, 0x8f, 0x7e, 0x6a, 0x7b, 0x84, 0x7e, 0x81, 0x86, 0x87,
  0x8c, 0x7b, 0x6a, 0x7b, 0x88, 0x78, 0x7e, 0x8d, 0x8c, 0x88, 0x76, 0x6d,
  0x78, 0x85, 0x7f, 0x80, 0x8c, 0x8d, 0x85, 0x70, 0x6d, 0x7c, 0x87, 0x82,
  0x83, 0x8c, 0x87, 0x7e, 0x71, 0x72, 0x7e, 0x85, 0x84, 0x86, 0x85, 0x83,
  0x81, 0x72, 0x72, 0x83, 0x86, 0x7f, 0x83, 0x85, 0x82, 0x7f, 0x74, 0x76,
  0x85, 0x85, 0x7c, 0x81, 0x88, 0x89, 0x7f, 0x6f, 0x73, 0x85, 0x89, 0x7b,
  0x7e, 0x8b, 0x8a, 0x7f, 0x6e, 0x70, 0x86, 0x8d, 0x7d, 0x7c, 0x85, 0x88,
  0x82, 0x71, 0x70, 0x84, 0x90, 0x81, 0x72, 0x81, 0x91, 0x83, 0x70, 0x75,
  0x84, 0x88, 0x7a, 0x77, 0x88, 0x93, 0x86, 0x6c, 0x6d, 0x80, 0x8e, 0x80,
  0x72, 0x89, 0x95, 0x85, 0x69, 0x68, 0x82, 0x94, 0x83, 0x6e, 0x85, 0x95,
  0x83, 0x6f, 0x6c, 0x7f, 0x90, 0x88, 0x74, 0x7b, 0x90, 0x88, 0x75, 0x6b,
  0x78, 0x91, 0x91, 0x73, 0x6c, 0x8c, 0x98, 0x7c, 0x68, 0x73, 0x8a, 0x91,
  0x82, 0x6e, 0x78, 0x95, 0x8d, 0x75, 0x6a, 0x77, 0x8d, 0x93, 0x7a, 0x69,
  0x85, 0x98, 0x82, 0x6a, 0x6f, 0x85, 0x91, 0x83, 0x6d, 0x7d, 0x97, 0x8b,
  0x73, 0x68, 0x78, 0x92, 0x90, 0x72, 0x6f, 0x92, 0x97, 0x74, 0x65, 0x78,
  0x8f, 0x8f, 0x77, 0x6b, 0x88, 0x9e, 0x86, 0x67, 0x67, 0x83, 0x93, 0x86,
  0x6e, 0x79, 0x9b, 0x90, 0x6e, 0x67, 0x7b, 0x90, 0x87, 0x74, 0x7a, 0x8e,
  0x91, 0x7c, 0x6e, 0x71, 0x80, 0x8c, 0x85, 0x78, 0x82, 0x8e, 0x80, 0x72,
  0x74, 0x7e, 0x87, 0x85, 0x7c, 0x7c, 0x89, 0x8a, 0x7b, 0x73, 0x78, 0x82,
  0x83, 0x83, 0x7e, 0x7c, 0x8a, 0x87, 0x78, 0x77, 0x7d, 0x83, 0x84, 0x7e,
  0x75, 0x7e, 0x93, 0x89, 0x73, 0x71, 0x7f, 0x88, 0x87, 0x7b, 0x70, 0x82,
  0x97, 0x86, 0x6d, 0x71, 0x88, 0x91, 0x7c, 0x6a, 0x78, 0x95, 0x97, 0x79,
  0x68, 0x7a, 0x8c, 0x8a, 0x7b, 0x6f, 0x7b, 0x8f, 0x8b, 0x7a, 0x75, 0x7d,
  0x87, 0x84, 0x78, 0x73, 0x83, 0x91, 0x88, 0x76, 0x73, 0x7f, 0x87, 0x83,
  0x7c, 0x7d, 0x87, 0x7e, 0x72, 0x7f, 0x8e, 0x8b, 0x7a, 0x70, 0x7d, 0x8d,
  0x89, 0x74, 0x69, 0x84, 0x99, 0x86, 0x6d, 0x70, 0x8c, 0x98, 0x7c, 0x65,
  0x76, 0x8e, 0x91, 0x7b, 0x6d, 0x7f, 0x92, 0x8a, 0x72, 0x6f, 0x85, 0x8c,
  0x7d, 0x70, 0x79, 0x90, 0x94, 0x7c, 0x6c, 0x7b, 0x8a, 0x81, 0x74, 0x7c,
  0x8a, 0x87, 0x7b, 0x75, 0x82, 0x90, 0x82, 0x6e, 0x75, 0x8a, 0x8c, 0x79,
  0x6e, 0x83, 0x98, 0x89, 0x6f, 0x6c, 0x7f, 0x91, 0x88, 0x72, 0x70, 0x83,
  0x93, 0x88, 0x74, 0x75, 0x81, 0x88, 0x82, 0x75, 0x75, 0x83, 0x90, 0x87,
  0x74, 0x77, 0x83, 0x88, 0x82, 0x76, 0x75, 0x81, 0x8a, 0x85, 0x7b, 0x77,
  0x84, 0x8c, 0x82, 0x76, 0x74, 0x7e, 0x8a, 0x85, 0x7a, 0x7a, 0x81, 0x8a,
  0x84, 0x77, 0x76, 0x7d, 0x87, 0x86, 0x7c, 0x7a, 0x7e, 0x83, 0x84, 0x81,
  0x80, 0x7c, 0x78, 0x7d, 0x81, 0x86, 0x85, 0x7c, 0x7c, 0x81, 0x80, 0x7e,
  0x7c, 0x7f, 0x87, 0x86, 0x7a, 0x74, 0x79, 0x88, 0x8d, 0x81, 0x78, 0x78,
  0x80, 0x84, 0x80, 0x7d, 0x7f, 0x7f, 0x82, 0x84, 0x7e, 0x7d, 0x7c, 0x79,
  0x7e, 0x8a, 0x87, 0x7f, 0x7b, 0x79, 0x7e, 0x81, 0x82, 0x7f, 0x79, 0x7c,
  0x86, 0x8c, 0x88, 0x79, 0x6f, 0x77, 0x85, 0x87, 0x81, 0x7c, 0x7d, 0x82,
  0x8a, 0x88, 0x79, 0x70, 0x76, 0x82, 0x8c, 0x85, 0x7a, 0x7c, 0x81, 0x83,
  0x81, 0x7d, 0x7e, 0x80, 0x80, 0x7e, 0x7c, 0x7b, 0x83, 0x8b, 0x88, 0x7b,
  0x71, 0x79, 0x86, 0x88, 0x7f, 0x79, 0x7f, 0x87, 0x82, 0x7a, 0x7d, 0x81,
  0x82, 0x7f, 0x7c, 0x7e, 0x82, 0x82, 0x81, 0x7f, 0x7c, 0x7c, 0x7f, 0x86,
  0x88, 0x80, 0x79, 0x78, 0x7c, 0x82, 0x84, 0x83, 0x80, 0x7f, 0x7e, 0x7e,
  0x80, 0x80, 0x7f, 0x80, 0x82, 0x82, 0x7f, 0x7b, 0x7b, 0x81, 0x82, 0x7f,
  0x81, 0x84, 0x80, 0x7c, 0x7b, 0x7a, 0x81, 0x88, 0x82, 0x7c, 0x7c, 0x7d,
  0x81, 0x84, 0x81, 0x7d, 0x7e, 0x80, 0x81, 0x7f, 0x7d, 0x7d, 0x80, 0x84,
  0x84, 0x83, 0x7f, 0x79, 0x78, 0x7e, 0x82, 0x84, 0x81, 0x7e, 0x80, 0x80,
  0x7f, 0x81, 0x7f, 0x7c, 0x7d, 0x7d, 0x7e, 0x82, 0x85, 0x84, 0x82, 0x7c,
  0x78, 0x7b, 0x80, 0x82, 0x83, 0x81, 0x7e, 0x7f, 0x83, 0x83, 0x7e, 0x7b,
  0x79, 0x7c, 0x84, 0x89, 0x85, 0x7f, 0x7b, 0x79, 0x7e, 0x84, 0x84, 0x81,
  0x7e, 0x7b, 0x7c, 0x82, 0x85, 0x83, 0x7f, 0x7b, 0x7b, 0x7e, 0x81, 0x82,
  0x82, 0x81, 0x80, 0x7f, 0x7d, 0x7d, 0x7e, 0x80, 0x80, 0x81, 0x81, 0x81,
  0x82, 0x80, 0x7d, 0x7a, 0x7a, 0x7f, 0x83, 0x86, 0x85, 0x80, 0x7b, 0x7a,
  0x7d, 0x7f, 0x81, 0x84, 0x82, 0x7e, 0x7c, 0x7e, 0x80, 0x82, 0x81, 0x80,
  0x7f, 0x7d, 0x7d, 0x7f, 0x80, 0x80, 0x81, 0x82, 0x80, 0x7f, 0x80, 0x80,
  0x7f, 0x7d, 0x7b, 0x7d, 0x81, 0x84, 0x85, 0x84, 0x7f, 0x7b, 0x7b, 0x7c,
  0x7f, 0x80, 0x7e, 0x7f, 0x85, 0x88, 0x83, 0x7d, 0x7b, 0x79, 0x7a, 0x7f,
  0x83, 0x83, 0x82, 0x80, 0x7f, 0x81, 0x7f, 0x7d, 0x7d, 0x7f, 0x7f, 0x81,
  0x82, 0x83, 0x81, 0x7e, 0x7b, 0x7c, 0x7f, 0x80, 0x82, 0x85, 0x83, 0x7e,
  0x7b, 0x7c, 0x7e, 0x7f, 0x80, 0x81, 0x82, 0x81, 0x81, 0x81, 0x7f, 0x7b,
  0x7a, 0x7c, 0x82, 0x85, 0x84, 0x81, 0x7f, 0x7e, 0x7d, 0x7e, 0x7f, 0x7f,
  0x7f, 0x80, 0x81, 0x81, 0x80, 0x7f, 0x80, 0x82, 0x81, 0x7d, 0x7c, 0x7c,
  0x7e, 0x80, 0x83, 0x85, 0x83, 0x7f, 0x7d, 0x7c, 0x7c, 0x7e, 0x80, 0x81,
  0x81, 0x81, 0x81, 0x80, 0x7f, 0x7f, 0x7f, 0x7f, 0x7f, 0x7f, 0x7e, 0x7f,
  0x80, 0x81, 0x82, 0x81, 0x7f, 0x7d, 0x7d, 0x7e, 0x7f, 0x81, 0x82, 0x82,
  0x80, 0x7f, 0x7e, 0x7e, 0x7f, 0x80, 0x81, 0x80, 0x7f, 0x7e, 0x7e, 0x7f,
  0x80, 0x80, 0x81, 0x81, 0x81, 0x80, 0x7f, 0x7e, 0x7b, 0x7b, 0x7e, 0x84,
  0x86, 0x84, 0x81, 0x7d, 0x7a, 0x7a, 0x7e, 0x82, 0x83, 0x81, 0x7f, 0x7e,
  0x7f, 0x80, 0x81, 0x81, 0x7f, 0x7d, 0x7d, 0x7f, 0x80, 0x80, 0x7f, 0x7e,
  0x80, 0x84, 0x86, 0x83, 0x7c, 0x79, 0x79, 0x7c, 0x82, 0x86, 0x84, 0x80,
  0x7e, 0x7f, 0x82, 0x83, 0x7f, 0x7b, 0x7b, 0x7c, 0x80, 0x83, 0x83, 0x81,
  0x7e, 0x7e, 0x82, 0x85, 0x82, 0x7c, 0x78, 0x79, 0x7c, 0x83, 0x87, 0x85,
  0x81, 0x7e, 0x7d, 0x80, 0x82, 0x80, 0x7d, 0x7c, 0x7c, 0x7f, 0x82, 0x83,
  0x81, 0x80, 0x7f, 0x81, 0x83, 0x81, 0x7d, 0x7a, 0x79, 0x7c, 0x82, 0x86,
  0x86, 0x84, 0x80, 0x7c, 0x7c, 0x7f, 0x7f, 0x7f, 0x7e, 0x7d, 0x7e, 0x80,
  0x82, 0x85, 0x85, 0x81, 0x7d, 0x7d, 0x7e, 0x7c, 0x7c, 0x7d, 0x7f, 0x81,
  0x83, 0x85, 0x85, 0x82, 0x7c, 0x7a, 0x7d, 0x7d, 0x7d, 0x7e, 0x80, 0x82,
  0x83, 0x84, 0x83, 0x81, 0x7d, 0x7a, 0x7c, 0x80, 0x7f, 0x7e, 0x7f, 0x80,
  0x80, 0x82, 0x84, 0x82, 0x7f, 0x7c, 0x7c, 0x7f, 0x7f, 0x7d, 0x7e, 0x80,
  0x81, 0x84, 0x85, 0x81, 0x7c, 0x79, 0x7a, 0x7e, 0x83, 0x83, 0x81, 0x81,
  0x7f, 0x7f, 0x81, 0x81, 0x7e, 0x7d, 0x7c, 0x7e, 0x80, 0x80, 0x80, 0x82,
  0x83, 0x83, 0x81, 0x7f, 0x7b, 0x79, 0x7a, 0x7f, 0x83, 0x85, 0x84, 0x81,
  0x7e, 0x7e, 0x7f, 0x7e, 0x7e, 0x7d, 0x7d, 0x7e, 0x81, 0x83, 0x84, 0x82,
  0x80, 0x7e, 0x7e, 0x7e, 0x7c, 0x7d, 0x7f, 0x7f, 0x81, 0x83, 0x83, 0x83,
  0x80, 0x7e, 0x7d, 0x7d, 0x7c, 0x7d, 0x80, 0x82, 0x81, 0x81, 0x81, 0x81,
  0x80, 0x81, 0x81, 0x7f, 0x7b, 0x7a, 0x7b, 0x7f, 0x81, 0x84, 0x86, 0x85,
  0x81, 0x7d, 0x7c, 0x7c, 0x7b, 0x7c, 0x7e, 0x7f, 0x80, 0x82, 0x84, 0x86,
  0x84, 0x80, 0x7d, 0x7b, 0x78, 0x79, 0x7e, 0x81, 0x83, 0x85, 0x84, 0x83,
  0x81, 0x7e, 0x7d, 0x7d, 0x7b, 0x7a, 0x7c, 0x7f, 0x81, 0x84, 0x87, 0x85,
  0x82, 0x7e, 0x7c, 0x7c, 0x7c, 0x7c, 0x7e, 0x7f, 0x7f, 0x81, 0x85, 0x86,
  0x84, 0x80, 0x7d, 0x7a, 0x7a, 0x7c, 0x7f, 0x82, 0x83, 0x81, 0x81, 0x81,
  0x81, 0x80, 0x7f, 0x7d, 0x7c, 0x7c, 0x7e, 0x81, 0x83, 0x83, 0x82, 0x7f,
  0x7d, 0x7d, 0x7e, 0x7f, 0x80, 0x7f, 0x7f, 0x7f, 0x80, 0x81, 0x83, 0x82,
  0x7f, 0x7d, 0x7c, 0x7c, 0x7e, 0x81, 0x82, 0x82, 0x81, 0x80, 0x7f, 0x80,
  0x80, 0x7e, 0x7e, 0x7d, 0x7e, 0x7f, 0x80, 0x81, 0x81, 0x80, 0x7f, 0x7f,
  0x7f, 0x80, 0x80, 0x7f, 0x7f, 0x7f, 0x7f, 0x7f, 0x80, 0x80, 0x80, 0x80,
  0x7f, 0x7f, 0x80, 0x80, 0x80, 0x7f, 0x7f, 0x7f, 0x80, 0x80, 0x7f, 0x7f,
  0x7f, 0x7f, 0x7f, 0x80, 0x80, 0x80, 0x80, 0x7f, 0x7f, 0x7f, 0x7f, 0x80,
  0x7f, 0x7f, 0x80, 0x7f, 0x7f, 0x80, 0x80, 0x80, 0x80, 0x80, 0x7f, 0x7f,
  0x7f, 0x7f, 0x80, 0x80, 0x80, 0x80, 0x80, 0x7f, 0x7f, 0x7f, 0x7f, 0x7f,
  0x80, 0x80, 0x7f, 0x7f, 0x80, 0x7f, 0x7f, 0x80, 0x80, 0x80, 0x7f, 0x7f,
  0x80, 0x7f, 0x80, 0x80, 0x7f, 0x7f, 0x80, 0x80, 0x7f, 0x80, 0x80, 0x7f,
  0x7f, 0x7f, 0x80, 0x80, 0x80, 0x80, 0x80, 0x7f, 0x7f, 0x80, 0x80, 0x80,
  0x7f, 0x7f, 0x7f, 0x7f, 0x7f, 0x80, 0x80, 0x80, 0x80, 0x7f, 0x7f, 0x80,
  0x7f, 0x7f, 0x7f, 0x7f, 0x7f, 0x7f, 0x80, 0x80, 0x7f, 0x7f, 0x7f, 0x7f,
  0x7f, 0x80, 0x80, 0x80, 0x80, 0x7f, 0x7f, 0x7f, 0x7f, 0x80, 0x80, 0x80,
  0x7f, 0x7f, 0x7f, 0x7f, 0x7f, 0x80, 0x80, 0x80, 0x80, 0x80, 0x80, 0x80,
  0x80, 0x7f, 0x7f, 0x7f, 0x7f, 0x7f, 0x7f, 0x80, 0x7f, 0x80, 0x80, 0x80,
  0x7f, 0x7f, 0x7f, 0x80, 0x80, 0x7f, 0x7f, 0x7f, 0x7f, 0x80, 0x80, 0x80,
  0x80, 0x80, 0x7f, 0x7f, 0x7f, 0x80, 0x80, 0x7f, 0x7f, 0x80, 0x7f, 0x80,
  0x80, 0x80, 0x7f, 0x7f, 0x7f, 0x80, 0x80, 0x7f, 0x7f, 0x7f, 0x7f, 0x80,
  0x80, 0x80, 0x80, 0x7f, 0x7f, 0x7f, 0x80, 0x80, 0x7f, 0x7f, 0x7f, 0x7f,
  0x80, 0x80, 0x80, 0x80, 0x7f, 0x7f, 0x7f, 0x7f, 0x80, 0x80, 0x7f, 0x7f,
  0x7f, 0x80, 0x80, 0x80, 0x80, 0x7f, 0x7f, 0x7f, 0x80, 0x80, 0x80, 0x80,
  0x7f, 0x7f, 0x7f, 0x7f, 0x7f, 0x7f, 0x80, 0x7f, 0x7f, 0x7f, 0x80, 0x80,
  0x80, 0x80, 0x80, 0x80, 0x7f, 0x80, 0x7f, 0x7f, 0x7f, 0x80, 0x80, 0x80,
  0x80, 0x80, 0x7f, 0x7f, 0x7f, 0x80, 0x7f, 0x7f, 0x7f, 0x7f, 0x7f, 0x7f,
  0x80, 0x80, 0x80, 0x7f, 0x7f, 0x80, 0x7f, 0x7f, 0x7f, 0x7f, 0x7f, 0x7f,
  0x80, 0x80, 0x80, 0x7f, 0x7f, 0x7f, 0x7f, 0x80, 0x80, 0x80, 0x80, 0x80,
  0x80, 0x80, 0x80, 0x7f, 0x7f, 0x7f, 0x7f, 0x7f, 0x80, 0x80, 0x80, 0x80,
  0x7f, 0x7f, 0x7f, 0x7f, 0x7f, 0x80, 0x80, 0x80, 0x80, 0x80, 0x80, 0x80,
  0x80, 0x7f, 0x7f, 0x7f, 0x7f, 0x7f, 0x80, 0x80, 0x80, 0x7f, 0x7f, 0x80,
  0x80, 0x80, 0x80, 0x80, 0x80, 0x80, 0x80, 0x7f, 0x80, 0x80, 0x7f, 0x7f,
  0x7f, 0x80, 0x80, 0x7f, 0x7f, 0x7f, 0x7f, 0x7f, 0x7f, 0x7f, 0x80, 0x80,
  0x7f, 0x80, 0x80, 0x80, 0x80, 0x7f, 0x7f, 0x7f, 0x80, 0x80, 0x80, 0x80,
  0x80, 0x80, 0x80, 0x80, 0x80, 0x80, 0x80, 0x80, 0x80, 0x80, 0x80, 0x80,
  0x7f, 0x7f, 0x7f, 0x7f, 0x80, 0x80, 0x80, 0x7f, 0x7f, 0x7f, 0x7f, 0x7f,
  0x7f, 0x7f, 0x80, 0x80, 0x7f, 0x80, 0x7f, 0x80, 0x7f, 0x7f, 0x7f, 0x7f,
  0x80, 0x80, 0x80, 0x80, 0x80, 0x80, 0x80, 0x80, 0x80, 0x80, 0x80, 0x80,
  0x80, 0x80, 0x80, 0x80, 0x80, 0x80, 0x7f, 0x7f, 0x80, 0x80, 0x80, 0x80,
  0x80, 0x7f, 0x7f, 0x7f, 0x7f, 0x80, 0x80, 0x7f, 0x7f, 0x80, 0x7f, 0x80,
  0x80, 0x7f, 0x7f, 0x7f, 0x80, 0x80, 0x80, 0x80, 0x80, 0x80, 0x80, 0x80,
  0x80, 0x80, 0x80, 0x80, 0x7f, 0x7f, 0x7f, 0x7f, 0x80, 0x80, 0x80, 0x80,
  0x80, 0x80, 0x80, 0x7f, 0x7f, 0x7f, 0x7f, 0x7f, 0x80, 0x80, 0x80, 0x80,
  0x80, 0x7f, 0x7f, 0x80, 0x80, 0x80, 0x7f, 0x80, 0x80, 0x80, 0x80, 0x80,
  0x80, 0x80, 0x80, 0x80, 0x80, 0x80, 0x80, 0x80, 0x80, 0x80, 0x80, 0x80,
  0x80, 0x80, 0x7f, 0x7f, 0x7f, 0x80, 0x80, 0x7f, 0x7f, 0x7f, 0x7f, 0x7f,
  0x7f, 0x80, 0x80, 0x80, 0x80, 0x80, 0x80, 0x80, 0x80, 0x80, 0x80, 0x80,
  0x80, 0x80, 0x80, 0x80, 0x80, 0x80, 0x80, 0x80, 0x80, 0x80, 0x80, 0x80,
  0x80, 0x80, 0x80, 0x80, 0x80, 0x80, 0x80, 0x80, 0x80, 0x80, 0x80, 0x7f,
  0x7f, 0x7f, 0x7f, 0x7f, 0x7f, 0x80, 0x80, 0x80, 0x80, 0x7f, 0x7f, 0x80,
  0x80, 0x80, 0x80, 0x80, 0x80, 0x80, 0x80, 0x80, 0x80, 0x80, 0x80, 0x80,
  0x80, 0x80, 0x7f, 0x7f, 0x7f, 0x80, 0x80, 0x80, 0x80, 0x80, 0x80, 0x80,
  0x7f, 0x80, 0x80, 0x80, 0x80, 0x7f, 0x7f, 0x7f, 0x7f, 0x7f, 0x7f, 0x7f,
  0x80, 0x7f, 0x7f, 0x80, 0x80, 0x80, 0x7f, 0x7f, 0x7f, 0x80, 0x7f, 0x80,
  0x80, 0x80, 0x80, 0x80, 0x80, 0x80, 0x80, 0x80, 0x80, 0x80, 0x80, 0x80,
  0x7f, 0x80, 0x80, 0x80, 0x80, 0x80, 0x80, 0x80, 0x7f, 0x7f, 0x7f, 0x7f,
  0x7f, 0x80, 0x80, 0x80, 0x80, 0x7f, 0x7f, 0x7f, 0x80, 0x7f, 0x7f, 0x7f,
  0x7f, 0x7f, 0x7f, 0x80, 0x80, 0x80, 0x80, 0x80, 0x80, 0x80, 0x80, 0x80,
  0x80, 0x80, 0x7f, 0x80, 0x7f, 0x80, 0x80, 0x80, 0x80, 0x80, 0x80, 0x80,
  0x7f, 0x7f, 0x7f, 0x7f, 0x7f, 0x80, 0x80, 0x80, 0x80, 0x80, 0x80, 0x80,
  0x80, 0x80, 0x7f, 0x7f, 0x80, 0x80, 0x7f, 0x80, 0x80, 0x80, 0x80, 0x80,
  0x80, 0x80, 0x80, 0x80, 0x80, 0x80, 0x80, 0x80, 0x7f, 0x80, 0x7f, 0x80,
  0x80, 0x80, 0x80, 0x80, 0x80, 0x80, 0x7f, 0x7f, 0x7f, 0x7f, 0x80, 0x7f,
  0x80, 0x80, 0x80, 0x80, 0x80, 0x80, 0x80, 0x7f, 0x7f, 0x80, 0x7f, 0x80,
  0x80, 0x7f, 0x80, 0x80, 0x80, 0x80, 0x80, 0x80, 0x80, 0x80, 0x80, 0x80,
  0x7f, 0x7f, 0x7f, 0x80, 0x7f, 0x80, 0x80, 0x80, 0x80, 0x80, 0x80, 0x80,
  0x7f, 0x7f, 0x7f, 0x7f, 0x80, 0x7f, 0x80, 0x80, 0x7f, 0x7f, 0x80, 0x80,
  0x80, 0x80, 0x80, 0x80, 0x80, 0x80, 0x80, 0x80, 0x80, 0x80, 0x7f, 0x7f,
  0x7f, 0x7f, 0x7f, 0x7f, 0x7f, 0x80, 0x80, 0x7f, 0x7f, 0x7f, 0x7f, 0x7f,
  0x80, 0x80, 0x80, 0x80, 0x80, 0x80, 0x7f, 0x7f, 0x7f, 0x80, 0x7f, 0x7f,
  0x80, 0x7f, 0x80, 0x80, 0x80, 0x80, 0x80, 0x80, 0x80, 0x80, 0x80, 0x80,
  0x80, 0x80, 0x80, 0x80, 0x7f, 0x7f, 0x7f, 0x7f, 0x7f, 0x80, 0x80, 0x7f,
  0x7f, 0x7f, 0x7f, 0x7f, 0x7f, 0x7f, 0x7f, 0x80, 0x80, 0x80, 0x80, 0x7f,
  0x7f, 0x7f, 0x7f, 0x7f, 0x80, 0x80, 0x80, 0x80, 0x80, 0x80, 0x80, 0x80,
  0x80, 0x80, 0x80, 0x80, 0x80, 0x80, 0x7f, 0x7f, 0x7f, 0x7f, 0x7f, 0x7f,
  0x7f, 0x80, 0x80, 0x7f, 0x7f, 0x7f, 0x7f, 0x7f, 0x7f, 0x7f, 0x80, 0x80,
  0x80, 0x80, 0x80, 0x80, 0x80, 0x80, 0x7f, 0x7f, 0x80, 0x7f, 0x7f, 0x7f,
  0x80, 0x80, 0x80, 0x80, 0x80, 0x80, 0x80, 0x80, 0x80, 0x7f, 0x7f, 0x7f,
  0x7f, 0x7f, 0x7f, 0x7f, 0x7f, 0x7f, 0x7f, 0x7f, 0x7f, 0x7f, 0x7f, 0x7f,
  0x7f, 0x7f, 0x80, 0x80, 0x80, 0x80, 0x80, 0x80, 0x80, 0x80, 0x80, 0x7f,
  0x80, 0x80, 0x7f, 0x7f, 0x80, 0x80, 0x80, 0x80, 0x80, 0x80, 0x80, 0x80,
  0x80, 0x80, 0x80, 0x80, 0x7f, 0x7f, 0x7f, 0x7f, 0x7f, 0x7f, 0x7f, 0x7f,
  0x7f, 0x7f, 0x7f, 0x7f, 0x7f, 0x7f, 0x7f, 0x80, 0x80, 0x80, 0x80, 0x80,
  0x80, 0x80, 0x80, 0x80, 0x80, 0x80, 0x80, 0x80, 0x80, 0x7f, 0x80, 0x80,
  0x80, 0x80, 0x80, 0x80, 0x80, 0x80, 0x80, 0x80, 0x80, 0x80, 0x7f, 0x7f,
  0x7f, 0x80, 0x7f, 0x7f, 0x7f, 0x7f, 0x7f, 0x80, 0x80, 0x7f, 0x7f, 0x80,
  0x80, 0x80, 0x80, 0x80, 0x80, 0x80, 0x7f, 0x80, 0x80, 0x80, 0x80, 0x80,
  0x80, 0x7f, 0x80, 0x80, 0x80, 0x80, 0x80, 0x80, 0x80, 0x80, 0x80, 0x80,
  0x80, 0x80, 0x7f, 0x7f, 0x7f, 0x80, 0x7f, 0x7f, 0x7f, 0x7f, 0x80, 0x7f,
  0x80, 0x7f, 0x7f, 0x7f, 0x7f, 0x80, 0x7f, 0x7f, 0x7f, 0x80, 0x80, 0x80,
  0x80, 0x80, 0x80, 0x7f, 0x80, 0x80, 0x80, 0x80, 0x80, 0x80, 0x80, 0x80,
  0x80, 0x80, 0x80, 0x80, 0x80, 0x7f, 0x7f, 0x7f, 0x7f, 0x80, 0x7f, 0x7f,
  0x7f, 0x80, 0x7f, 0x7f, 0x7f, 0x7f, 0x7f, 0x7f, 0x7f, 0x80, 0x80, 0x80,
  0x80, 0x80, 0x80, 0x80, 0x80, 0x80, 0x80, 0x80, 0x80, 0x80, 0x80, 0x80,
  0x80, 0x80, 0x80, 0x80, 0x80, 0x80, 0x80, 0x80, 0x80, 0x80, 0x7f, 0x7f,
  0x7f, 0x7f, 0x7f, 0x7f, 0x7f, 0x80, 0x80, 0x80, 0x7f, 0x7f, 0x7f, 0x7f,
  0x7f, 0x80, 0x80, 0x80, 0x80, 0x80, 0x80, 0x80, 0x80, 0x80, 0x80, 0x80,
  0x80, 0x80, 0x80, 0x80, 0x80, 0x80, 0x80, 0x80, 0x80, 0x80, 0x80, 0x80,
  0x80, 0x80, 0x80, 0x7f, 0x7f, 0x7f, 0x7f, 0x7f, 0x7f, 0x80, 0x80, 0x80,
  0x7f, 0x7f, 0x7f, 0x7f, 0x7f, 0x7f, 0x80, 0x80, 0x80, 0x80, 0x80, 0x80,
  0x80, 0x80, 0x80, 0x80, 0x80, 0x80, 0x80, 0x80, 0x80, 0x80, 0x80, 0x80,
  0x80, 0x80, 0x80, 0x80, 0x80, 0x80, 0x80, 0x7f, 0x7f, 0x7f, 0x7f, 0x7f,
  0x7f, 0x7f, 0x7f, 0x7f, 0x7f, 0x7f, 0x7f, 0x7f, 0x7f, 0x80, 0x80, 0x80,
  0x80, 0x80, 0x80, 0x80, 0x80, 0x80, 0x80, 0x80, 0x80, 0x80, 0x80, 0x80,
  0x80, 0x80, 0x80, 0x80, 0x80, 0x80, 0x80, 0x80, 0x80, 0x80, 0x80, 0x7f,
  0x7f, 0x7f, 0x7f, 0x7f, 0x7f, 0x7f, 0x7f, 0x7f, 0x80, 0x80, 0x80, 0x80,
  0x7f, 0x7f, 0x80, 0x80, 0x80, 0x80, 0x80, 0x80, 0x80, 0x80, 0x80, 0x80,
  0x80, 0x80, 0x80, 0x80, 0x80, 0x80, 0x80, 0x80, 0x80, 0x80, 0x80, 0x80,
  0x80, 0x80, 0x7f, 0x7f, 0x7f, 0x80, 0x7f, 0x7f, 0x7f, 0x7f, 0x7f, 0x7f,
  0x7f, 0x7f, 0x7f, 0x80, 0x7f, 0x80, 0x80, 0x80, 0x80, 0x80, 0x7f, 0x7f,
  0x80, 0x80, 0x80, 0x80, 0x80, 0x80, 0x80, 0x80, 0x80, 0x80, 0x80, 0x80,
  0x80, 0x80, 0x80, 0x80, 0x7f, 0x7f, 0x7f, 0x7f, 0x7f, 0x7f, 0x7f, 0x7f,
  0x7f, 0x7f, 0x7f, 0x7f, 0x7f, 0x7f, 0x7f, 0x80, 0x7f, 0x80, 0x80, 0x80,
  0x80, 0x80, 0x80, 0x80, 0x80, 0x80, 0x80, 0x80, 0x80, 0x80, 0x80, 0x80,
  0x80, 0x80, 0x80, 0x80, 0x80, 0x80, 0x80, 0x80, 0x7f, 0x7f, 0x7f, 0x7f,
  0x7f, 0x7f, 0x7f, 0x7f, 0x7f, 0x7f, 0x7f, 0x7f, 0x7f, 0x7f, 0x7f, 0x80,
  0x7f, 0x80, 0x80, 0x80, 0x80, 0x80, 0x80, 0x80, 0x80, 0x80, 0x80, 0x80,
  0x80, 0x80, 0x80, 0x80, 0x80, 0x80, 0x80, 0x80, 0x80, 0x80, 0x80, 0x80,
  0x7f, 0x7f, 0x7f, 0x7f, 0x7f, 0x80, 0x7f, 0x7f, 0x7f, 0x7f, 0x7f, 0x7f,
  0x7f, 0x7f, 0x7f, 0x80, 0x7f, 0x80, 0x80, 0x7f, 0x7f, 0x7f, 0x7f, 0x80,
  0x80, 0x80, 0x80, 0x80, 0x80, 0x80, 0x80, 0x80, 0x80, 0x80, 0x80, 0x80,
  0x80, 0x80, 0x80, 0x80, 0x7f, 0x7f, 0x7f, 0x7f, 0x7f, 0x80, 0x7f, 0x7f,
  0x7f, 0x7f, 0x7f, 0x7f, 0x7f, 0x7f, 0x7f, 0x80, 0x7f, 0x80, 0x80, 0x80,
  0x7f, 0x7f, 0x7f, 0x80, 0x80, 0x80, 0x80, 0x80, 0x80, 0x80, 0x80, 0x80,
  0x80, 0x80, 0x80, 0x80, 0x80, 0x80, 0x80, 0x80, 0x7f, 0x7f, 0x7f, 0x7f,
  0x7f, 0x7f, 0x7f, 0x7f, 0x7f, 0x7f, 0x7f, 0x7f, 0x7f, 0x7f, 0x7f, 0x80,
  0x7f, 0x80, 0x80, 0x80, 0x7f, 0x80, 0x7f, 0x80, 0x80, 0x80, 0x80, 0x80,
  0x80, 0x80, 0x80, 0x80, 0x80, 0x80, 0x80, 0x80, 0x80, 0x80, 0x80, 0x80,
  0x7f, 0x7f, 0x7f, 0x7f, 0x7f, 0x80, 0x7f, 0x7f, 0x7f, 0x7f, 0x7f, 0x7f,
  0x7f, 0x7f, 0x7f, 0x7f, 0x7f, 0x7f, 0x80, 0x80, 0x7f, 0x7f, 0x7f, 0x80,
  0x80, 0x80, 0x80, 0x7f, 0x80, 0x80, 0x80, 0x80, 0x80, 0x80, 0x80, 0x80,
  0x80, 0x80, 0x80, 0x80, 0x7f, 0x80, 0x7f, 0x7f, 0x80, 0x80, 0x80, 0x80,
  0x7f, 0x7f, 0x7f, 0x7f, 0x80, 0x7f, 0x7f, 0x7f, 0x7f, 0x7f, 0x80, 0x7f,
  0x7f, 0x7f, 0x7f, 0x7f, 0x80, 0x7f, 0x7f, 0x7f, 0x7f, 0x7f, 0x7f, 0x80,
  0x80, 0x80, 0x80, 0x80, 0x80, 0x80, 0x80, 0x80, 0x80, 0x80, 0x80, 0x80,
  0x7f, 0x80, 0x80, 0x80, 0x80, 0x80, 0x80, 0x7f, 0x7f, 0x7f, 0x7f, 0x7f,
  0x7f, 0x80, 0x80, 0x80, 0x7f, 0x7f, 0x7f, 0x80, 0x80, 0x7f, 0x7f, 0x7f,
  0x80, 0x7f, 0x7f, 0x80, 0x80, 0x80, 0x80, 0x80, 0x80, 0x80, 0x80, 0x80,
  0x80, 0x80, 0x80, 0x80, 0x7f, 0x80, 0x80, 0x80, 0x80, 0x80, 0x80, 0x80,
  0x80, 0x80, 0x80, 0x7f, 0x7f, 0x7f, 0x80, 0x80, 0x80, 0x80, 0x7f, 0x80,
  0x80, 0x7f, 0x7f, 0x80, 0x80, 0x80, 0x80, 0x80, 0x80, 0x80, 0x80, 0x80,
  0x80, 0x80, 0x80, 0x80, 0x80, 0x80, 0x80, 0x80, 0x7f, 0x80, 0x80, 0x80,
  0x80, 0x80, 0x80, 0x7f, 0x80, 0x7f, 0x80, 0x80, 0x7f, 0x7f, 0x80, 0x80,
  0x80, 0x7f, 0x7f, 0x7f, 0x80, 0x7f, 0x7f, 0x80, 0x80, 0x80, 0x80, 0x80,
  0x80, 0x80, 0x80, 0x80, 0x80, 0x80, 0x80, 0x80, 0x80, 0x80, 0x80, 0x80,
  0x80, 0x80, 0x80, 0x80, 0x80, 0x80, 0x80, 0x7f, 0x80, 0x80, 0x80, 0x80,
  0x7f, 0x7f, 0x7f, 0x7f, 0x7f, 0x7f, 0x7f, 0x7f, 0x80, 0x7f, 0x7f, 0x7f,
  0x80, 0x7f, 0x7f, 0x80, 0x80, 0x80, 0x80, 0x80, 0x80, 0x80, 0x80, 0x80,
  0x80, 0x80, 0x80, 0x80, 0x80, 0x80, 0x80, 0x80, 0x80, 0x80, 0x80, 0x7f,
  0x80, 0x80, 0x80, 0x80, 0x7f, 0x7f, 0x80, 0x7f, 0x7f, 0x7f, 0x7f, 0x7f,
  0x80, 0x7f, 0x7f, 0x7f, 0x80, 0x7f, 0x7f, 0x80, 0x80, 0x80, 0x80, 0x80,
  0x80, 0x80, 0x80, 0x80, 0x80, 0x80, 0x80, 0x80, 0x80, 0x80, 0x7f, 0x80,
  0x80, 0x80, 0x80, 0x80, 0x80, 0x80, 0x80, 0x7f, 0x7f, 0x7f, 0x80, 0x80,
  0x7f, 0x7f, 0x7f, 0x80, 0x80, 0x7f, 0x7f, 0x7f, 0x80, 0x7f, 0x80, 0x80,
  0x80, 0x80, 0x80, 0x80, 0x80, 0x7f, 0x80, 0x80, 0x80, 0x80, 0x80, 0x80,
  0x80, 0x80, 0x80, 0x80, 0x7f, 0x7f, 0x7f, 0x7f, 0x7f, 0x7f, 0x80, 0x80,
  0x7f, 0x7f, 0x7f, 0x80, 0x7f, 0x7f, 0x7f, 0x7f, 0x7f, 0x7f, 0x7f, 0x7f,
  0x80, 0x80, 0x80, 0x80, 0x80, 0x80, 0x80, 0x80, 0x80, 0x80, 0x80, 0x80,
  0x80, 0x80, 0x80, 0x80, 0x80, 0x80, 0x80, 0x80, 0x80, 0x80, 0x7f, 0x7f,
  0x7f, 0x7f, 0x80, 0x80, 0x7f, 0x7f, 0x7f, 0x7f, 0x7f, 0x7f, 0x7f, 0x7f,
  0x7f, 0x7f, 0x7f, 0x7f, 0x7f, 0x80, 0x80, 0x80, 0x7f, 0x7f, 0x80, 0x80,
  0x80, 0x80, 0x80, 0x80, 0x80, 0x80, 0x80, 0x80, 0x80, 0x80, 0x80, 0x80,
  0x7f, 0x7f, 0x7f, 0x7f, 0x80, 0x80, 0x7f, 0x7f, 0x7f, 0x80, 0x80, 0x80,
  0x7f, 0x7f, 0x7f, 0x7f, 0x80, 0x7f, 0x7f, 0x7f, 0x7f, 0x80, 0x80, 0x7f,
  0x80, 0x80, 0x80, 0x80, 0x7f, 0x80, 0x7f, 0x80, 0x80, 0x80, 0x80, 0x80,
  0x80, 0x80, 0x7f, 0x7f, 0x7f, 0x80, 0x80, 0x7f, 0x7f, 0x80, 0x80, 0x80,
  0x7f, 0x7f, 0x7f, 0x80, 0x80, 0x80, 0x7f, 0x80, 0x80, 0x80, 0x7f, 0x7f,
  0x7f, 0x80, 0x80, 0x80, 0x7f, 0x7f, 0x80, 0x80, 0x7f, 0x7f, 0x7f, 0x80,
  0x80, 0x80, 0x7f, 0x7f, 0x80, 0x80, 0x80, 0x7f, 0x7f, 0x7f, 0x80, 0x80,
  0x80, 0x7f, 0x7f, 0x80, 0x80, 0x80, 0x80, 0x7f, 0x7f, 0x80, 0x80, 0x7f,
  0x7f, 0x7f, 0x80, 0x80, 0x80, 0x7f, 0x7f, 0x7f, 0x80, 0x80, 0x7f, 0x7f,
  0x7f, 0x7f, 0x7f, 0x80, 0x80, 0x80, 0x80, 0x7f, 0x7f, 0x7f, 0x80, 0x80,
  0x80, 0x80, 0x80, 0x7f, 0x7f, 0x7f, 0x80, 0x80, 0x80, 0x80, 0x7f, 0x7f,
  0x7f, 0x80, 0x7f, 0x7f, 0x7f, 0x80, 0x80, 0x80, 0x7f, 0x7f, 0x7f, 0x80,
  0x80, 0x7f, 0x7f, 0x7f, 0x7f, 0x7f, 0x80, 0x80, 0x80, 0x80, 0x7f, 0x7f,
  0x7f, 0x7f, 0x80, 0x80, 0x80, 0x7f, 0x7f, 0x7f, 0x80, 0x80, 0x7f, 0x7f,
  0x80, 0x80, 0x80, 0x80, 0x7f, 0x7f, 0x7f, 0x80, 0x80, 0x7f, 0x7f, 0x7f,
  0x7f, 0x7f, 0x80, 0x80, 0x80, 0x7f, 0x7f, 0x80, 0x80, 0x7f, 0x7f, 0x80,
  0x80, 0x80, 0x7f, 0x7f, 0x7f, 0x80, 0x80, 0x80, 0x7f, 0x7f, 0x7f, 0x80,
  0x80, 0x80, 0x7f, 0x7f, 0x80, 0x80, 0x80, 0x7f, 0x7f, 0x7f, 0x80, 0x80,
  0x7f, 0x7f, 0x7f, 0x80, 0x80, 0x80, 0x7f, 0x7f, 0x7f, 0x7f, 0x80, 0x80,
  0x80, 0x80, 0x80, 0x80, 0x7f, 0x7f, 0x7f, 0x7f, 0x7f, 0x7f, 0x7f, 0x80,
  0x80, 0x80, 0x80, 0x7f, 0x7f, 0x7f, 0x7f, 0x80, 0x80, 0x80, 0x7f, 0x7f,
  0x7f, 0x7f, 0x7f, 0x7f, 0x7f, 0x80, 0x80, 0x80, 0x7f, 0x7f, 0x7f, 0x80,
  0x80, 0x80, 0x7f, 0x7f, 0x7f, 0x7f, 0x7f, 0x7f, 0x80, 0x80, 0x80, 0x7f,
  0x7f, 0x7f, 0x7f, 0x7f, 0x80, 0x80, 0x80, 0x80, 0x80, 0x7f, 0x7e, 0x7e,
  0x7f, 0x80, 0x80, 0x7f, 0x7f, 0x80, 0x80, 0x80, 0x7f, 0x7f, 0x80, 0x81,
  0x81, 0x80, 0x7f, 0x7f, 0x7f, 0x7f, 0x7f, 0x7f, 0x7f, 0x80, 0x80, 0x80,
  0x80, 0x80, 0x80, 0x80, 0x80, 0x7f, 0x7f, 0x7f, 0x7f, 0x7f, 0x80, 0x80,
  0x80, 0x80, 0x7f, 0x7f, 0x80, 0x80, 0x80, 0x7f, 0x7e, 0x7e, 0x80, 0x82,
  0x82, 0x81, 0x7f, 0x7f, 0x7e, 0x7e, 0x7e, 0x7e, 0x80, 0x80, 0x81, 0x82,
  0x81, 0x7f, 0x7d, 0x7e, 0x81, 0x82, 0x81, 0x7d, 0x7e, 0x80, 0x81, 0x81,
  0x7f, 0x7e, 0x7f, 0x80, 0x80, 0x7f, 0x7f, 0x81, 0x83, 0x81, 0x7d, 0x7b,
  0x7d, 0x80, 0x81, 0x80, 0x7f, 0x80, 0x82, 0x82, 0x7f, 0x7c, 0x7c, 0x7f,
  0x83, 0x83, 0x80, 0x7e, 0x7f, 0x7f, 0x80, 0x80, 0x80, 0x7f, 0x7e, 0x7f,
  0x81, 0x81, 0x81, 0x81, 0x7f, 0x7d, 0x7c, 0x7e, 0x7f, 0x80, 0x80, 0x81,
  0x83, 0x83, 0x80, 0x7d, 0x7b, 0x7d, 0x82, 0x82, 0x80, 0x7f, 0x7f, 0x80,
  0x7e, 0x7d, 0x7e, 0x80, 0x82, 0x84, 0x83, 0x80, 0x7c, 0x7c, 0x7f, 0x80,
  0x7f, 0x7d, 0x7d, 0x81, 0x83, 0x83, 0x80, 0x7e, 0x7e, 0x7f, 0x80, 0x80,
  0x7f, 0x7f, 0x7f, 0x80, 0x80, 0x7f, 0x7e, 0x7e, 0x80, 0x82, 0x82, 0x81,
  0x80, 0x80, 0x80, 0x7c, 0x7a, 0x7c, 0x82, 0x85, 0x82, 0x7e, 0x7d, 0x7f,
  0x82, 0x82, 0x81, 0x7e, 0x7d, 0x7e, 0x80, 0x80, 0x7e, 0x7e, 0x80, 0x81,
  0x82, 0x81, 0x82, 0x81, 0x7c, 0x78, 0x7b, 0x82, 0x85, 0x81, 0x7e, 0x80,
  0x83, 0x82, 0x7e, 0x7b, 0x7c, 0x80, 0x82, 0x82, 0x7f, 0x7e, 0x7f, 0x81,
  0x81, 0x7f, 0x7d, 0x7f, 0x80, 0x7f, 0x7e, 0x7e, 0x81, 0x82, 0x83, 0x81,
  0x7f, 0x7d, 0x7b, 0x7c, 0x7f, 0x81, 0x82, 0x81, 0x82, 0x83, 0x83, 0x7d,
  0x77, 0x78, 0x7e, 0x85, 0x85, 0x80, 0x7e, 0x7f, 0x81, 0x81, 0x7f, 0x7e,
  0x7e, 0x80, 0x81, 0x80, 0x7e, 0x7e, 0x7e, 0x80, 0x81, 0x82, 0x81, 0x7f,
  0x7d, 0x7e, 0x80, 0x81, 0x80, 0x7f, 0x7f, 0x80, 0x81, 0x82, 0x81, 0x7e,
  0x7b, 0x7b, 0x80, 0x84, 0x83, 0x7f, 0x7e, 0x80, 0x82, 0x80, 0x7b, 0x7c,
  0x7f, 0x83, 0x83, 0x80, 0x7e, 0x7e, 0x7f, 0x80, 0x80, 0x7f, 0x7f, 0x81,
  0x82, 0x80, 0x7e, 0x7e, 0x7f, 0x7f, 0x7f, 0x81, 0x84, 0x83, 0x7e, 0x7b,
  0x7c, 0x80, 0x83, 0x81, 0x7e, 0x7b, 0x7e, 0x84, 0x85, 0x80, 0x7b, 0x7c,
  0x80, 0x81, 0x7f, 0x7d, 0x7f, 0x82, 0x83, 0x82, 0x7e, 0x7c, 0x7d, 0x80,
  0x82, 0x81, 0x7f, 0x7e, 0x7f, 0x80, 0x80, 0x7e, 0x7d, 0x80, 0x84, 0x84,
  0x7f, 0x7b, 0x7b, 0x80, 0x81, 0x7f, 0x7e, 0x80, 0x82, 0x82, 0x7f, 0x7d,
  0x7e, 0x81, 0x83, 0x80, 0x7a, 0x7a, 0x7f, 0x86, 0x86, 0x80, 0x7c, 0x7c,
  0x7f, 0x80, 0x7f, 0x7e, 0x7f, 0x81, 0x82, 0x81, 0x7f, 0x7d, 0x7f, 0x80,
  0x7e, 0x7d, 0x7e, 0x82, 0x83, 0x81, 0x7f, 0x7e, 0x7f, 0x80, 0x80, 0x7f,
  0x7f, 0x80, 0x80, 0x7f, 0x7f, 0x81, 0x81, 0x7f, 0x7e, 0x7f, 0x81, 0x81,
  0x80, 0x7e, 0x7d, 0x7f, 0x81, 0x83, 0x81, 0x7d, 0x7c, 0x7f, 0x81, 0x80,
  0x7e, 0x7f, 0x82, 0x83, 0x81, 0x7e, 0x7c, 0x7c, 0x7e, 0x80, 0x80, 0x80,
  0x82, 0x84, 0x84, 0x81, 0x7c, 0x79, 0x7b, 0x7f, 0x81, 0x81, 0x80, 0x80,
  0x81, 0x82, 0x81, 0x80, 0x7d, 0x7b, 0x7d, 0x81, 0x82, 0x81, 0x7f, 0x7f,
  0x80, 0x81, 0x80, 0x7f, 0x7e, 0x7f, 0x80, 0x81, 0x80, 0x7f, 0x7f, 0x7f,
  0x7f, 0x80, 0x80, 0x80, 0x80, 0x7f, 0x7f, 0x7f, 0x80, 0x80, 0x7f, 0x7f,
  0x7f, 0x7f, 0x80, 0x80, 0x80, 0x80, 0x80, 0x80, 0x7f, 0x7f, 0x7f, 0x7f,
  0x80, 0x80, 0x80, 0x80, 0x80, 0x7f, 0x7e, 0x7e, 0x7f, 0x81, 0x81, 0x81,
  0x80, 0x7f, 0x7f, 0x7f, 0x7f, 0x7e, 0x7d, 0x7e, 0x80, 0x82, 0x82, 0x7f,
  0x7f, 0x81, 0x81, 0x7e, 0x7b, 0x7c, 0x80, 0x83, 0x83, 0x81, 0x7e, 0x7d,
  0x7d, 0x80, 0x82, 0x81, 0x7e, 0x7c, 0x7d, 0x82, 0x84, 0x82, 0x7e, 0x7c,
  0x7f, 0x84, 0x83, 0x7e, 0x79, 0x79, 0x7e, 0x84, 0x85, 0x83, 0x7f, 0x7d,
  0x7f, 0x80, 0x7e, 0x7c, 0x7e, 0x82, 0x83, 0x82, 0x80, 0x7c, 0x7b, 0x7f,
  0x82, 0x83, 0x7f, 0x7c, 0x7f, 0x84, 0x83, 0x7f, 0x7c, 0x7e, 0x80, 0x7f,
  0x7d, 0x7e, 0x82, 0x84, 0x82, 0x80, 0x7d, 0x7c, 0x7d, 0x7f, 0x83, 0x84,
  0x80, 0x7e, 0x7e, 0x7e, 0x7c, 0x7d, 0x7f, 0x81, 0x83, 0x85, 0x82, 0x7f,
  0x7c, 0x7b, 0x7d, 0x80, 0x83, 0x81, 0x7d, 0x7c, 0x7f, 0x83, 0x84, 0x82,
  0x7d, 0x7c, 0x80, 0x82, 0x7f, 0x7c, 0x7b, 0x80, 0x85, 0x85, 0x7f, 0x7a,
  0x7c, 0x80, 0x83, 0x82, 0x7f, 0x7e, 0x80, 0x81, 0x7f, 0x7e, 0x7e, 0x80,
  0x82, 0x81, 0x7f, 0x7c, 0x7d, 0x81, 0x83, 0x81, 0x7d, 0x7d, 0x7f, 0x81,
  0x81, 0x7f, 0x7f, 0x7f, 0x7f, 0x7f, 0x7e, 0x7f, 0x81, 0x83, 0x82, 0x7e,
  0x7d, 0x7e, 0x7e, 0x7f, 0x80, 0x82, 0x84, 0x80, 0x7f, 0x7e, 0x7c, 0x7b,
  0x7d, 0x80, 0x84, 0x84, 0x84, 0x80, 0x7a, 0x7b, 0x81, 0x85, 0x80, 0x7a,
  0x7a, 0x80, 0x85, 0x83, 0x7e, 0x7c, 0x7f, 0x81, 0x83, 0x83, 0x81, 0x7b,
  0x79, 0x7d, 0x83, 0x83, 0x80, 0x7e, 0x80, 0x81, 0x81, 0x81, 0x80, 0x7d,
  0x7b, 0x7e, 0x83, 0x83, 0x80, 0x7e, 0x81, 0x81, 0x7b, 0x7b, 0x81, 0x83,
  0x82, 0x7f, 0x7e, 0x81, 0x84, 0x82, 0x7a, 0x77, 0x7c, 0x82, 0x86, 0x85,
  0x7f, 0x7b, 0x7c, 0x81, 0x83, 0x81, 0x7d, 0x7d, 0x7e, 0x7f, 0x80, 0x82,
  0x84, 0x81, 0x7d, 0x7b, 0x7f, 0x84, 0x82, 0x7d, 0x7b, 0x7d, 0x82, 0x86,
  0x83, 0x7c, 0x79, 0x7d, 0x83, 0x84, 0x80, 0x7d, 0x7e, 0x81, 0x84, 0x80,
  0x7b, 0x7a, 0x7f, 0x84, 0x85, 0x80, 0x7b, 0x7c, 0x81, 0x83, 0x80, 0x7d,
  0x7d, 0x81, 0x84, 0x82, 0x7e, 0x7c, 0x7d, 0x80, 0x82, 0x81, 0x7f, 0x7e,
  0x81, 0x82, 0x81, 0x7e, 0x7d, 0x7d, 0x7f, 0x80, 0x81, 0x7f, 0x7f, 0x80,
  0x83, 0x83, 0x80, 0x7d, 0x7d, 0x7e, 0x7e, 0x7e, 0x7f, 0x80, 0x81, 0x82,
  0x82, 0x81, 0x80, 0x7e, 0x7e, 0x7e, 0x7d, 0x7e, 0x80, 0x81, 0x81, 0x80,
  0x80, 0x80, 0x7f, 0x7e, 0x7e, 0x7f, 0x7f, 0x81, 0x82, 0x80, 0x7e, 0x7e,
  0x80, 0x81, 0x80, 0x7e, 0x7e, 0x7f, 0x80, 0x7f, 0x80, 0x7f, 0x7f, 0x81,
  0x81, 0x7f, 0x7d, 0x7e, 0x81, 0x80, 0x7e, 0x7c, 0x80, 0x83, 0x83, 0x80,
  0x7e, 0x7d, 0x80, 0x82, 0x81, 0x7e, 0x7c, 0x7b, 0x7f, 0x84, 0x84, 0x82,
  0x81, 0x7e, 0x7e, 0x7f, 0x7f, 0x7e, 0x7c, 0x7c, 0x83, 0x87, 0x83, 0x7e,
  0x7c, 0x7f, 0x83, 0x81, 0x7c, 0x78, 0x7c, 0x84, 0x87, 0x82, 0x7b, 0x7b,
  0x82, 0x86, 0x83, 0x7a, 0x77, 0x7c, 0x85, 0x87, 0x80, 0x7c, 0x7a, 0x7f,
  0x86, 0x84, 0x7f, 0x7a, 0x79, 0x81, 0x85, 0x84, 0x7e, 0x7a, 0x7c, 0x81,
  0x86, 0x86, 0x7d, 0x78, 0x7b, 0x81, 0x86, 0x84, 0x7b, 0x7b, 0x7e, 0x82,
  0x89, 0x83, 0x79, 0x77, 0x7d, 0x83, 0x86, 0x81, 0x79, 0x7c, 0x83, 0x88,
  0x84, 0x7a, 0x77, 0x7d, 0x83, 0x85, 0x81, 0x7c, 0x7c, 0x80, 0x85, 0x84,
  0x7f, 0x7c, 0x7b, 0x7d, 0x82, 0x82, 0x7f, 0x7c, 0x7c, 0x83, 0x87, 0x83,
  0x7b, 0x77, 0x7c, 0x84, 0x85, 0x80, 0x78, 0x7c, 0x86, 0x88, 0x82, 0x79,
  0x76, 0x7f, 0x86, 0x84, 0x7e, 0x79, 0x7d, 0x86, 0x87, 0x7f, 0x78, 0x79,
  0x81, 0x85, 0x82, 0x7c, 0x7a, 0x82, 0x87, 0x85, 0x7c, 0x77, 0x7c, 0x84,
  0x84, 0x7f, 0x7a, 0x7c, 0x85, 0x88, 0x81, 0x77, 0x7a, 0x81, 0x85, 0x82,
  0x7a, 0x7a, 0x83, 0x88, 0x85, 0x7a, 0x77, 0x7f, 0x85, 0x83, 0x7c, 0x77,
  0x7e, 0x8b, 0x89, 0x7d, 0x75, 0x79, 0x85, 0x87, 0x7f, 0x75, 0x77, 0x89,
  0x8e, 0x83, 0x78, 0x75, 0x80, 0x89, 0x83, 0x78, 0x75, 0x81, 0x8c, 0x88,
  0x7e, 0x75, 0x78, 0x85, 0x87, 0x7d, 0x77, 0x79, 0x86, 0x8d, 0x85, 0x76,
  0x72, 0x80, 0x8c, 0x83, 0x76, 0x73, 0x80, 0x93, 0x8d, 0x73, 0x6b, 0x7f,
  0x91, 0x89, 0x74, 0x6c, 0x7e, 0x98, 0x91, 0x71, 0x69, 0x7f, 0x90, 0x8a,
  0x74, 0x6c, 0x7f, 0x99, 0x8d, 0x6f, 0x6f, 0x83, 0x8f, 0x85, 0x71, 0x70,
  0x87, 0x98, 0x83, 0x6d, 0x76, 0x87, 0x8c, 0x7e, 0x6e, 0x77, 0x91, 0x95,
  0x79, 0x6d, 0x7c, 0x8b, 0x87, 0x75, 0x70, 0x81, 0x95, 0x8b, 0x71, 0x71,
  0x83, 0x8c, 0x80, 0x70, 0x75, 0x8b, 0x96, 0x80, 0x6d, 0x7a, 0x8c, 0x88,
  0x76, 0x6e, 0x7e, 0x95, 0x8f, 0x72, 0x6d, 0x85, 0x8f, 0x7f, 0x6c, 0x71,
  0x8c, 0x9b, 0x83, 0x68, 0x76, 0x90, 0x8c, 0x74, 0x69, 0x7b, 0x97, 0x95,
  0x73, 0x69, 0x83, 0x92, 0x82, 0x6b, 0x6e, 0x89, 0x9c, 0x88, 0x68, 0x72,
  0x8f, 0x8f, 0x76, 0x67, 0x79, 0x96, 0x97, 0x78, 0x68, 0x80, 0x93, 0x85,
  0x6d, 0x6c, 0x85, 0x9b, 0x8c, 0x6c, 0x6f, 0x8b, 0x90, 0x78, 0x68, 0x76,
  0x92, 0x99, 0x7d, 0x6a, 0x7b, 0x91, 0x89, 0x6f, 0x6a, 0x82, 0x99, 0x91,
  0x72, 0x6c, 0x86, 0x92, 0x80, 0x68, 0x70, 0x8d, 0x99, 0x86, 0x6c, 0x76,
  0x8e, 0x8c, 0x74, 0x67, 0x7d, 0x94, 0x92, 0x79, 0x6b, 0x83, 0x91, 0x81,
  0x6b, 0x6f, 0x8b, 0x94, 0x87, 0x70, 0x76, 0x8e, 0x8a, 0x76, 0x69, 0x7d,
  0x92, 0x8e, 0x7b, 0x6f, 0x85, 0x8e, 0x7f, 0x6e, 0x70, 0x8a, 0x93, 0x83,
  0x71, 0x7b, 0x8d, 0x85, 0x77, 0x6c, 0x79, 0x91, 0x8f, 0x78, 0x72, 0x86,
  0x8b, 0x80, 0x72, 0x6c, 0x85, 0x98, 0x83, 0x6f, 0x7e, 0x8c, 0x84, 0x7e,
  0x6d, 0x70, 0x93, 0x91, 0x73, 0x75, 0x89, 0x88, 0x82, 0x76, 0x68, 0x83,
  0x9a, 0x7f, 0x6e, 0x82, 0x8c, 0x84, 0x7f, 0x6b, 0x72, 0x95, 0x8f, 0x70,
  0x76, 0x8d, 0x8a, 0x83, 0x73, 0x68, 0x89, 0x9a, 0x7b, 0x6d, 0x87, 0x90,
  0x83, 0x79, 0x69, 0x78, 0x98, 0x89, 0x6a, 0x7b, 0x93, 0x87, 0x7e, 0x6d,
  0x6d, 0x90, 0x96, 0x72, 0x6e, 0x91, 0x90, 0x7f, 0x75, 0x69, 0x81, 0x99,
  0x7e, 0x68, 0x86, 0x96, 0x83, 0x79, 0x6c, 0x74, 0x96, 0x8a, 0x68, 0x7b,
  0x96, 0x88, 0x7b, 0x6f, 0x6d, 0x8d, 0x95, 0x70, 0x70, 0x92, 0x8e, 0x7f,
  0x75, 0x69, 0x84, 0x98, 0x79, 0x69, 0x8b, 0x92, 0x81, 0x7a, 0x6a, 0x79,
  0x97, 0x84, 0x68, 0x82, 0x94, 0x82, 0x7f, 0x6d, 0x6f, 0x94, 0x8c, 0x69,
  0x79, 0x97, 0x87, 0x7e, 0x74, 0x6a, 0x8c, 0x94, 0x6d, 0x72, 0x96, 0x88,
  0x7f, 0x7c, 0x67, 0x82, 0x98, 0x77, 0x6a, 0x91, 0x8e, 0x7c, 0x7e, 0x6b,
  0x78, 0x99, 0x80, 0x65, 0x8d, 0x95, 0x7a, 0x7e, 0x71, 0x74, 0x93, 0x88,
  0x65, 0x84, 0x9a, 0x7d, 0x7c, 0x75, 0x73, 0x8d, 0x8f, 0x69, 0x79, 0x9d,
  0x82, 0x7a, 0x75, 0x71, 0x8a, 0x91, 0x6d, 0x70, 0x9c, 0x88, 0x7a, 0x76,
  0x6f, 0x86, 0x94, 0x74, 0x6b, 0x97, 0x8f, 0x7c, 0x79, 0x6e, 0x80, 0x97,
  0x7c, 0x66, 0x91, 0x93, 0x7d, 0x7a, 0x6d, 0x7c, 0x94, 0x83, 0x66, 0x89,
  0x94, 0x7f, 0x7c, 0x6f, 0x76, 0x90, 0x8c, 0x67, 0x82, 0x96, 0x81, 0x7f,
  0x70, 0x73, 0x8c, 0x8e, 0x6b, 0x7a, 0x97, 0x83, 0x7f, 0x74, 0x6f, 0x86,
  0x93, 0x70, 0x71, 0x95, 0x87, 0x81, 0x75, 0x6e, 0x82, 0x94, 0x77, 0x6d,
  0x93, 0x8a, 0x80, 0x79, 0x6e, 0x7c, 0x93, 0x7f, 0x69, 0x8d, 0x8e, 0x80,
  0x7c, 0x6d, 0x77, 0x92, 0x84, 0x69, 0x88, 0x90, 0x81, 0x7d, 0x6f, 0x74,
  0x8e, 0x8b, 0x69, 0x82, 0x92, 0x82, 0x80, 0x70, 0x71, 0x8c, 0x8e, 0x6b,
  0x7c, 0x94, 0x84, 0x80, 0x73, 0x6e, 0x88, 0x93, 0x6f, 0x75, 0x93, 0x86,
  0x82, 0x74, 0x6d, 0x85, 0x96, 0x74, 0x6f, 0x95, 0x89, 0x81, 0x77, 0x6c,
  0x80, 0x95, 0x7b, 0x6a, 0x90, 0x8e, 0x82, 0x79, 0x6b, 0x7e, 0x95, 0x7f,
  0x66, 0x8e, 0x92, 0x82, 0x79, 0x6b, 0x7c, 0x95, 0x86, 0x65, 0x8a, 0x95,
  0x83, 0x7c, 0x6b, 0x77, 0x91, 0x8d, 0x64, 0x83, 0x98, 0x84, 0x7d, 0x6c,
  0x74, 0x8f, 0x8f, 0x66, 0x7e, 0x99, 0x84, 0x7e, 0x6f, 0x71, 0x8a, 0x94,
  0x6a, 0x78, 0x99, 0x86, 0x80, 0x70, 0x70, 0x87, 0x96, 0x6d, 0x73, 0x9a,
  0x85, 0x80, 0x75, 0x6e, 0x83, 0x97, 0x74, 0x6e, 0x98, 0x88, 0x7f, 0x77,
  0x6d, 0x7e, 0x97, 0x79, 0x6a, 0x96, 0x8b, 0x7e, 0x79, 0x6e, 0x7a, 0x95,
  0x80, 0x67, 0x91, 0x8f, 0x7f, 0x7b, 0x6e, 0x77, 0x94, 0x84, 0x65, 0x8e,
  0x92, 0x7d, 0x7a, 0x70, 0x74, 0x90, 0x89, 0x65, 0x89, 0x94, 0x7d, 0x7b,
  0x71, 0x72, 0x8e, 0x8e, 0x66, 0x83, 0x96, 0x80, 0x7b, 0x72, 0x72, 0x8b,
  0x91, 0x69, 0x7f, 0x97, 0x83, 0x7a, 0x72, 0x72, 0x87, 0x94, 0x6b, 0x7a,
  0x97, 0x85, 0x7b, 0x71, 0x71, 0x84, 0x94, 0x6f, 0x74, 0x97, 0x89, 0x7c,
  0x71, 0x71, 0x82, 0x96, 0x73, 0x6e, 0x96, 0x8c, 0x7d, 0x72, 0x70, 0x80,
  0x98, 0x78, 0x6a, 0x94, 0x8f, 0x7f, 0x72, 0x6e, 0x7c, 0x9a, 0x7e, 0x66,
  0x8e, 0x94, 0x81, 0x71, 0x6e, 0x79, 0x99, 0x85, 0x62, 0x8a, 0x97, 0x83,
  0x74, 0x6f, 0x74, 0x98, 0x8f, 0x62, 0x83, 0x96, 0x88, 0x76, 0x6c, 0x72,
  0x92, 0x94, 0x64, 0x79, 0x97, 0x8a, 0x78, 0x70, 0x6e, 0x89, 0x9d, 0x6d,
  0x71, 0x95, 0x8c, 0x7d, 0x73, 0x6b, 0x80, 0x9f, 0x77, 0x69, 0x91, 0x91,
  0x7d, 0x75, 0x71, 0x78, 0x9b, 0x86, 0x66, 0x88, 0x93, 0x81, 0x77, 0x73,
  0x72, 0x90, 0x93, 0x68, 0x7b, 0x97, 0x86, 0x77, 0x75, 0x73, 0x85, 0x99,
  0x72, 0x6e, 0x94, 0x8a, 0x78, 0x78, 0x72, 0x7c, 0x99, 0x7e, 0x66, 0x8b,
  0x92, 0x7d, 0x76, 0x75, 0x77, 0x91, 0x8d, 0x65, 0x7f, 0x98, 0x80, 0x76,
  0x78, 0x74, 0x87, 0x94, 0x6c, 0x72, 0x96, 0x88, 0x78, 0x75, 0x76, 0x81,
  0x95, 0x78, 0x66, 0x93, 0x92, 0x7a, 0x76, 0x76, 0x7b, 0x93, 0x84, 0x63,
  0x87, 0x96, 0x80, 0x77, 0x74, 0x79, 0x89, 0x8e, 0x69, 0x76, 0x99, 0x87,
  0x78, 0x76, 0x77, 0x82, 0x94, 0x74, 0x6a, 0x93, 0x8f, 0x7d, 0x76, 0x76,
  0x7e, 0x8f, 0x84, 0x67, 0x86, 0x97, 0x81, 0x78, 0x77, 0x77, 0x88, 0x8e,
  0x6b, 0x78, 0x94, 0x86, 0x7e, 0x76, 0x74, 0x81, 0x91, 0x79, 0x6d, 0x8f,
  0x8e, 0x80, 0x78, 0x72, 0x7a, 0x8d, 0x87, 0x6a, 0x81, 0x92, 0x86, 0x7c,
  0x72, 0x76, 0x84, 0x90, 0x73, 0x71, 0x92, 0x8b, 0x7f, 0x75, 0x72, 0x7c,
  0x93, 0x81, 0x67, 0x8a, 0x94, 0x82, 0x78, 0x72, 0x76, 0x8c, 0x8e, 0x69,
  0x7b, 0x97, 0x88, 0x79, 0x73, 0x72, 0x83, 0x96, 0x73, 0x6d, 0x96, 0x90,
  0x7b, 0x75, 0x74, 0x7b, 0x94, 0x83, 0x66, 0x8b, 0x99, 0x7f, 0x74, 0x74,
  0x76, 0x8b, 0x90, 0x68, 0x79, 0x9f, 0x87, 0x72, 0x76, 0x77, 0x81, 0x96,
  0x73, 0x6c, 0x9b, 0x8f, 0x72, 0x77, 0x79, 0x79, 0x95, 0x81, 0x64, 0x93,
  0x99, 0x74, 0x73, 0x7b, 0x74, 0x8d, 0x8c, 0x62, 0x87, 0x9e, 0x78, 0x72,
  0x7c, 0x74, 0x87, 0x92, 0x66, 0x7d, 0xa2, 0x7e, 0x70, 0x7c, 0x75, 0x82,
  0x93, 0x6b, 0x76, 0xa1, 0x84, 0x6f, 0x7b, 0x76, 0x80, 0x96, 0x6e, 0x6f,
  0x9e, 0x8a, 0x71, 0x77, 0x75, 0x7f, 0x96, 0x72, 0x69, 0x9c, 0x8e, 0x72,
  0x77, 0x75, 0x7b, 0x98, 0x78, 0x65, 0x97, 0x92, 0x77, 0x76, 0x73, 0x79,
  0x97, 0x7e, 0x61, 0x91, 0x96, 0x7b, 0x76, 0x72, 0x77, 0x95, 0x88, 0x5f,
  0x88, 0x9c, 0x7f, 0x77, 0x71, 0x74, 0x93, 0x91, 0x62, 0x7c, 0x9e, 0x85,
  0x79, 0x73, 0x70, 0x8b, 0x9a, 0x68, 0x6f, 0x9d, 0x8b, 0x7b, 0x75, 0x6a,
  0x86, 0xa0, 0x6f, 0x65, 0x9a, 0x90, 0x7c, 0x78, 0x69, 0x7d, 0xa2, 0x7b,
  0x5e, 0x90, 0x95, 0x7f, 0x7a, 0x6a, 0x75, 0x9f, 0x87, 0x5b, 0x86, 0x99,
  0x81, 0x7b, 0x6f, 0x6f, 0x96, 0x94, 0x61, 0x79, 0x9b, 0x86, 0x7b, 0x74,
  0x6c, 0x8c, 0x9d, 0x69, 0x6b, 0x9b, 0x8d, 0x7a, 0x77, 0x6c, 0x81, 0xa0,
  0x74, 0x62, 0x95, 0x93, 0x7a, 0x78, 0x6e, 0x77, 0x9d, 0x81, 0x5e, 0x8d,
  0x97, 0x7c, 0x7a, 0x71, 0x70, 0x97, 0x8b, 0x5f, 0x82, 0x9a, 0x7f, 0x78,
  0x75, 0x6e, 0x90, 0x94, 0x63, 0x79, 0x9c, 0x83, 0x78, 0x78, 0x6e, 0x88,
  0x99, 0x6a, 0x71, 0x9a, 0x89, 0x78, 0x79, 0x6f, 0x7f, 0x9d, 0x73, 0x69,
  0x97, 0x8e, 0x77, 0x79, 0x70, 0x7a, 0x9b, 0x7a, 0x65, 0x93, 0x93, 0x78,
  0x78, 0x73, 0x74, 0x97, 0x84, 0x63, 0x8b, 0x98, 0x7d, 0x77, 0x76, 0x72,
  0x94, 0x8d, 0x63, 0x83, 0x9c, 0x80, 0x73, 0x77, 0x71, 0x8e, 0x93, 0x65,
  0x7a, 0x9d, 0x86, 0x72, 0x76, 0x71, 0x88, 0x98, 0x6a, 0x72, 0x9c, 0x8c,
  0x72, 0x77, 0x71, 0x83, 0x9c, 0x70, 0x6b, 0x99, 0x91, 0x74, 0x74, 0x71,
  0x80, 0x9c, 0x75, 0x67, 0x94, 0x96, 0x78, 0x72, 0x71, 0x7d, 0x9d, 0x7c,
  0x66, 0x8e, 0x98, 0x7d, 0x72, 0x70, 0x79, 0x9d, 0x81, 0x63, 0x8a, 0x99,
  0x7f, 0x72, 0x70, 0x76, 0x9b, 0x87, 0x63, 0x86, 0x97, 0x82, 0x74, 0x70,
  0x73, 0x98, 0x8a, 0x64, 0x83, 0x96, 0x83, 0x75, 0x72, 0x70, 0x95, 0x8f,
  0x65, 0x81, 0x96, 0x83, 0x76, 0x75, 0x6e, 0x90, 0x92, 0x66, 0x7f, 0x95,
  0x83, 0x78, 0x77, 0x6d, 0x8d, 0x95, 0x68, 0x7c, 0x94, 0x84, 0x79, 0x78,
  0x6c, 0x89, 0x96, 0x6b, 0x78, 0x92, 0x86, 0x7a, 0x78, 0x6e, 0x85, 0x97,
  0x71, 0x75, 0x90, 0x8b, 0x7b, 0x77, 0x70, 0x7f, 0x97, 0x77, 0x70, 0x8c,
  0x8e, 0x7a, 0x76, 0x73, 0x7a, 0x97, 0x7e, 0x6c, 0x8a, 0x92, 0x7b, 0x77,
  0x75, 0x76, 0x97, 0x83, 0x69, 0x89, 0x93, 0x7a, 0x77, 0x77, 0x72, 0x95,
  0x87, 0x69, 0x86, 0x93, 0x7c, 0x78, 0x78, 0x71, 0x93, 0x89, 0x6b, 0x83,
  0x92, 0x80, 0x77, 0x77, 0x71, 0x90, 0x8b, 0x6d, 0x81, 0x92, 0x82, 0x76,
  0x77, 0x73, 0x8d, 0x8c, 0x6f, 0x7f, 0x91, 0x85, 0x77, 0x77, 0x74, 0x8a,
  0x8e, 0x71, 0x7d, 0x90, 0x87, 0x76, 0x77, 0x73, 0x88, 0x90, 0x71, 0x7c,
  0x90, 0x87, 0x77, 0x78, 0x73, 0x87, 0x91, 0x71, 0x7b, 0x91, 0x87, 0x78,
  0x78, 0x71, 0x86, 0x92, 0x70, 0x7b, 0x91, 0x86, 0x79, 0x78, 0x70, 0x86,
  0x93, 0x6f, 0x7b, 0x92, 0x86, 0x79, 0x78, 0x70, 0x87, 0x92, 0x6f, 0x7c,
  0x92, 0x85, 0x79, 0x77, 0x71, 0x87, 0x92, 0x6f, 0x7d, 0x92, 0x85, 0x79,
  0x77, 0x72, 0x86, 0x90, 0x70, 0x7d, 0x92, 0x85, 0x79, 0x78, 0x74, 0x86,
  0x8f, 0x72, 0x7d, 0x91, 0x85, 0x78, 0x78, 0x74, 0x85, 0x8e, 0x73, 0x7d,
  0x91, 0x85, 0x78, 0x78, 0x74, 0x85, 0x8e, 0x73, 0x7e, 0x91, 0x84, 0x79,
  0x78, 0x74, 0x85, 0x8d, 0x74, 0x7e, 0x8f, 0x84, 0x7a, 0x77, 0x73, 0x86,
  0x8d, 0x74, 0x7f, 0x8d, 0x84, 0x7b, 0x77, 0x73, 0x86, 0x8c, 0x75, 0x7f,
  0x8d, 0x85, 0x7b, 0x77, 0x74, 0x85, 0x8c, 0x77, 0x7e, 0x8c, 0x85, 0x7b,
  0x77, 0x74, 0x84, 0x8c, 0x77, 0x7d, 0x8c, 0x85, 0x7a, 0x77, 0x74, 0x84,
  0x8d, 0x77, 0x7d, 0x8d, 0x85, 0x7a, 0x78, 0x73, 0x84, 0x8d, 0x76, 0x7d,
  0x8d, 0x84, 0x7a, 0x77, 0x73, 0x85, 0x8c, 0x77, 0x7e, 0x8c, 0x84, 0x7b,
  0x77, 0x73, 0x86, 0x8b, 0x76, 0x7f, 0x8b, 0x84, 0x7c, 0x76, 0x74, 0x87,
  0x89, 0x77, 0x80, 0x8a, 0x85, 0x7c, 0x75, 0x76, 0x87, 0x88, 0x79, 0x80,
  0x89, 0x85, 0x7b, 0x75, 0x76, 0x87, 0x87, 0x7a, 0x80, 0x88, 0x85, 0x7b,
  0x75, 0x77, 0x86, 0x86, 0x7a, 0x80, 0x89, 0x85, 0x7a, 0x76, 0x77, 0x86,
  0x86, 0x79, 0x80, 0x89, 0x85, 0x7a, 0x77, 0x77, 0x86, 0x86, 0x79, 0x81,
  0x89, 0x83, 0x7b, 0x76, 0x77, 0x86, 0x85, 0x78, 0x82, 0x89, 0x83, 0x7b,
  0x76, 0x78, 0x87, 0x85, 0x78, 0x82, 0x89, 0x83, 0x7b, 0x76, 0x78, 0x87,
  0x85, 0x78, 0x82, 0x89, 0x83, 0x7b, 0x76, 0x78, 0x87, 0x85, 0x78, 0x82,
  0x89, 0x83, 0x7b, 0x76, 0x77, 0x87, 0x85, 0x78, 0x81, 0x89, 0x83, 0x7b,
  0x76, 0x78, 0x86, 0x85, 0x78, 0x82, 0x89, 0x83, 0x7c, 0x76, 0x78, 0x86,
  0x86, 0x78, 0x81, 0x89, 0x83, 0x7c, 0x76, 0x77, 0x85, 0x86, 0x79, 0x81,
  0x89, 0x83, 0x7c, 0x77, 0x77, 0x86, 0x87, 0x79, 0x81, 0x89, 0x83, 0x7d,
  0x77, 0x76, 0x85, 0x87, 0x79, 0x81, 0x89, 0x83, 0x7d, 0x77, 0x76, 0x85,
  0x87, 0x7a, 0x81, 0x88, 0x83, 0x7d, 0x77, 0x76, 0x84, 0x87, 0x7a, 0x81,
  0x88, 0x84, 0x7e, 0x77, 0x75, 0x83, 0x87, 0x7b, 0x81, 0x88, 0x84, 0x7e,
  0x77, 0x75, 0x83, 0x88, 0x7b, 0x81, 0x88, 0x84, 0x7f, 0x77, 0x75, 0x83,
  0x88, 0x7b, 0x80, 0x88, 0x84, 0x7f, 0x78, 0x75, 0x82, 0x88, 0x7b, 0x80,
  0x88, 0x84, 0x7f, 0x78, 0x75, 0x82, 0x88, 0x7b, 0x7f, 0x88, 0x85, 0x7f,
  0x78, 0x75, 0x81, 0x88, 0x7b, 0x7e, 0x89, 0x85, 0x7f, 0x78, 0x75, 0x80,
  0x89, 0x7c, 0x7d, 0x88, 0x86, 0x7f, 0x79, 0x75, 0x7f, 0x89, 0x7c, 0x7c,
  0x89, 0x86, 0x7f, 0x79, 0x75, 0x7e, 0x89, 0x7d, 0x7b, 0x88, 0x87, 0x80,
  0x7a, 0x75, 0x7d, 0x89, 0x7e, 0x7b, 0x87, 0x87, 0x80, 0x7b, 0x75, 0x7c,
  0x89, 0x80, 0x7b, 0x86, 0x87, 0x81, 0x7b, 0x75, 0x7b, 0x88, 0x81, 0x7b,
  0x85, 0x87, 0x82, 0x7c, 0x75, 0x7a, 0x87, 0x82, 0x7a, 0x84, 0x88, 0x83,
  0x7c, 0x76, 0x78, 0x85, 0x83, 0x7a, 0x83, 0x88, 0x83, 0x7d, 0x76, 0x77,
  0x84, 0x84, 0x7b, 0x82, 0x88, 0x83, 0x7e, 0x77, 0x76, 0x83, 0x85, 0x7b,
  0x81, 0x88, 0x84, 0x7e, 0x78, 0x75, 0x81, 0x86, 0x7c, 0x7f, 0x88, 0x84,
  0x7f, 0x79, 0x75, 0x7f, 0x87, 0x7d, 0x7e, 0x87, 0x85, 0x80, 0x7b, 0x75,
  0x7c, 0x87, 0x7f, 0x7d, 0x87, 0x86, 0x81, 0x7c, 0x75, 0x7a, 0x87, 0x81,
  0x7c, 0x86, 0x86, 0x81, 0x7d, 0x76, 0x79, 0x85, 0x82, 0x7b, 0x84, 0x87,
  0x82, 0x7e, 0x77, 0x77, 0x84, 0x84, 0x7b, 0x83, 0x88, 0x83, 0x7f, 0x78,
  0x76, 0x82, 0x85, 0x7b, 0x81, 0x88, 0x83, 0x80, 0x79, 0x76, 0x81, 0x86,
  0x7c, 0x7f, 0x87, 0x84, 0x80, 0x7a, 0x76, 0x7e, 0x86, 0x7e, 0x7e, 0x87,
  0x86, 0x81, 0x7b, 0x76, 0x7c, 0x85, 0x80, 0x7d, 0x86, 0x87, 0x81, 0x7c,
  0x77, 0x7a, 0x84, 0x81, 0x7c, 0x84, 0x88, 0x82, 0x7d, 0x78, 0x79, 0x82,
  0x83, 0x7c, 0x82, 0x88, 0x83, 0x7e, 0x79, 0x78, 0x80, 0x84, 0x7d, 0x80,
  0x88, 0x85, 0x7f, 0x7a, 0x77, 0x7e, 0x85, 0x7e, 0x7f, 0x87, 0x86, 0x80,
  0x7b, 0x77, 0x7c, 0x84, 0x7f, 0x7d, 0x86, 0x86, 0x81, 0x7c, 0x77, 0x7a,
  0x84, 0x81, 0x7c, 0x84, 0x86, 0x82, 0x7d, 0x77, 0x79, 0x83, 0x82, 0x7c,
  0x83, 0x87, 0x83, 0x7f, 0x79, 0x77, 0x81, 0x83, 0x7d, 0x81, 0x87, 0x83,
  0x80, 0x7a, 0x77, 0x7e, 0x84, 0x7e, 0x7f, 0x86, 0x84, 0x81, 0x7c, 0x77,
  0x7c, 0x84, 0x7f, 0x7e, 0x86, 0x85, 0x81, 0x7e, 0x77, 0x79, 0x83, 0x81,
  0x7d, 0x84, 0x85, 0x82, 0x80, 0x79, 0x77, 0x81, 0x83, 0x7d, 0x82, 0x86,
  0x83, 0x81, 0x7b, 0x76, 0x7e, 0x84, 0x7e, 0x81, 0x85, 0x83, 0x82, 0x7d,
  0x76, 0x7b, 0x83, 0x80, 0x7f, 0x85, 0x84, 0x82, 0x7f, 0x77, 0x79, 0x82,
  0x81, 0x7e, 0x84, 0x84, 0x83, 0x80, 0x78, 0x77, 0x80, 0x83, 0x7e, 0x82,
  0x84, 0x83, 0x82, 0x7a, 0x76, 0x7e, 0x83, 0x7f, 0x81, 0x84, 0x84, 0x83,
  0x7c, 0x76, 0x7b, 0x83, 0x80, 0x7f, 0x84, 0x84, 0x83, 0x7e, 0x77, 0x79,
  0x82, 0x81, 0x7e, 0x83, 0x85, 0x83, 0x80, 0x78, 0x77, 0x80, 0x82, 0x7e,
  0x82, 0x85, 0x84, 0x81, 0x7a, 0x76, 0x7e, 0x83, 0x7e, 0x80, 0x85, 0x84,
  0x81, 0x7c, 0x76, 0x7c, 0x83, 0x7f, 0x7f, 0x85, 0x85, 0x82, 0x7d, 0x77,
  0x7a, 0x82, 0x81, 0x7e, 0x84, 0x86, 0x83, 0x7e, 0x78, 0x78, 0x80, 0x82,
  0x7e, 0x83, 0x87, 0x84, 0x7f, 0x79, 0x77, 0x7e, 0x83, 0x7f, 0x82, 0x86,
  0x84, 0x80, 0x7b, 0x77, 0x7c, 0x82, 0x80, 0x80, 0x86, 0x85, 0x81, 0x7c,
  0x78, 0x7a, 0x82, 0x81, 0x7f, 0x84, 0x85, 0x82, 0x7d, 0x78, 0x79, 0x80,
  0x81, 0x7f, 0x84, 0x86, 0x83, 0x7f, 0x79, 0x78, 0x7e, 0x81, 0x7f, 0x83,
  0x86, 0x84, 0x80, 0x7a, 0x77, 0x7c, 0x82, 0x80, 0x82, 0x86, 0x84, 0x80,
  0x7b, 0x77, 0x7b, 0x82, 0x80, 0x80, 0x85, 0x85, 0x82, 0x7d, 0x78, 0x7a,
  0x81, 0x81, 0x7f, 0x84, 0x86, 0x83, 0x7f, 0x79, 0x78, 0x7f, 0x81, 0x7e,
  0x83, 0x86, 0x84, 0x81, 0x7a, 0x77, 0x7d, 0x81, 0x7f, 0x83, 0x87, 0x84,
  0x81, 0x7a, 0x76, 0x7c, 0x82, 0x80, 0x80, 0x85, 0x85, 0x82, 0x7c, 0x77,
  0x7a, 0x81, 0x80, 0x80, 0x86, 0x86, 0x82, 0x7d, 0x77, 0x78, 0x80, 0x81,
  0x80, 0x84, 0x87, 0x84, 0x7f, 0x78, 0x77, 0x7e, 0x81, 0x80, 0x84, 0x87,
  0x84, 0x7f, 0x79, 0x77, 0x7d, 0x82, 0x80, 0x82, 0x85, 0x84, 0x80, 0x7b,
  0x77, 0x7b, 0x81, 0x81, 0x82, 0x86, 0x85, 0x80, 0x7b, 0x77, 0x7a, 0x81,
  0x82, 0x82, 0x85, 0x84, 0x80, 0x7d, 0x79, 0x79, 0x7f, 0x81, 0x81, 0x85,
  0x85, 0x81, 0x7e, 0x79, 0x78, 0x7f, 0x83, 0x83, 0x84, 0x83, 0x7f, 0x7c,
  0x7a, 0x7a, 0x81, 0x85, 0x84, 0x82, 0x7f, 0x7c, 0x7d, 0x7e, 0x7f, 0x82,
  0x84, 0x81, 0x7e, 0x7d, 0x7c, 0x7e, 0x81, 0x82, 0x82, 0x82, 0x7f, 0x7c,
  0x7b, 0x7d, 0x81, 0x85, 0x85, 0x81, 0x7e, 0x7a, 0x79, 0x7d, 0x82, 0x86,
  0x85, 0x81, 0x7d, 0x7b, 0x7c, 0x7d, 0x81, 0x83, 0x83, 0x81, 0x7f, 0x7e,
  0x7d, 0x7e, 0x7e, 0x7e, 0x80, 0x82, 0x82, 0x82, 0x82, 0x7f, 0x7d, 0x7c,
  0x7b, 0x7e, 0x82, 0x84, 0x83, 0x82, 0x7f, 0x7c, 0x7b, 0x7b, 0x7f, 0x84,
  0x85, 0x84, 0x81, 0x7e, 0x7c, 0x7b, 0x7b, 0x7d, 0x82, 0x85, 0x85, 0x83,
  0x7e, 0x7b, 0x79, 0x7a, 0x7e, 0x84, 0x87, 0x85, 0x81, 0x7c, 0x7a, 0x79,
  0x7b, 0x81, 0x85, 0x86, 0x83, 0x7f, 0x7b, 0x7b, 0x7d, 0x7f, 0x82, 0x83,
  0x82, 0x81, 0x7e, 0x7c, 0x7c, 0x7f, 0x81, 0x81, 0x80, 0x7f, 0x7f, 0x80,
  0x80, 0x80, 0x80, 0x7f, 0x7e, 0x7f, 0x7f, 0x80, 0x80, 0x80, 0x7f, 0x7e,
  0x7e, 0x80, 0x80, 0x81, 0x81, 0x81, 0x7f, 0x7d, 0x7d, 0x7f, 0x80, 0x81,
  0x80, 0x7f, 0x7f, 0x80, 0x80, 0x80, 0x7f, 0x7e, 0x7f, 0x7f, 0x80, 0x81,
  0x82, 0x81, 0x7f, 0x7b, 0x7a, 0x7d, 0x81, 0x84, 0x85, 0x83, 0x7f, 0x7c,
  0x7a, 0x7a, 0x7e, 0x83, 0x85, 0x85, 0x82, 0x7e, 0x7b, 0x7b, 0x7c, 0x80,
  0x83, 0x84, 0x83, 0x80, 0x7d, 0x7b, 0x7c, 0x7f, 0x82, 0x83, 0x82, 0x7f,
  0x7e, 0x7d, 0x7f, 0x80, 0x81, 0x80, 0x7e, 0x7d, 0x7e, 0x80, 0x83, 0x84,
  0x83, 0x80, 0x7c, 0x7b, 0x7c, 0x7e, 0x80, 0x81, 0x81, 0x82, 0x82, 0x82,
  0x81, 0x7f, 0x7d, 0x7c, 0x7c, 0x7e, 0x81, 0x84, 0x84, 0x81, 0x7e, 0x7b,
  0x7b, 0x7d, 0x81, 0x84, 0x85, 0x84, 0x80, 0x7c, 0x7a, 0x7b, 0x7e, 0x81,
  0x83, 0x84, 0x83, 0x80, 0x7d, 0x7c, 0x7c, 0x7d, 0x80, 0x82, 0x84, 0x83,
  0x81, 0x7e, 0x7c, 0x7c, 0x7e, 0x80, 0x82, 0x82, 0x80, 0x7f, 0x7e, 0x7e,
  0x7f, 0x81, 0x82, 0x82, 0x80, 0x7e, 0x7d, 0x7d, 0x7e, 0x7f, 0x81, 0x82,
  0x82, 0x81, 0x80, 0x7f, 0x7e, 0x7e, 0x7f, 0x80, 0x81, 0x80, 0x7f, 0x7d,
  0x7d, 0x7f, 0x82, 0x82, 0x82, 0x81, 0x7f, 0x7e, 0x7d, 0x7d, 0x7e, 0x7f,
  0x81, 0x83, 0x83, 0x82, 0x81, 0x7e, 0x7c, 0x7b, 0x7c, 0x7e, 0x81, 0x84,
  0x85, 0x83, 0x80, 0x7d, 0x7b, 0x7c, 0x7e, 0x80, 0x81, 0x81, 0x81, 0x81,
  0x80, 0x7f, 0x7f, 0x7f, 0x7f, 0x7f, 0x7e, 0x7f, 0x7f, 0x7f, 0x80, 0x80,
  0x80, 0x81, 0x82, 0x81, 0x7f, 0x7d, 0x7c, 0x7d, 0x7e, 0x80, 0x81, 0x82,
  0x82, 0x81, 0x80, 0x7f, 0x7e, 0x7d, 0x7d, 0x7e, 0x80, 0x81, 0x82, 0x82,
  0x81, 0x80, 0x7e, 0x7e, 0x7e, 0x7e, 0x7e, 0x7f, 0x7f, 0x81, 0x82, 0x82,
  0x81, 0x7f, 0x7d, 0x7d, 0x7e, 0x80, 0x81, 0x81, 0x7f, 0x7f, 0x7f, 0x80,
  0x82, 0x82, 0x81, 0x7f, 0x7c, 0x7c, 0x7e, 0x80, 0x82, 0x83, 0x81, 0x7e,
  0x7d, 0x7d, 0x7f, 0x81, 0x82, 0x82, 0x81, 0x7f, 0x7d, 0x7d, 0x7e, 0x7f,
  0x80, 0x81, 0x80, 0x7f, 0x80, 0x80, 0x81, 0x81, 0x80, 0x7f, 0x7e, 0x7d,
  0x7e, 0x7e, 0x80, 0x81, 0x82, 0x82, 0x81, 0x81, 0x7f, 0x7e, 0x7d, 0x7d,
  0x7e, 0x7f, 0x81, 0x81, 0x81, 0x80, 0x80, 0x7f, 0x7f, 0x7f, 0x7f, 0x7f,
  0x7f, 0x7f, 0x7f, 0x7f, 0x7f, 0x7f, 0x80, 0x80, 0x81, 0x81, 0x81, 0x80,
  0x7f, 0x7d, 0x7e, 0x7f, 0x80, 0x80, 0x81, 0x81, 0x80, 0x80, 0x7f, 0x7f,
  0x7f, 0x7f, 0x7f, 0x7f, 0x7f, 0x7f, 0x80, 0x80, 0x80, 0x81, 0x80, 0x80,
  0x7f, 0x7f, 0x7f, 0x80, 0x80, 0x80, 0x7f, 0x7f, 0x7e, 0x7f, 0x7f, 0x80,
  0x81, 0x81, 0x80, 0x80, 0x7f, 0x7f, 0x7f, 0x7f, 0x7f, 0x80, 0x80, 0x80,
  0x81, 0x80, 0x80, 0x7f, 0x7e, 0x7e, 0x7e, 0x7f, 0x7f, 0x80, 0x80, 0x80,
  0x81, 0x80, 0x80, 0x80, 0x80, 0x80, 0x7f, 0x7f, 0x7f, 0x7f, 0x7f, 0x7f,
  0x7f, 0x7f, 0x7f, 0x7f, 0x7f, 0x80, 0x80, 0x80, 0x80, 0x80, 0x80, 0x7f,
  0x7f, 0x7f, 0x7f, 0x7f, 0x80, 0x80, 0x80, 0x7f, 0x7f, 0x7f, 0x7f, 0x7f,
  0x7f, 0x80, 0x80, 0x80, 0x80, 0x80, 0x80, 0x80, 0x80, 0x7f, 0x7f, 0x7f,
  0x7f, 0x7f, 0x7f, 0x7f, 0x7f, 0x80, 0x7f, 0x80, 0x80, 0x80, 0x80, 0x80,
  0x80, 0x7f, 0x7f, 0x7f, 0x7f, 0x7f, 0x7f, 0x80, 0x7f, 0x80, 0x7f, 0x80,
  0x7f, 0x7f, 0x7f, 0x7f, 0x7f, 0x7f, 0x80, 0x80, 0x7f, 0x80, 0x7f, 0x7f,
  0x80, 0x80, 0x80, 0x80, 0x7f, 0x80, 0x7f, 0x7f, 0x7f, 0x7f, 0x7f, 0x80,
  0x80, 0x80, 0x80, 0x80, 0x80, 0x7f, 0x7f, 0x7f, 0x7f, 0x7f, 0x7f, 0x7f,
  0x7f, 0x7f, 0x80, 0x80, 0x80, 0x80, 0x80, 0x80, 0x80, 0x80, 0x7f, 0x7f,
  0x7f, 0x7f, 0x7f, 0x7f, 0x7f, 0x7f, 0x7f, 0x7f, 0x80, 0x80, 0x80, 0x80,
  0x80, 0x80, 0x7f, 0x7f, 0x7f, 0x7f, 0x7f, 0x7f, 0x7f, 0x80, 0x7f, 0x7f,
  0x7f, 0x7f, 0x7f, 0x80, 0x80, 0x80, 0x80, 0x80, 0x7f, 0x7f, 0x7f, 0x7f,
  0x7f, 0x80, 0x7f, 0x7f, 0x7f, 0x7f, 0x7f, 0x7f, 0x7f, 0x80, 0x80, 0x80,
  0x80, 0x80, 0x7f, 0x7f, 0x7e, 0x7f, 0x80, 0x80, 0x80, 0x80, 0x80, 0x7f,
  0x7f, 0x80, 0x80, 0x80, 0x80, 0x80, 0x7f, 0x7e, 0x7f, 0x7f, 0x80, 0x80,
  0x80, 0x80, 0x7f, 0x7f, 0x80, 0x7f, 0x80, 0x80, 0x80, 0x80, 0x80, 0x80,
  0x7f, 0x7f, 0x7f, 0x7f, 0x7f, 0x80, 0x80, 0x80, 0x80, 0x80, 0x80, 0x7f,
  0x80, 0x80, 0x80, 0x80, 0x7f, 0x80, 0x80, 0x7f, 0x7f, 0x7f, 0x7f, 0x7f,
  0x80, 0x80, 0x80, 0x80, 0x80, 0x7f, 0x7f, 0x7f, 0x7f, 0x7f, 0x80, 0x80,
  0x7f, 0x7f, 0x7f, 0x7f, 0x7f, 0x80, 0x7f, 0x80, 0x7f, 0x7f, 0x7f, 0x7f,
  0x80, 0x80, 0x80, 0x80, 0x7f, 0x7f, 0x7f, 0x80, 0x80, 0x7f, 0x80, 0x80,
  0x80, 0x7f, 0x7f, 0x7f, 0x7f, 0x7f, 0x80, 0x80, 0x80, 0x7f, 0x80, 0x80,
  0x7f, 0x7f, 0x7f, 0x80, 0x80, 0x7f, 0x80, 0x80, 0x7f, 0x7f, 0x7f, 0x7f,
  0x80, 0x7f, 0x80, 0x80, 0x80, 0x7f, 0x7f, 0x7f, 0x80, 0x7f, 0x80, 0x80,
  0x7f, 0x7f, 0x7f, 0x80, 0x80, 0x80, 0x80, 0x7f, 0x80, 0x7f, 0x80, 0x80,
  0x80, 0x7f, 0x7f, 0x7f, 0x80, 0x7f, 0x7f, 0x7f, 0x7f, 0x7f, 0x80, 0x7f,
  0x80, 0x7f, 0x7f, 0x80, 0x80, 0x80, 0x80, 0x80, 0x80, 0x80, 0x80, 0x7f,
  0x80, 0x7f, 0x7f, 0x7f, 0x7f, 0x80, 0x80, 0x7f, 0x80, 0x80, 0x80, 0x80,
  0x80, 0x7f, 0x7f, 0x7f, 0x80, 0x80, 0x80, 0x80, 0x7f, 0x7f, 0x7f, 0x7f,
  0x7f, 0x7f, 0x7f, 0x7f, 0x80, 0x80, 0x80, 0x80, 0x80, 0x80, 0x80, 0x80,
  0x80, 0x80, 0x80, 0x80, 0x7f, 0x7f, 0x7f, 0x7f, 0x7f, 0x80, 0x7f, 0x80,
  0x80, 0x80, 0x80, 0x7f, 0x80, 0x80, 0x7f, 0x7f, 0x7f, 0x80, 0x7f, 0x80,
  0x7f, 0x7f, 0x7f, 0x7f, 0x7f, 0x7f, 0x7f, 0x7f, 0x80, 0x80, 0x80, 0x7f,
  0x80, 0x80, 0x80, 0x80, 0x80, 0x80, 0x80, 0x7f, 0x80, 0x80, 0x7f, 0x7f,
  0x7f, 0x80, 0x7f, 0x7f, 0x80, 0x80, 0x80, 0x7f, 0x7f, 0x7f, 0x80, 0x80,
  0x80, 0x7f, 0x7f, 0x7f, 0x7f, 0x80, 0x7f, 0x7f, 0x7f, 0x7f, 0x7f, 0x7f,
  0x80, 0x80, 0x80, 0x80, 0x80, 0x80, 0x80, 0x80, 0x80, 0x7f, 0x7f, 0x7f,
  0x80, 0x80, 0x80, 0x7f, 0x7f, 0x7f, 0x80, 0x80, 0x80, 0x7f, 0x80, 0x80,
  0x80, 0x80, 0x80, 0x7f, 0x7f, 0x7f, 0x80, 0x80, 0x80, 0x7f, 0x80, 0x7f,
  0x7f, 0x7f, 0x7f, 0x7f, 0x80, 0x7f, 0x80, 0x80, 0x80, 0x80, 0x80, 0x7f,
  0x7f, 0x7f, 0x80, 0x80, 0x80, 0x80, 0x7f, 0x7f, 0x7f, 0x80, 0x80, 0x80,
  0x7f, 0x7f, 0x7f, 0x7f, 0x7f, 0x80, 0x80, 0x80, 0x80, 0x80, 0x7f, 0x7f,
  0x7f, 0x7f, 0x7f, 0x80, 0x80, 0x80, 0x80, 0x7f, 0x7f, 0x7f, 0x7f, 0x80,
  0x80, 0x80, 0x80, 0x80, 0x80, 0x80, 0x7f, 0x80, 0x7f, 0x7f, 0x7f, 0x7f,
  0x7f, 0x7f, 0x7f, 0x80, 0x80, 0x80, 0x7f, 0x7f, 0x7f, 0x7f, 0x7f, 0x80,
  0x80, 0x80, 0x7f, 0x7f, 0x7f, 0x7f, 0x7f, 0x7f, 0x80, 0x80, 0x80, 0x7f,
  0x7f, 0x7f, 0x80, 0x80, 0x80, 0x80, 0x7f, 0x7f, 0x7f, 0x7f, 0x80, 0x80,
  0x80, 0x80, 0x80, 0x7f, 0x7f, 0x7f, 0x80, 0x80, 0x80, 0x80, 0x7f, 0x7f,
  0x7f, 0x7f, 0x7f, 0x7f, 0x80, 0x80, 0x80, 0x7f, 0x7f, 0x7f, 0x7f, 0x80,
  0x80, 0x80, 0x7f, 0x7f, 0x7f, 0x80, 0x80, 0x80, 0x80, 0x80, 0x80, 0x80,
  0x80, 0x80, 0x80, 0x80, 0x80, 0x80, 0x80, 0x80, 0x7f, 0x7f, 0x7f, 0x80,
  0x80, 0x80, 0x80, 0x80, 0x80, 0x7f, 0x7f, 0x7f, 0x7f, 0x7f, 0x80, 0x80,
  0x80, 0x80, 0x80, 0x7f, 0x7f, 0x7f, 0x7f, 0x80, 0x80, 0x80, 0x80, 0x80,
  0x80, 0x80, 0x80, 0x80, 0x80, 0x80, 0x80, 0x80, 0x80, 0x80, 0x7f, 0x7f,
  0x7f, 0x80, 0x80, 0x80, 0x80, 0x80, 0x80, 0x7f, 0x7f, 0x7f, 0x7f, 0x7f,
  0x80, 0x80, 0x80, 0x80, 0x80, 0x7f, 0x80, 0x80, 0x7f, 0x7f, 0x80, 0x80,
  0x80, 0x80, 0x80, 0x80, 0x7f, 0x7f, 0x80, 0x80, 0x80, 0x80, 0x80, 0x80,
  0x7f, 0x7f, 0x80, 0x80, 0x80, 0x80, 0x80, 0x7f, 0x80, 0x7f, 0x80, 0x7f,
  0x7f, 0x7f, 0x7f, 0x7f, 0x80, 0x80, 0x80, 0x80, 0x80, 0x7f, 0x7f, 0x7f,
  0x7f, 0x7f, 0x7f, 0x80, 0x80, 0x80, 0x80, 0x80, 0x7f, 0x7f, 0x80, 0x80,
  0x80, 0x80, 0x7f, 0x80, 0x80, 0x80, 0x80, 0x80, 0x80, 0x80, 0x80, 0x80,
  0x7f, 0x80, 0x80, 0x80, 0x80, 0x80, 0x7f, 0x7f, 0x7f, 0x80, 0x80, 0x80,
  0x80, 0x80, 0x7f, 0x7f, 0x7f, 0x7f, 0x7f, 0x7f, 0x80, 0x80, 0x7f, 0x80,
  0x80, 0x80, 0x80, 0x80, 0x80, 0x80, 0x80, 0x80, 0x80, 0x80, 0x80, 0x80,
  0x80, 0x80, 0x80, 0x80, 0x80, 0x80, 0x80, 0x80, 0x7f, 0x7f, 0x7f, 0x80,
  0x80, 0x80, 0x80, 0x80, 0x80, 0x7f, 0x7f, 0x7f, 0x7f, 0x7f, 0x7f, 0x80,
  0x80, 0x80, 0x80, 0x80, 0x80, 0x80, 0x80, 0x80, 0x80, 0x80, 0x80, 0x80,
  0x80, 0x80, 0x80, 0x80, 0x80, 0x80, 0x7f, 0x7f, 0x80, 0x80, 0x80, 0x80,
  0x80, 0x7f, 0x7f, 0x7f, 0x7f, 0x80, 0x80, 0x80, 0x80, 0x80, 0x80, 0x80,
  0x80, 0x7f, 0x80, 0x80, 0x80, 0x80, 0x80, 0x80, 0x80, 0x80, 0x80, 0x80,
  0x80, 0x80, 0x80, 0x80, 0x80, 0x80, 0x80, 0x7f, 0x7f, 0x7f, 0x7f, 0x7f,
  0x7f, 0x80, 0x80, 0x80, 0x80, 0x80, 0x7f, 0x7f, 0x7f, 0x80, 0x80, 0x80,
  0x80, 0x80, 0x80, 0x80, 0x80, 0x80, 0x80, 0x80, 0x80, 0x80, 0x80, 0x80,
  0x80, 0x80, 0x80, 0x80, 0x80, 0x80, 0x80, 0x80, 0x80, 0x80, 0x80, 0x80,
  0x80, 0x80, 0x80, 0x7f, 0x7f, 0x80, 0x80, 0x80, 0x80, 0x80, 0x80, 0x80,
  0x7f, 0x7f, 0x7f, 0x80, 0x80, 0x80, 0x7f, 0x80, 0x80, 0x7f, 0x80, 0x80,
  0x80, 0x80, 0x80, 0x80, 0x80, 0x80, 0x80, 0x80, 0x80, 0x80, 0x7f, 0x7f,
  0x7f, 0x80, 0x80, 0x7f, 0x7f, 0x80, 0x80, 0x7f, 0x7f, 0x7f, 0x7f, 0x7f,
  0x7f, 0x7f, 0x80, 0x80, 0x80, 0x80, 0x80, 0x7f, 0x7f, 0x7f, 0x7f, 0x7f,
  0x80, 0x80, 0x80, 0x80, 0x80, 0x80, 0x80, 0x80, 0x80, 0x80, 0x80, 0x80,
  0x80, 0x80, 0x7f, 0x7f, 0x7f, 0x80, 0x80, 0x7f, 0x80, 0x80, 0x80, 0x7f,
  0x7f, 0x7f, 0x7f, 0x7f, 0x7f, 0x7f, 0x7f, 0x80, 0x80, 0x80, 0x80, 0x80,
  0x80, 0x80, 0x7f, 0x7f, 0x80, 0x80, 0x80, 0x80, 0x80, 0x80, 0x80, 0x80,
  0x80, 0x80, 0x80, 0x80, 0x80, 0x7f, 0x7f, 0x7f, 0x7f, 0x7f, 0x7f, 0x7f,
  0x7f, 0x80, 0x80, 0x80, 0x7f, 0x7f, 0x7f, 0x7f, 0x80, 0x80, 0x80, 0x80,
  0x80, 0x80, 0x80, 0x80, 0x80, 0x7f, 0x7f, 0x7f, 0x80, 0x7f, 0x7f, 0x7f,
  0x80, 0x80, 0x80, 0x80, 0x80, 0x80, 0x80, 0x80, 0x80, 0x7f, 0x7f, 0x7f,
  0x7f, 0x7f, 0x7f, 0x7f, 0x7f, 0x7f, 0x80, 0x7f, 0x7f, 0x7f, 0x7f, 0x7f,
  0x80, 0x80, 0x80, 0x80, 0x80, 0x80, 0x7f, 0x7f, 0x7f, 0x80, 0x80, 0x80,
  0x80, 0x80, 0x7f, 0x7f, 0x7f, 0x80, 0x80, 0x80, 0x80, 0x80, 0x80, 0x80,
  0x80, 0x80, 0x80, 0x80, 0x7f, 0x7f, 0x7f, 0x7f, 0x7f, 0x80, 0x7f, 0x7f,
  0x7f, 0x7f, 0x7f, 0x7f, 0x7f, 0x7f, 0x80, 0x80, 0x80, 0x80, 0x80, 0x80,
  0x80, 0x7f, 0x7f, 0x80, 0x80, 0x80, 0x80, 0x7f, 0x7f, 0x7f, 0x80, 0x80,
  0x80, 0x80, 0x80, 0x80, 0x80, 0x80, 0x80, 0x80, 0x80, 0x80, 0x80, 0x7f,
  0x7f, 0x80, 0x7f, 0x7f, 0x7f, 0x7f, 0x80, 0x80, 0x80, 0x7f, 0x7f, 0x80,
  0x80, 0x80, 0x80, 0x80, 0x80, 0x80, 0x80, 0x80, 0x80, 0x80, 0x80, 0x80,
  0x80, 0x7f, 0x80, 0x80, 0x80, 0x80, 0x80, 0x80, 0x80, 0x80, 0x80, 0x80,
  0x80, 0x80, 0x7f, 0x7f, 0x7f, 0x80, 0x7f, 0x7f, 0x7f, 0x7f, 0x80, 0x7f,
  0x80, 0x7f, 0x7f, 0x7f, 0x80, 0x80, 0x80, 0x80, 0x7f, 0x80, 0x80, 0x80,
  0x80, 0x80, 0x80, 0x7f, 0x80, 0x80, 0x80, 0x80, 0x80, 0x80, 0x80, 0x80,
  0x80, 0x80, 0x80, 0x80, 0x80, 0x7f, 0x7f, 0x7f, 0x7f, 0x80, 0x7f, 0x7f,
  0x7f, 0x7f, 0x7f, 0x7f, 0x7f, 0x7f, 0x7f, 0x7f, 0x80, 0x80, 0x80, 0x80,
  0x80, 0x80, 0x80, 0x80, 0x80, 0x80, 0x80, 0x80, 0x80, 0x80, 0x80, 0x80,
  0x80, 0x80, 0x80, 0x80, 0x80, 0x80, 0x80, 0x80, 0x80, 0x80, 0x7f, 0x7f,
  0x7f, 0x7f, 0x7f, 0x80, 0x80, 0x80, 0x80, 0x80, 0x7f, 0x7f, 0x7f, 0x7f,
  0x80, 0x80, 0x80, 0x80, 0x80, 0x80, 0x80, 0x80, 0x80, 0x80, 0x80, 0x80,
  0x80, 0x80, 0x80, 0x80, 0x80, 0x80, 0x80, 0x80, 0x80, 0x80, 0x80, 0x80,
  0x80, 0x80, 0x80, 0x7f, 0x7f, 0x7f, 0x7f, 0x80, 0x7f, 0x80, 0x80, 0x80,
  0x7f, 0x7f, 0x7f, 0x7f, 0x7f, 0x80, 0x80, 0x80, 0x80, 0x80, 0x80, 0x80,
  0x80, 0x80, 0x80, 0x80, 0x80, 0x80, 0x80, 0x80, 0x80, 0x80, 0x80, 0x80,
  0x80, 0x80, 0x80, 0x80, 0x80, 0x80, 0x80, 0x7f, 0x7f, 0x7f, 0x7f, 0x80,
  0x7f, 0x7f, 0x7f, 0x7f, 0x7f, 0x7f, 0x7f, 0x7f, 0x7f, 0x80, 0x80, 0x80,
  0x80, 0x80, 0x80, 0x80, 0x80, 0x80, 0x80, 0x80, 0x80, 0x80, 0x80, 0x80,
  0x80, 0x80, 0x80, 0x80, 0x80, 0x80, 0x80, 0x80, 0x80, 0x80, 0x80, 0x7f,
  0x7f, 0x7f, 0x7f, 0x80, 0x7f, 0x7f, 0x7f, 0x7f, 0x7f, 0x7f, 0x7f, 0x7f,
  0x7f, 0x80, 0x80, 0x80, 0x80, 0x7f, 0x7f, 0x7f, 0x80, 0x80, 0x80, 0x80,
  0x80, 0x80, 0x80, 0x80, 0x80, 0x80, 0x80, 0x80, 0x80, 0x80, 0x80, 0x80,
  0x80, 0x80, 0x80, 0x7f, 0x7f, 0x7f, 0x7f, 0x80, 0x7f, 0x7f, 0x7f, 0x7f,
  0x7f, 0x7f, 0x7f, 0x7f, 0x7f, 0x80, 0x80, 0x80, 0x80, 0x7f, 0x7f, 0x7f,
  0x80, 0x80, 0x80, 0x80, 0x80, 0x80, 0x80, 0x80, 0x80, 0x80, 0x80, 0x80,
  0x80, 0x80, 0x80, 0x80, 0x80, 0x80, 0x80, 0x7f, 0x7f, 0x7f, 0x7f, 0x7f,
  0x7f, 0x7f, 0x7f, 0x7f, 0x7f, 0x7f, 0x7f, 0x7f, 0x7f, 0x80, 0x80, 0x80,
  0x80, 0x80, 0x80, 0x80, 0x80, 0x80, 0x80, 0x80, 0x80, 0x80, 0x80, 0x80,
  0x80, 0x80, 0x80, 0x80, 0x80, 0x80, 0x80, 0x80, 0x80, 0x80, 0x80, 0x7f,
  0x7f, 0x7f, 0x7f, 0x7f, 0x7f, 0x7f, 0x7f, 0x7f, 0x7f, 0x7f, 0x7f, 0x7f,
  0x7f, 0x7f, 0x80, 0x80, 0x80, 0x80, 0x80, 0x80, 0x80, 0x80, 0x80, 0x80,
  0x80, 0x80, 0x80, 0x80, 0x80, 0x80, 0x80, 0x80, 0x80, 0x80, 0x80, 0x80,
  0x80, 0x80, 0x80, 0x7f, 0x7f, 0x7f, 0x7f, 0x7f, 0x7f, 0x7f, 0x7f, 0x80,
  0x80, 0x80, 0x80, 0x80, 0x7f, 0x7f, 0x80, 0x7f, 0x7f, 0x80, 0x7f, 0x80,
  0x80, 0x80, 0x80, 0x80, 0x80, 0x80, 0x80, 0x80, 0x80, 0x80, 0x80, 0x80,
  0x80, 0x80, 0x7f, 0x7f, 0x7f, 0x7f, 0x7f, 0x7f, 0x7f, 0x7f, 0x7f, 0x7f,
  0x7f, 0x7f, 0x7f, 0x7f, 0x7f, 0x7f, 0x80, 0x80, 0x80, 0x80, 0x80, 0x7f,
  0x7f, 0x7f, 0x7f, 0x80, 0x80, 0x80, 0x80, 0x80, 0x80, 0x80, 0x80, 0x80,
  0x80, 0x80, 0x80, 0x80, 0x80, 0x80, 0x7f, 0x80, 0x7f, 0x7f, 0x7f, 0x7f,
  0x7f, 0x80, 0x7f, 0x7f, 0x7f, 0x7f, 0x7f, 0x7f, 0x7f, 0x7f, 0x7f, 0x80,
  0x80, 0x80, 0x80, 0x80, 0x7f, 0x7f, 0x7f, 0x80, 0x80, 0x80, 0x80, 0x80,
  0x80, 0x80, 0x80, 0x80, 0x80, 0x80, 0x80, 0x80, 0x80, 0x80, 0x7f, 0x80,
  0x7f, 0x7f, 0x7f, 0x7f, 0x7f, 0x80, 0x7f, 0x7f, 0x7f, 0x7f, 0x7f, 0x7f,
  0x80, 0x7f, 0x7f, 0x80, 0x80, 0x80, 0x80, 0x80, 0x7f, 0x80, 0x80, 0x80,
  0x80, 0x80, 0x80, 0x80, 0x80, 0x80, 0x80, 0x80, 0x80, 0x80, 0x80, 0x80,
  0x80, 0x7f, 0x7f, 0x7f, 0x7f, 0x7f, 0x7f, 0x7f, 0x7f, 0x80, 0x80, 0x7f,
  0x7f, 0x7f, 0x7f, 0x7f, 0x80, 0x7f, 0x7f, 0x7f, 0x7f, 0x7f, 0x7f, 0x7f,
  0x7f, 0x7f, 0x80, 0x7f, 0x80, 0x7f, 0x7f, 0x7f, 0x7f, 0x7f, 0x7f, 0x80,
  0x80, 0x80, 0x80, 0x80, 0x80, 0x80, 0x80, 0x80, 0x80, 0x80, 0x7f, 0x7f,
  0x7f, 0x80, 0x7f, 0x80, 0x7f, 0x80, 0x80, 0x80, 0x80, 0x7f, 0x7f, 0x80,
  0x80, 0x80, 0x80, 0x80, 0x7f, 0x7f, 0x80, 0x80, 0x80, 0x80, 0x80, 0x80,
  0x7f, 0x7f, 0x7f, 0x80, 0x80, 0x80, 0x80, 0x80, 0x80, 0x80, 0x80, 0x80,
  0x80, 0x80, 0x80, 0x80, 0x7f, 0x7f, 0x7f, 0x80, 0x80, 0x80, 0x80, 0x80,
  0x80, 0x7f, 0x7f, 0x80, 0x7f, 0x80, 0x80, 0x80, 0x80, 0x80, 0x80, 0x80,
  0x80, 0x80, 0x80, 0x80, 0x80, 0x80, 0x80, 0x80, 0x80, 0x80, 0x80, 0x80,
  0x80, 0x80, 0x80, 0x80, 0x80, 0x80, 0x80, 0x7f, 0x7f, 0x80, 0x80, 0x80,
  0x80, 0x80, 0x80, 0x80, 0x80, 0x7f, 0x7f, 0x80, 0x80, 0x80, 0x80, 0x80,
  0x80, 0x7f, 0x80, 0x80, 0x80, 0x7f, 0x7f, 0x80, 0x80, 0x80, 0x80, 0x80,
  0x80, 0x80, 0x80, 0x80, 0x80, 0x80, 0x80, 0x80, 0x80, 0x80, 0x80, 0x80,
  0x80, 0x80, 0x80, 0x80, 0x80, 0x80, 0x7f, 0x7f, 0x80, 0x7f, 0x80, 0x80,
  0x80, 0x80, 0x80, 0x80, 0x7f, 0x7f, 0x7f, 0x7f, 0x80, 0x7f, 0x7f, 0x7f,
  0x80, 0x80, 0x80, 0x80, 0x80, 0x80, 0x80, 0x80, 0x80, 0x80, 0x80, 0x80,
  0x80, 0x80, 0x80, 0x7f, 0x7f, 0x80, 0x80, 0x80, 0x80, 0x80, 0x80, 0x80,
  0x80, 0x7f, 0x80, 0x80, 0x7f, 0x80, 0x80, 0x80, 0x7f, 0x7f, 0x7f, 0x7f,
  0x80, 0x7f, 0x7f, 0x80, 0x80, 0x80, 0x80, 0x80, 0x80, 0x80, 0x80, 0x80,
  0x80, 0x80, 0x80, 0x80, 0x80, 0x80, 0x80, 0x80, 0x7f, 0x7f, 0x7f, 0x80,
  0x80, 0x80, 0x80, 0x80, 0x80, 0x7f, 0x7f, 0x7f, 0x7f, 0x7f, 0x80, 0x80,
  0x80, 0x80, 0x80, 0x80, 0x80, 0x7f, 0x7f, 0x7f, 0x80, 0x80, 0x80, 0x80,
  0x80, 0x80, 0x80, 0x80, 0x80, 0x80, 0x80, 0x80, 0x80, 0x80, 0x80, 0x7f,
  0x7f, 0x7f, 0x80, 0x80, 0x80, 0x80, 0x7f, 0x7f, 0x7f, 0x7f, 0x7f, 0x7f,
  0x7f, 0x7f, 0x7f, 0x80, 0x7f, 0x7f, 0x7f, 0x7f, 0x7f, 0x7f, 0x7f, 0x7f,
  0x80, 0x80, 0x80, 0x80, 0x80, 0x80, 0x80, 0x80, 0x7f, 0x7f, 0x80, 0x80,
  0x80, 0x80, 0x80, 0x7f, 0x7f, 0x7f, 0x80, 0x80, 0x80, 0x80, 0x80, 0x7f,
  0x7f, 0x7f, 0x80, 0x80, 0x7f, 0x80, 0x80, 0x7f, 0x7f, 0x7f, 0x7f, 0x7f,
  0x7f, 0x7f, 0x7f, 0x7f, 0x80, 0x80, 0x80, 0x80, 0x80, 0x80, 0x80, 0x80,
  0x80, 0x80, 0x80, 0x80, 0x80, 0x80, 0x80, 0x80, 0x7f, 0x7f, 0x80, 0x80,
  0x80, 0x80, 0x80, 0x7f, 0x7f, 0x7f, 0x7f, 0x7f, 0x7f, 0x7f, 0x80, 0x80,
  0x80, 0x7f, 0x7f, 0x7f, 0x7f, 0x7f, 0x7f, 0x7f, 0x80, 0x80, 0x80, 0x80,
  0x80, 0x80, 0x80, 0x80, 0x80, 0x80, 0x80, 0x80, 0x80, 0x80, 0x80, 0x80,
  0x80, 0x80, 0x80, 0x80, 0x80, 0x80, 0x80, 0x80, 0x7f, 0x7f, 0x7f, 0x7f,
  0x7f, 0x80, 0x80, 0x80, 0x80, 0x7f, 0x7f, 0x80, 0x80, 0x7f, 0x7f, 0x7f,
  0x7f, 0x80, 0x80, 0x80, 0x80, 0x80, 0x80, 0x80, 0x80, 0x80, 0x80, 0x80,
  0x7f, 0x80, 0x80, 0x80, 0x80, 0x80, 0x7f, 0x80, 0x80, 0x7f, 0x80, 0x80,
  0x80, 0x7f, 0x7f, 0x7f, 0x80, 0x80, 0x80, 0x80, 0x7f, 0x7f, 0x7f, 0x7f,
  0x7f, 0x7f, 0x80, 0x80, 0x7f, 0x7f, 0x7f, 0x80, 0x80, 0x7f, 0x7f, 0x80,
  0x80, 0x80, 0x7f, 0x7f, 0x7f, 0x80, 0x80, 0x80, 0x80, 0x80, 0x7f, 0x7f,
  0x7f, 0x7f, 0x80, 0x80, 0x80, 0x80, 0x80, 0x7f, 0x7f, 0x7f, 0x80, 0x80,
  0x80, 0x7f, 0x7f, 0x7f, 0x7f, 0x80, 0x80, 0x80, 0x7f, 0x7f, 0x7f, 0x7f,
  0x7f, 0x80, 0x80, 0x80, 0x80, 0x80, 0x7f, 0x7f, 0x7f, 0x80, 0x80, 0x80,
  0x80, 0x7f, 0x7f, 0x80, 0x80, 0x80, 0x80, 0x80, 0x7f, 0x7f, 0x7f, 0x80,
  0x80, 0x80, 0x80, 0x7f, 0x7f, 0x7f, 0x7f, 0x7f, 0x80, 0x80, 0x80, 0x80,
  0x7f, 0x7f, 0x7f, 0x7f, 0x7f, 0x80, 0x80, 0x80, 0x80, 0x7f, 0x7f, 0x80,
  0x80, 0x80, 0x80, 0x7f, 0x80, 0x80, 0x80, 0x7f, 0x7f, 0x80, 0x7f, 0x7f,
  0x7f, 0x80, 0x80, 0x80, 0x7f, 0x80, 0x80, 0x7f, 0x7f, 0x7f, 0x7f, 0x80,
  0x80, 0x80, 0x7f, 0x7f, 0x7f, 0x7f, 0x80, 0x80, 0x80, 0x7f, 0x7f, 0x7f,
  0x80, 0x80, 0x80, 0x7f, 0x7f, 0x7f, 0x7f, 0x80, 0x80, 0x80, 0x80, 0x7f,
  0x7f, 0x7f, 0x7f, 0x80, 0x80, 0x80, 0x7f, 0x7f, 0x7f, 0x7f, 0x80, 0x80,
  0x80, 0x7f, 0x7f, 0x7f, 0x7f, 0x7f, 0x7f, 0x80, 0x80, 0x80, 0x7f, 0x7f,
  0x7f, 0x80, 0x80, 0x80, 0x80, 0x7f, 0x7f, 0x7f, 0x7f, 0x80, 0x80, 0x80,
  0x80, 0x7f, 0x7f, 0x7f, 0x7f, 0x7f, 0x7f, 0x80, 0x80, 0x7f, 0x7f, 0x80,
  0x80, 0x80, 0x7f, 0x7f, 0x7f, 0x7f, 0x7f, 0x80, 0x7f, 0x80, 0x80, 0x80,
  0x80, 0x7f, 0x7f, 0x7f, 0x7f, 0x80, 0x80, 0x80, 0x80, 0x80, 0x80, 0x7f,
  0x7f, 0x7f, 0x7f, 0x7f, 0x80, 0x80, 0x80, 0x7f, 0x7f, 0x7f, 0x80, 0x80,
  0x80, 0x80, 0x7f, 0x7f, 0x7f, 0x7f, 0x80, 0x80, 0x80, 0x7f, 0x7e, 0x7f,
  0x80, 0x81, 0x80, 0x7f, 0x7f, 0x80, 0x80, 0x80, 0x7e, 0x7d, 0x7e, 0x80,
  0x82, 0x83, 0x81, 0x7e, 0x7c, 0x7d, 0x7f, 0x81, 0x82, 0x81, 0x80, 0x7f,
  0x7f, 0x7f, 0x7f, 0x7f, 0x80, 0x81, 0x80, 0x7f, 0x7e, 0x7f, 0x80, 0x80,
  0x7f, 0x7f, 0x7f, 0x80, 0x80, 0x80, 0x7f, 0x7f, 0x7f, 0x7f, 0x80, 0x80,
  0x7f, 0x80, 0x81, 0x81, 0x7f, 0x7d, 0x7d, 0x7f, 0x82, 0x82, 0x80, 0x7e,
  0x7e, 0x7e, 0x7f, 0x7f, 0x80, 0x81, 0x82, 0x80, 0x7e, 0x7d, 0x7e, 0x7f,
  0x7f, 0x7f, 0x80, 0x81, 0x82, 0x81, 0x7e, 0x7d, 0x7d, 0x7f, 0x81, 0x81,
  0x7f, 0x7f, 0x80, 0x81, 0x81, 0x7f, 0x7e, 0x7e, 0x7f, 0x80, 0x7f, 0x80,
  0x81, 0x81, 0x80, 0x7f, 0x7e, 0x7f, 0x80, 0x80, 0x7f, 0x7e, 0x7f, 0x81,
  0x82, 0x80, 0x7f, 0x7e, 0x7f, 0x7f, 0x7e, 0x7f, 0x80, 0x80, 0x81, 0x81,
  0x7f, 0x7f, 0x80, 0x7f, 0x7f, 0x7f, 0x7f, 0x7e, 0x7d, 0x7f, 0x83, 0x84,
  0x82, 0x7e, 0x7b, 0x7d, 0x80, 0x81, 0x7f, 0x7f, 0x7f, 0x81, 0x82, 0x80,
  0x7f, 0x7e, 0x7d, 0x7d, 0x7f, 0x81, 0x82, 0x81, 0x7e, 0x7e, 0x80, 0x81,
  0x81, 0x7f, 0x7d, 0x7e, 0x80, 0x80, 0x80, 0x7f, 0x81, 0x82, 0x82, 0x7d,
  0x7a, 0x7e, 0x82, 0x83, 0x7f, 0x7b, 0x7d, 0x81, 0x85, 0x83, 0x7d, 0x7c,
  0x7f, 0x81, 0x80, 0x7e, 0x7e, 0x80, 0x82, 0x81, 0x7f, 0x7e, 0x7f, 0x80,
  0x80, 0x80, 0x80, 0x7e, 0x7e, 0x80, 0x80, 0x81, 0x80, 0x80, 0x81, 0x81,
  0x7e, 0x7b, 0x7b, 0x80, 0x84, 0x83, 0x80, 0x7e, 0x7f, 0x80, 0x7f, 0x7d,
  0x7e, 0x80, 0x82, 0x81, 0x7f, 0x7e, 0x80, 0x83, 0x82, 0x7f, 0x7c, 0x7b,
  0x7e, 0x82, 0x81, 0x80, 0x7f, 0x81, 0x83, 0x81, 0x7c, 0x7a, 0x7d, 0x82,
  0x83, 0x7f, 0x7c, 0x7f, 0x83, 0x82, 0x7f, 0x7c, 0x7e, 0x80, 0x80, 0x7f,
  0x80, 0x81, 0x82, 0x80, 0x7d, 0x7d, 0x7f, 0x80, 0x81, 0x81, 0x80, 0x7f,
  0x7d, 0x7c, 0x80, 0x84, 0x83, 0x7d, 0x78, 0x7d, 0x85, 0x87, 0x80, 0x79,
  0x7b, 0x82, 0x85, 0x7f, 0x7c, 0x7e, 0x81, 0x81, 0x7e, 0x7e, 0x83, 0x85,
  0x7e, 0x79, 0x7b, 0x7f, 0x84, 0x83, 0x80, 0x7f, 0x80, 0x7e, 0x7e, 0x7f,
  0x80, 0x80, 0x7e, 0x7c, 0x80, 0x85, 0x85, 0x7f, 0x7a, 0x7c, 0x7f, 0x80,
  0x7f, 0x7f, 0x81, 0x83, 0x82, 0x7f, 0x7d, 0x7e, 0x80, 0x81, 0x80, 0x7d,
  0x7d, 0x80, 0x83, 0x83, 0x81, 0x7f, 0x7d, 0x7d, 0x7e, 0x7f, 0x80, 0x80,
  0x7f, 0x7e, 0x82, 0x85, 0x81, 0x7b, 0x79, 0x7d, 0x84, 0x85, 0x7f, 0x7b,
  0x7d, 0x82, 0x84, 0x80, 0x7d, 0x7d, 0x7f, 0x80, 0x7f, 0x7f, 0x80, 0x81,
  0x81, 0x81, 0x7f, 0x7d, 0x7d, 0x7e, 0x81, 0x82, 0x80, 0x7d, 0x7e, 0x84,
  0x84, 0x7e, 0x78, 0x7a, 0x80, 0x84, 0x83, 0x80, 0x80, 0x81, 0x81, 0x7e,
  0x7a, 0x7c, 0x81, 0x83, 0x81, 0x7d, 0x7e, 0x82, 0x84, 0x82, 0x7d, 0x7a,
  0x7d, 0x81, 0x81, 0x7f, 0x7e, 0x80, 0x83, 0x86, 0x80, 0x7a, 0x7a, 0x7e,
  0x83, 0x83, 0x7e, 0x7b, 0x7e, 0x85, 0x84, 0x7e, 0x7a, 0x7e, 0x83, 0x82,
  0x7c, 0x7a, 0x80, 0x87, 0x84, 0x7c, 0x79, 0x7d, 0x83, 0x83, 0x7e, 0x7b,
  0x7f, 0x84, 0x83, 0x7e, 0x7b, 0x7f, 0x82, 0x80, 0x7e, 0x7e, 0x7f, 0x7f,
  0x7f, 0x82, 0x85, 0x81, 0x7b, 0x79, 0x7d, 0x82, 0x83, 0x7f, 0x7e, 0x80,
  0x82, 0x81, 0x7d, 0x7c, 0x7e, 0x80, 0x80, 0x80, 0x81, 0x81, 0x7f, 0x7e,
  0x7f, 0x82, 0x81, 0x7e, 0x7d, 0x7f, 0x81, 0x80, 0x7d, 0x7f, 0x83, 0x82,
  0x7d, 0x7a, 0x7e, 0x85, 0x86, 0x7e, 0x78, 0x7b, 0x81, 0x83, 0x81, 0x81,
  0x81, 0x7f, 0x7c, 0x7d, 0x80, 0x81, 0x80, 0x7c, 0x7e, 0x83, 0x84, 0x7f,
  0x7c, 0x7d, 0x81, 0x82, 0x7d, 0x7b, 0x80, 0x87, 0x86, 0x7d, 0x77, 0x7b,
  0x82, 0x84, 0x80, 0x7d, 0x7f, 0x81, 0x80, 0x7e, 0x7f, 0x82, 0x81, 0x7d,
  0x7a, 0x7d, 0x85, 0x86, 0x7f, 0x7a, 0x7d, 0x83, 0x85, 0x7f, 0x7a, 0x7c,
  0x82, 0x84, 0x7f, 0x79, 0x7d, 0x86, 0x87, 0x80, 0x79, 0x7a, 0x80, 0x84,
  0x81, 0x7c, 0x7d, 0x83, 0x86, 0x81, 0x7b, 0x7b, 0x7f, 0x82, 0x7e, 0x7b,
  0x80, 0x87, 0x87, 0x7f, 0x78, 0x79, 0x80, 0x83, 0x80, 0x7c, 0x7e, 0x84,
  0x86, 0x84, 0x7d, 0x78, 0x7b, 0x80, 0x81, 0x7f, 0x7e, 0x82, 0x85, 0x83,
  0x7f, 0x7a, 0x7b, 0x81, 0x82, 0x7f, 0x7b, 0x7c, 0x84, 0x8a, 0x85, 0x7a,
  0x76, 0x7b, 0x83, 0x86, 0x81, 0x7b, 0x7d, 0x82, 0x84, 0x82, 0x7d, 0x7c,
  0x7f, 0x83, 0x82, 0x7d, 0x7a, 0x7e, 0x84, 0x85, 0x80, 0x7c, 0x7c, 0x7e,
  0x80, 0x7f, 0x81, 0x83, 0x82, 0x80, 0x7c, 0x7e, 0x7f, 0x7f, 0x7f, 0x81,
  0x81, 0x7f, 0x7b, 0x7c, 0x85, 0x8a, 0x82, 0x78, 0x77, 0x7f, 0x86, 0x82,
  0x79, 0x7a, 0x84, 0x89, 0x80, 0x75, 0x79, 0x85, 0x89, 0x7f, 0x76, 0x7b,
  0x86, 0x89, 0x7f, 0x77, 0x7b, 0x85, 0x84, 0x7b, 0x77, 0x7f, 0x89, 0x88,
  0x7c, 0x76, 0x7c, 0x85, 0x85, 0x7d, 0x79, 0x7e, 0x84, 0x85, 0x81, 0x7c,
  0x7c, 0x7f, 0x81, 0x81, 0x7f, 0x7d, 0x7e, 0x81, 0x83, 0x80, 0x7b, 0x7a,
  0x80, 0x87, 0x86, 0x7d, 0x78, 0x7d, 0x84, 0x85, 0x7e, 0x7a, 0x7d, 0x84,
  0x83, 0x7b, 0x7a, 0x81, 0x88, 0x85, 0x78, 0x74, 0x7f, 0x8a, 0x87, 0x7b,
  0x77, 0x81, 0x8c, 0x85, 0x76, 0x72, 0x7c, 0x8a, 0x8a, 0x7e, 0x77, 0x7d,
  0x86, 0x86, 0x7c, 0x74, 0x7a, 0x85, 0x8a, 0x86, 0x7f, 0x79, 0x7a, 0x7f,
  0x82, 0x80, 0x7c, 0x7d, 0x83, 0x87, 0x82, 0x7a, 0x7b, 0x82, 0x84, 0x7e,
  0x79, 0x7d, 0x85, 0x86, 0x7f, 0x7a, 0x7e, 0x85, 0x83, 0x7d, 0x7a, 0x7c,
  0x7f, 0x80, 0x81, 0x86, 0x86, 0x7e, 0x78, 0x7a, 0x80, 0x83, 0x7f, 0x7c,
  0x81, 0x85, 0x82, 0x7b, 0x7b, 0x82, 0x85, 0x7c, 0x76, 0x7c, 0x89, 0x8a,
  0x7e, 0x76, 0x7c, 0x87, 0x84, 0x78, 0x75, 0x82, 0x8e, 0x87, 0x77, 0x74,
  0x80, 0x8c, 0x85, 0x76, 0x72, 0x7f, 0x8c, 0x88, 0x7d, 0x78, 0x7e, 0x84,
  0x82, 0x7c, 0x7a, 0x7d, 0x81, 0x84, 0x85, 0x82, 0x7f, 0x7c, 0x7c, 0x7f,
  0x80, 0x7d, 0x7b, 0x81, 0x89, 0x87, 0x7d, 0x77, 0x7a, 0x82, 0x84, 0x7d,
  0x7a, 0x7f, 0x89, 0x88, 0x7d, 0x75, 0x7c, 0x88, 0x86, 0x78, 0x72, 0x7d,
  0x8f, 0x8e, 0x7b, 0x6e, 0x78, 0x89, 0x8c, 0x7d, 0x72, 0x79, 0x8a, 0x8e,
  0x7e, 0x71, 0x78, 0x88, 0x8b, 0x7e, 0x71, 0x75, 0x88, 0x91, 0x86, 0x76,
  0x74, 0x7f, 0x89, 0x85, 0x79, 0x77, 0x80, 0x89, 0x86, 0x7c, 0x77, 0x7d,
  0x84, 0x86, 0x7f, 0x79, 0x7b, 0x81, 0x85, 0x83, 0x7f, 0x7c, 0x7d, 0x7f,
  0x82, 0x82, 0x7e, 0x79, 0x7e, 0x89, 0x89, 0x7e, 0x75, 0x76, 0x84, 0x8b,
  0x82, 0x76, 0x7b, 0x88, 0x8a, 0x7c, 0x70, 0x79, 0x8b, 0x8f, 0x7e, 0x6e,
  0x77, 0x8c, 0x90, 0x7f, 0x70, 0x74, 0x86, 0x8d, 0x83, 0x77, 0x79, 0x84,
  0x88, 0x7f, 0x75, 0x77, 0x84, 0x8c, 0x86, 0x76, 0x73, 0x83, 0x8d, 0x84,
  0x74, 0x73, 0x85, 0x92, 0x84, 0x6f, 0x72, 0x87, 0x90, 0x7f, 0x6d, 0x76,
  0x8d, 0x92, 0x7d, 0x6e, 0x7a, 0x8a, 0x87, 0x76, 0x74, 0x87, 0x91, 0x83,
  0x70, 0x73, 0x86, 0x8b, 0x7e, 0x74, 0x7c, 0x8b, 0x8b, 0x7a, 0x72, 0x7f,
  0x89, 0x81, 0x75, 0x77, 0x87, 0x8f, 0x84, 0x74, 0x74, 0x82, 0x88, 0x7f,
  0x76, 0x7b, 0x89, 0x8d, 0x7f, 0x72, 0x79, 0x88, 0x88, 0x78, 0x71, 0x7e,
  0x92, 0x90, 0x78, 0x6d, 0x7c, 0x8c, 0x84, 0x75, 0x73, 0x87, 0x96, 0x86,
  0x70, 0x71, 0x84, 0x8a, 0x7d, 0x74, 0x7f, 0x8f, 0x8b, 0x78, 0x73, 0x81,
  0x87, 0x7d, 0x74, 0x7e, 0x90, 0x8d, 0x78, 0x71, 0x81, 0x8a, 0x7e, 0x6f,
  0x77, 0x91, 0x94, 0x7c, 0x6c, 0x7b, 0x8c, 0x84, 0x71, 0x74, 0x8c, 0x95,
  0x81, 0x6d, 0x78, 0x8b, 0x87, 0x74, 0x71, 0x87, 0x96, 0x86, 0x6e, 0x73,
  0x89, 0x8a, 0x77, 0x70, 0x81, 0x93, 0x8b, 0x72, 0x71, 0x87, 0x8b, 0x78,
  0x70, 0x81, 0x94, 0x8d, 0x72, 0x6f, 0x84, 0x8b, 0x79, 0x6d, 0x7e, 0x95,
  0x91, 0x73, 0x6b, 0x84, 0x90, 0x7d, 0x6b, 0x78, 0x93, 0x95, 0x78, 0x69,
  0x7f, 0x8f, 0x80, 0x6d, 0x75, 0x8f, 0x97, 0x7d, 0x68, 0x7a, 0x8f, 0x85,
  0x6f, 0x72, 0x8a, 0x98, 0x83, 0x6a, 0x76, 0x8c, 0x87, 0x71, 0x70, 0x87,
  0x99, 0x89, 0x6a, 0x71, 0x8c, 0x8b, 0x76, 0x6e, 0x82, 0x97, 0x8e, 0x70,
  0x6d, 0x86, 0x8c, 0x79, 0x6f, 0x7f, 0x94, 0x90, 0x73, 0x6c, 0x83, 0x8c,
  0x7a, 0x6e, 0x7d, 0x94, 0x92, 0x75, 0x6b, 0x82, 0x8d, 0x7d, 0x6e, 0x7b,
  0x92, 0x94, 0x77, 0x69, 0x7f, 0x8f, 0x80, 0x6f, 0x78, 0x90, 0x96, 0x7b,
  0x69, 0x7d, 0x8e, 0x81, 0x6f, 0x78, 0x8f, 0x96, 0x7c, 0x6a, 0x7c, 0x8d,
  0x83, 0x70, 0x76, 0x8e, 0x97, 0x7e, 0x6a, 0x7a, 0x8d, 0x83, 0x6f, 0x76,
  0x8e, 0x97, 0x7f, 0x6a, 0x79, 0x8d, 0x85, 0x70, 0x73, 0x8c, 0x98, 0x82,
  0x6b, 0x77, 0x8c, 0x86, 0x70, 0x74, 0x8c, 0x98, 0x82, 0x6a, 0x76, 0x8d,
  0x88, 0x70, 0x72, 0x8b, 0x99, 0x83, 0x6a, 0x75, 0x8c, 0x87, 0x70, 0x72,
  0x8c, 0x99, 0x84, 0x6a, 0x75, 0x8d, 0x88, 0x6f, 0x71, 0x8b, 0x99, 0x85,
  0x6a, 0x74, 0x8c, 0x88, 0x70, 0x71, 0x89, 0x99, 0x86, 0x6b, 0x73, 0x8c,
  0x88, 0x71, 0x72, 0x89, 0x99, 0x87, 0x6b, 0x73, 0x8b, 0x88, 0x72, 0x72,
  0x87, 0x99, 0x88, 0x6b, 0x73, 0x89, 0x87, 0x73, 0x73, 0x87, 0x98, 0x88,
  0x6c, 0x73, 0x89, 0x86, 0x74, 0x74, 0x86, 0x96, 0x87, 0x6e, 0x74, 0x88,
  0x85, 0x74, 0x76, 0x88, 0x96, 0x85, 0x6e, 0x76, 0x87, 0x83, 0x74, 0x76,
  0x88, 0x95, 0x84, 0x6d, 0x76, 0x88, 0x83, 0x73, 0x76, 0x89, 0x95, 0x82,
  0x6d, 0x78, 0x8a, 0x83, 0x72, 0x77, 0x8b, 0x96, 0x7f, 0x6b, 0x79, 0x8b,
  0x82, 0x6f, 0x78, 0x8e, 0x97, 0x7c, 0x6a, 0x7c, 0x8d, 0x7f, 0x6e, 0x78,
  0x91, 0x98, 0x79, 0x69, 0x7d, 0x8f, 0x7c, 0x6b, 0x7b, 0x94, 0x97, 0x75,
  0x69, 0x82, 0x8f, 0x79, 0x6b, 0x7e, 0x98, 0x94, 0x71, 0x6a, 0x85, 0x8e,
  0x74, 0x6a, 0x81, 0x9a, 0x90, 0x6c, 0x6c, 0x8a, 0x8e, 0x71, 0x6a, 0x85,
  0x9e, 0x8e, 0x68, 0x6e, 0x8c, 0x8b, 0x6d, 0x6b, 0x89, 0xa0, 0x88, 0x65,
  0x73, 0x91, 0x88, 0x69, 0x6e, 0x8e, 0xa0, 0x81, 0x64, 0x78, 0x92, 0x84,
  0x67, 0x74, 0x93, 0x9e, 0x7b, 0x64, 0x7c, 0x93, 0x7e, 0x66, 0x78, 0x98,
  0x9c, 0x74, 0x65, 0x82, 0x93, 0x78, 0x67, 0x7f, 0x9c, 0x97, 0x6d, 0x68,
  0x88, 0x91, 0x71, 0x68, 0x87, 0x9f, 0x8f, 0x68, 0x6d, 0x8d, 0x8b, 0x6a,
  0x6f, 0x8e, 0xa0, 0x84, 0x64, 0x77, 0x92, 0x82, 0x65, 0x78, 0x96, 0x9d,
  0x79, 0x64, 0x81, 0x92, 0x77, 0x68, 0x82, 0x9c, 0x94, 0x6c, 0x6b, 0x8b,
  0x8e, 0x6b, 0x6c, 0x8d, 0x9f, 0x88, 0x65, 0x74, 0x92, 0x84, 0x66, 0x76,
  0x95, 0x9d, 0x7a, 0x65, 0x81, 0x93, 0x79, 0x65, 0x80, 0x9c, 0x97, 0x70,
  0x69, 0x89, 0x8f, 0x6f, 0x69, 0x8a, 0x9f, 0x8d, 0x69, 0x70, 0x90, 0x88,
  0x66, 0x70, 0x92, 0x9e, 0x83, 0x65, 0x7a, 0x92, 0x7d, 0x64, 0x79, 0x98,
  0x9b, 0x75, 0x67, 0x85, 0x92, 0x72, 0x66, 0x83, 0x9e, 0x94, 0x6c, 0x6c,
  0x8c, 0x8b, 0x69, 0x6d, 0x8e, 0xa0, 0x88, 0x65, 0x76, 0x93, 0x81, 0x63,
  0x76, 0x96, 0x9e, 0x79, 0x63, 0x80, 0x92, 0x76, 0x65, 0x81, 0x9c, 0x96,
  0x6e, 0x68, 0x8b, 0x8c, 0x6b, 0x6d, 0x8b, 0x9e, 0x8b, 0x67, 0x72, 0x8e,
  0x83, 0x66, 0x76, 0x93, 0x9c, 0x7e, 0x64, 0x7e, 0x91, 0x77, 0x67, 0x80,
  0x99, 0x96, 0x6f, 0x6b, 0x88, 0x8a, 0x6c, 0x6d, 0x8d, 0x9b, 0x89, 0x67,
  0x75, 0x90, 0x7f, 0x64, 0x79, 0x95, 0x99, 0x7a, 0x66, 0x81, 0x90, 0x74,
  0x65, 0x85, 0x9b, 0x91, 0x6c, 0x6d, 0x8d, 0x88, 0x66, 0x6f, 0x91, 0x9e,
  0x83, 0x64, 0x79, 0x92, 0x7c, 0x62, 0x7e, 0x9c, 0x98, 0x73, 0x67, 0x8a,
  0x90, 0x69, 0x67, 0x8d, 0xa0, 0x8b, 0x65, 0x73, 0x93, 0x85, 0x60, 0x73,
  0x9a, 0x9c, 0x7b, 0x64, 0x83, 0x95, 0x74, 0x60, 0x84, 0xa0, 0x94, 0x6d,
  0x6a, 0x8e, 0x8e, 0x68, 0x68, 0x91, 0x9f, 0x88, 0x65, 0x75, 0x95, 0x81,
  0x63, 0x77, 0x99, 0x9d, 0x78, 0x64, 0x82, 0x91, 0x75, 0x64, 0x85, 0x9e,
  0x93, 0x6d, 0x6a, 0x8e, 0x8b, 0x69, 0x6d, 0x91, 0xa0, 0x86, 0x64, 0x77,
  0x92, 0x81, 0x64, 0x79, 0x98, 0x9b, 0x77, 0x65, 0x85, 0x91, 0x72, 0x66,
  0x86, 0x9f, 0x92, 0x67, 0x6d, 0x8d, 0x88, 0x67, 0x6f, 0x91, 0x9e, 0x84,
  0x63, 0x79, 0x92, 0x7d, 0x66, 0x7b, 0x99, 0x9c, 0x72, 0x67, 0x85, 0x8d,
  0x70, 0x6b, 0x87, 0x9c, 0x8f, 0x67, 0x70, 0x8e, 0x83, 0x68, 0x74, 0x90,
  0xa0, 0x7e, 0x64, 0x7e, 0x90, 0x78, 0x67, 0x80, 0x9a, 0x97, 0x6e, 0x69,
  0x8a, 0x8b, 0x6b, 0x6e, 0x89, 0xa2, 0x89, 0x62, 0x76, 0x91, 0x81, 0x66,
  0x77, 0x94, 0x9f, 0x78, 0x62, 0x83, 0x92, 0x73, 0x67, 0x82, 0x9f, 0x96,
  0x67, 0x6a, 0x8e, 0x8b, 0x69, 0x6c, 0x8d, 0xa3, 0x87, 0x5f, 0x77, 0x95,
  0x80, 0x66, 0x76, 0x98, 0xa2, 0x72, 0x61, 0x86, 0x92, 0x75, 0x66, 0x81,
  0xa2, 0x95, 0x64, 0x6b, 0x90, 0x8a, 0x6b, 0x6e, 0x8c, 0xa4, 0x84, 0x5f,
  0x79, 0x93, 0x7f, 0x6a, 0x77, 0x96, 0xa1, 0x73, 0x64, 0x86, 0x8f, 0x72,
  0x6e, 0x82, 0x9d, 0x94, 0x68, 0x6f, 0x8e, 0x84, 0x6b, 0x75, 0x8c, 0x9d,
  0x80, 0x67, 0x7c, 0x8f, 0x77, 0x6d, 0x7f, 0x94, 0x98, 0x74, 0x6c, 0x86,
  0x8b, 0x6f, 0x71, 0x83, 0x9b, 0x8e, 0x6d, 0x74, 0x8a, 0x83, 0x6b, 0x76,
  0x8a, 0x9e, 0x83, 0x69, 0x7b, 0x8d, 0x7c, 0x6b, 0x76, 0x90, 0x9e, 0x79,
  0x69, 0x80, 0x8f, 0x78, 0x6b, 0x78, 0x96, 0x9f, 0x71, 0x69, 0x87, 0x8c,
  0x73, 0x6c, 0x7c, 0x99, 0x9b, 0x6c, 0x6c, 0x8a, 0x8a, 0x6f, 0x6d, 0x7f,
  0x9d, 0x95, 0x68, 0x72, 0x8d, 0x87, 0x6d, 0x71, 0x82, 0x9b, 0x8f, 0x6b,
  0x76, 0x8b, 0x84, 0x6d, 0x71, 0x83, 0x9b, 0x8e, 0x6a, 0x78, 0x8c, 0x81,
  0x6d, 0x74, 0x84, 0x99, 0x8c, 0x6d, 0x78, 0x8a, 0x82, 0x6c, 0x76, 0x84,
  0x97, 0x8d, 0x6e, 0x79, 0x88, 0x80, 0x6f, 0x78, 0x81, 0x95, 0x8f, 0x71,
  0x77, 0x87, 0x82, 0x72, 0x77, 0x7f, 0x97, 0x90, 0x70, 0x75, 0x87, 0x82,
  0x71, 0x77, 0x7f, 0x93, 0x92, 0x71, 0x75, 0x85, 0x82, 0x75, 0x76, 0x7d,
  0x93, 0x94, 0x72, 0x74, 0x83, 0x85, 0x77, 0x73, 0x7a, 0x95, 0x96, 0x72,
  0x72, 0x83, 0x89, 0x76, 0x6f, 0x7c, 0x95, 0x96, 0x74, 0x6f, 0x83, 0x8a,
  0x75, 0x6f, 0x7b, 0x93, 0x9a, 0x75, 0x6c, 0x85, 0x8d, 0x74, 0x6d, 0x7c,
  0x94, 0x9c, 0x73, 0x6c, 0x87, 0x8c, 0x73, 0x6e, 0x7c, 0x92, 0x9c, 0x75,
  0x6b, 0x85, 0x8d, 0x74, 0x6c, 0x7b, 0x91, 0x9c, 0x74, 0x6b, 0x85, 0x8e,
  0x75, 0x6c, 0x7d, 0x90, 0x9a, 0x76, 0x6c, 0x86, 0x8e, 0x74, 0x6d, 0x7c,
  0x90, 0x99, 0x78, 0x6c, 0x85, 0x8e, 0x75, 0x6e, 0x7c, 0x8d, 0x99, 0x79,
  0x6c, 0x84, 0x8e, 0x76, 0x6b, 0x7d, 0x8e, 0x97, 0x79, 0x6c, 0x87, 0x8c,
  0x72, 0x6f, 0x80, 0x8c, 0x94, 0x7b, 0x72, 0x85, 0x89, 0x74, 0x70, 0x80,
  0x8b, 0x93, 0x7a, 0x71, 0x84, 0x8a, 0x74, 0x70, 0x83, 0x8b, 0x8f, 0x7a,
  0x73, 0x84, 0x88, 0x71, 0x72, 0x84, 0x89, 0x90, 0x7a, 0x74, 0x86, 0x85,
  0x70, 0x76, 0x83, 0x89, 0x90, 0x77, 0x77, 0x88, 0x80, 0x70, 0x7a, 0x83,
  0x8e, 0x8b, 0x75, 0x7f, 0x87, 0x79, 0x71, 0x7b, 0x86, 0x8f, 0x81, 0x77,
  0x86, 0x82, 0x72, 0x76, 0x80, 0x86, 0x8e, 0x80, 0x7c, 0x84, 0x7d, 0x74,
  0x75, 0x82, 0x8e, 0x8d, 0x75, 0x7f, 0x8a, 0x77, 0x6a, 0x7c, 0x8c, 0x91,
  0x7f, 0x77, 0x8c, 0x7e, 0x6c, 0x74, 0x83, 0x8d, 0x8f, 0x7d, 0x7a, 0x85,
  0x7b, 0x6d, 0x7a, 0x86, 0x97, 0x8b, 0x6e, 0x81, 0x85, 0x71, 0x73, 0x80,
  0x93, 0x92, 0x72, 0x78, 0x87, 0x79, 0x72, 0x7e, 0x86, 0x94, 0x86, 0x6d,
  0x81, 0x83, 0x75, 0x77, 0x81, 0x92, 0x8d, 0x6e, 0x77, 0x89, 0x7d, 0x72,
  0x7d, 0x94, 0x8e, 0x72, 0x73, 0x87, 0x80, 0x73, 0x7d, 0x90, 0x8b, 0x77,
  0x78, 0x7d, 0x7e, 0x7f, 0x7b, 0x89, 0x8c, 0x7c, 0x77, 0x79, 0x82, 0x82,
  0x7b, 0x8b, 0x8a, 0x76, 0x79, 0x7c, 0x7e, 0x7b, 0x82, 0x92, 0x7e, 0x75,
  0x7f, 0x7a, 0x7c, 0x7f, 0x87, 0x8e, 0x80, 0x77, 0x7c, 0x7d, 0x7c, 0x7d,
  0x89, 0x92, 0x79, 0x76, 0x7e, 0x7c, 0x7c, 0x7d, 0x93, 0x8c, 0x71, 0x78,
  0x81, 0x7c, 0x79, 0x82, 0x95, 0x89, 0x6b, 0x76, 0x86, 0x7c, 0x77, 0x89,
  0x96, 0x7d, 0x6b, 0x79, 0x84, 0x7d, 0x7b, 0x93, 0x8d, 0x75, 0x6f, 0x7a,
  0x89, 0x7d, 0x7e, 0x97, 0x80, 0x66, 0x78, 0x89, 0x83, 0x72, 0x90, 0x99,
  0x65, 0x65, 0x8f, 0x8e, 0x6f, 0x78, 0xa5, 0x7f, 0x54, 0x7f, 0x9e, 0x7e,
  0x67, 0x94, 0x9a, 0x62, 0x62, 0x96, 0x9a, 0x6b, 0x75, 0xa2, 0x78, 0x57,
  0x82, 0xa3, 0x7f, 0x60, 0x9a, 0x91, 0x56, 0x72, 0x9f, 0x8d, 0x66, 0x87,
  0x9a, 0x66, 0x67, 0x8c, 0x96, 0x7e, 0x6d, 0x96, 0x88, 0x5d, 0x74, 0x9d,
  0x97, 0x67, 0x7b, 0x9d, 0x66, 0x5e, 0x9c, 0xa0, 0x68, 0x71, 0xa7, 0x68,
  0x52, 0x97, 0xa4, 0x78, 0x68, 0x9d, 0x7d, 0x53, 0x86, 0xa0, 0x8d, 0x63,
  0x86, 0x97, 0x57, 0x63, 0xa3, 0xad, 0x5b, 0x6a, 0xac, 0x66, 0x4c, 0xa0,
  0xc1, 0x5b, 0x5c, 0xbb, 0x70, 0x41, 0x94, 0xc4, 0x74, 0x4a, 0xa6, 0x84,
  0x48, 0x7f, 0xbb, 0x8a, 0x46, 0x95, 0x92, 0x4d, 0x72, 0xb9, 0xa0, 0x46,
  0x85, 0xa2, 0x53, 0x5c, 0xb8, 0xb1, 0x41, 0x79, 0xac, 0x5c, 0x58, 0xa7,
  0xb8, 0x54, 0x64, 0xa1, 0x6f, 0x56, 0x9b, 0xb7, 0x63, 0x61, 0x9a, 0x76,
  0x58, 0x97, 0xb9, 0x63, 0x63, 0xa0, 0x6e, 0x58, 0x96, 0xba, 0x6a, 0x5b,
  0xa4, 0x71, 0x51, 0x94, 0xba, 0x6f, 0x56, 0x98, 0x7e, 0x58, 0x83, 0xba,
  0x7b, 0x55, 0x95, 0x83, 0x5a, 0x83, 0xb9, 0x80, 0x56, 0x93, 0x87, 0x55,
  0x84, 0xbd, 0x78, 0x55, 0x97, 0x89, 0x52, 0x7c, 0xbf, 0x7b, 0x52, 0x91,
  0x89, 0x5f, 0x73, 0xb5, 0x8a, 0x58, 0x89, 0x8c, 0x61, 0x71, 0xb1, 0x8b,
  0x55, 0x82, 0x90, 0x64, 0x74, 0xb8, 0x86, 0x4f, 0x8f, 0x92, 0x56, 0x74,
  0xc2, 0x85, 0x4b, 0x8c, 0x97, 0x5a, 0x6a, 0xc2, 0x90, 0x47, 0x87, 0x94,
  0x5e, 0x67, 0xbc, 0x9c, 0x48, 0x84, 0x95, 0x60, 0x65, 0xba, 0x9f, 0x49,
  0x81, 0x95, 0x61, 0x61, 0xb6, 0xa3, 0x4a, 0x7e, 0x95, 0x67, 0x5f, 0xb0,
  0xaa, 0x4b, 0x79, 0x99, 0x68, 0x5d, 0xad, 0xad, 0x4f, 0x75, 0x99, 0x6d,
  0x5b, 0xa8, 0xb1, 0x4e, 0x72, 0x9c, 0x6e, 0x55, 0xa3, 0xba, 0x51, 0x67,
  0x9e, 0x7b, 0x53, 0x95, 0xc3, 0x5c, 0x5a, 0x99, 0x88, 0x57, 0x82, 0xc7,
  0x6c, 0x52, 0x90, 0x8e, 0x5f, 0x76, 0xc4, 0x79, 0x50, 0x88, 0x95, 0x67,
  0x6b, 0xc2, 0x86, 0x49, 0x7e, 0x9c, 0x6e, 0x60, 0xb9, 0x96, 0x48, 0x72,
  0xa0, 0x79, 0x5d, 0xb1, 0x9d, 0x51, 0x6c, 0x99, 0x81, 0x5f, 0xa6, 0x9b,
  0x55, 0x68, 0x93, 0x87, 0x66, 0xa3, 0x98, 0x58, 0x6d, 0x88, 0x88, 0x6f,
  0x9c, 0x97, 0x61, 0x6d, 0x7b, 0x8c, 0x7e, 0x95, 0x90, 0x70, 0x73, 0x6f,
  0x84, 0x8c, 0x9a, 0x7f, 0x6d, 0x8d, 0x62, 0x6c, 0x90, 0xa8, 0x89, 0x52,
  0x96, 0x7d, 0x58, 0x77, 0xae, 0xa8, 0x4e, 0x79, 0x9f, 0x63, 0x59, 0x99,
  0xb8, 0x70, 0x5b, 0x9c, 0x7f, 0x5f, 0x7c, 0x9e, 0x8e, 0x74, 0x7f, 0x7e,
  0x7f, 0x7a, 0x73, 0x8d, 0x8e, 0x6b, 0x78, 0x93, 0x8c, 0x58, 0x81, 0xaa,
  0x62, 0x5d, 0xad, 0x95, 0x5b, 0x7c, 0x9d, 0x79, 0x50, 0x98, 0x97, 0x74,
  0x88, 0x89, 0x71, 0x7a, 0x80, 0x6a, 0x8d, 0xa0, 0x7f, 0x66, 0x88, 0x8c,
  0x57, 0x6e, 0xb2, 0x85, 0x6a, 0x91, 0x8d, 0x63, 0x6f, 0x8e, 0x80, 0x84,
  0x91, 0x82, 0x70, 0x83, 0x7b, 0x69, 0x7f, 0xa6, 0x7a, 0x72, 0x94, 0x83,
  0x63, 0x72, 0x93, 0x81, 0x7f, 0x8e, 0x85, 0x73, 0x7e, 0x73, 0x72, 0x88,
  0x99, 0x78, 0x78, 0x95, 0x7f, 0x5b, 0x7c, 0x99, 0x76, 0x85, 0x8e, 0x7f,
  0x7a, 0x79, 0x74, 0x7e, 0x80, 0x98, 0x7e, 0x72, 0x96, 0x7f, 0x5d, 0x7e,
  0x90, 0x81, 0x86, 0x7d, 0x88, 0x81, 0x6d, 0x70, 0x87, 0x86, 0x8c, 0x7c,
  0x7f, 0x8e, 0x77, 0x65, 0x84, 0x8b, 0x80, 0x87, 0x7d, 0x88, 0x80, 0x72,
  0x74, 0x87, 0x81, 0x8a, 0x81, 0x7c, 0x8a, 0x7d, 0x69, 0x7d, 0x87, 0x81,
  0x89, 0x7e, 0x86, 0x84, 0x72, 0x6f, 0x84, 0x80, 0x8f, 0x82, 0x7b, 0x89,
  0x82, 0x66, 0x75, 0x8d, 0x88, 0x83, 0x7b, 0x8b, 0x86, 0x6e, 0x6b, 0x8e,
  0x82, 0x84, 0x83, 0x81, 0x88, 0x7d, 0x69, 0x7c, 0x89, 0x7f, 0x8a, 0x7d,
  0x86, 0x84, 0x73, 0x6f, 0x84, 0x81, 0x8c, 0x82, 0x7a, 0x8d, 0x82, 0x64,
  0x77, 0x8f, 0x81, 0x84, 0x7e, 0x8a, 0x84, 0x6f, 0x6f, 0x89, 0x7d, 0x8a,
  0x86, 0x7a, 0x89, 0x83, 0x6b, 0x75, 0x89, 0x82, 0x8c, 0x7a, 0x82, 0x8c,
  0x76, 0x67, 0x82, 0x86, 0x8b, 0x81, 0x78, 0x8f, 0x87, 0x65, 0x72, 0x8f,
  0x82, 0x87, 0x7d, 0x85, 0x8c, 0x74, 0x68, 0x85, 0x82, 0x87, 0x87, 0x79,
  0x88, 0x88, 0x69, 0x70, 0x8a, 0x83, 0x8d, 0x7b, 0x7f, 0x8e, 0x7b, 0x64,
  0x80, 0x87, 0x8a, 0x85, 0x77, 0x8b, 0x8a, 0x69, 0x6d, 0x8d, 0x83, 0x8a,
  0x7d, 0x80, 0x8c, 0x7c, 0x65, 0x7d, 0x86, 0x88, 0x87, 0x78, 0x88, 0x8a,
  0x6e, 0x6a, 0x89, 0x83, 0x8a, 0x80, 0x7e, 0x89, 0x81, 0x66, 0x79, 0x86,
  0x87, 0x8a, 0x77, 0x84, 0x8c, 0x73, 0x68, 0x87, 0x85, 0x8b, 0x80, 0x7b,
  0x8a, 0x83, 0x68, 0x75, 0x87, 0x89, 0x89, 0x78, 0x83, 0x8c, 0x75, 0x66,
  0x85, 0x85, 0x8a, 0x82, 0x7c, 0x87, 0x85, 0x6b, 0x74, 0x85, 0x88, 0x8d,
  0x7a, 0x80, 0x8b, 0x7b, 0x66, 0x80, 0x85, 0x8b, 0x82, 0x7b, 0x86, 0x87,
  0x6e, 0x71, 0x84, 0x87, 0x8b, 0x7b, 0x7f, 0x8a, 0x7e, 0x67, 0x7d, 0x86,
  0x8c, 0x84, 0x7b, 0x85, 0x88, 0x70, 0x70, 0x82, 0x87, 0x8e, 0x7b, 0x7e,
  0x8a, 0x7f, 0x67, 0x7c, 0x84, 0x8c, 0x84, 0x7b, 0x87, 0x87, 0x71, 0x6f,
  0x81, 0x85, 0x8e, 0x7b, 0x7f, 0x8a, 0x7e, 0x69, 0x7b, 0x84, 0x8c, 0x85,
  0x7a, 0x87, 0x86, 0x71, 0x6f, 0x81, 0x86, 0x8f, 0x7b, 0x7f, 0x8b, 0x7e,
  0x69, 0x79, 0x84, 0x8c, 0x86, 0x78, 0x87, 0x87, 0x72, 0x6f, 0x7f, 0x86,
  0x8f, 0x7b, 0x7e, 0x8b, 0x7f, 0x6b, 0x78, 0x82, 0x8c, 0x87, 0x78, 0x87,
  0x88, 0x73, 0x6f, 0x7e, 0x86, 0x8f, 0x7c, 0x7d, 0x8b, 0x7f, 0x6c, 0x77,
  0x82, 0x8a, 0x88, 0x79, 0x86, 0x88, 0x75, 0x6f, 0x7c, 0x86, 0x8f, 0x7e,
  0x7d, 0x8b, 0x81, 0x6e, 0x75, 0x81, 0x8a, 0x88, 0x78, 0x85, 0x8a, 0x77,
  0x6f, 0x7c, 0x85, 0x8d, 0x7e, 0x7c, 0x8a, 0x81, 0x6f, 0x76, 0x80, 0x88,
  0x8a, 0x7a, 0x83, 0x88, 0x7a, 0x70, 0x7a, 0x83, 0x8e, 0x81, 0x7a, 0x88,
  0x84, 0x72, 0x73, 0x7e, 0x89, 0x8d, 0x7a, 0x80, 0x8a, 0x7c, 0x6e, 0x77,
  0x83, 0x8e, 0x82, 0x78, 0x89, 0x86, 0x73, 0x70, 0x7c, 0x8a, 0x8e, 0x7a,
  0x7f, 0x8b, 0x7e, 0x6f, 0x74, 0x82, 0x90, 0x84, 0x77, 0x88, 0x87, 0x74,
  0x6f, 0x7b, 0x8b, 0x8e, 0x7a, 0x7f, 0x8a, 0x7e, 0x6f, 0x74, 0x83, 0x8f,
  0x84, 0x79, 0x87, 0x87, 0x75, 0x6f, 0x7b, 0x8a, 0x8d, 0x7c, 0x80, 0x89,
  0x7d, 0x70, 0x75, 0x82, 0x8e, 0x85, 0x7b, 0x85, 0x84, 0x76, 0x72, 0x7b,
  0x88, 0x8d, 0x7e, 0x7f, 0x86, 0x7d, 0x72, 0x77, 0x80, 0x8c, 0x86, 0x7c,
  0x84, 0x82, 0x78, 0x73, 0x7a, 0x85, 0x8d, 0x80, 0x7f, 0x84, 0x7e, 0x75,
  0x77, 0x7e, 0x8a, 0x88, 0x7e, 0x82, 0x82, 0x7a, 0x74, 0x79, 0x84, 0x8d,
  0x82, 0x7d, 0x82, 0x7f, 0x77, 0x76, 0x7d, 0x8b, 0x89, 0x7d, 0x7f, 0x82,
  0x7d, 0x75, 0x77, 0x85, 0x8e, 0x81, 0x7b, 0x82, 0x82, 0x78, 0x74, 0x7c,
  0x8d, 0x88, 0x7b, 0x80, 0x85, 0x7d, 0x73, 0x77, 0x86, 0x8e, 0x80, 0x7b,
  0x83, 0x82, 0x77, 0x74, 0x7e, 0x8d, 0x87, 0x7c, 0x81, 0x84, 0x7b, 0x73,
  0x78, 0x86, 0x8d, 0x80, 0x7b, 0x83, 0x82, 0x77, 0x73, 0x7f, 0x8d, 0x86,
  0x7b, 0x80, 0x85, 0x7b, 0x72, 0x78, 0x87, 0x8d, 0x80, 0x7b, 0x84, 0x82,
  0x76, 0x73, 0x81, 0x8e, 0x85, 0x7b, 0x82, 0x85, 0x7a, 0x71, 0x79, 0x89,
  0x8c, 0x7f, 0x7d, 0x85, 0x81, 0x75, 0x74, 0x82, 0x8c, 0x83, 0x7d, 0x83,
  0x84, 0x7a, 0x72, 0x79, 0x89, 0x8c, 0x80, 0x7e, 0x83, 0x7f, 0x76, 0x75,
  0x80, 0x8a, 0x84, 0x7e, 0x82, 0x82, 0x7a, 0x74, 0x79, 0x87, 0x8b, 0x80,
  0x7f, 0x83, 0x7e, 0x75, 0x75, 0x81, 0x8c, 0x85, 0x7f, 0x81, 0x82, 0x79,
  0x74, 0x7a, 0x88, 0x8b, 0x80, 0x7e, 0x83, 0x7e, 0x74, 0x73, 0x83, 0x8e,
  0x84, 0x7d, 0x83, 0x83, 0x77, 0x71, 0x7d, 0x8d, 0x89, 0x7d, 0x7f, 0x85,
  0x7c, 0x71, 0x76, 0x89, 0x8d, 0x7f, 0x7d, 0x86, 0x81, 0x72, 0x71, 0x82,
  0x90, 0x85, 0x7a, 0x81, 0x85, 0x78, 0x70, 0x7d, 0x8d, 0x8a, 0x7c, 0x7e,
  0x85, 0x7f, 0x72, 0x75, 0x86, 0x8e, 0x82, 0x7b, 0x81, 0x81, 0x76, 0x76,
  0x82, 0x8a, 0x83, 0x7d, 0x80, 0x84, 0x7e, 0x74, 0x77, 0x85, 0x8a, 0x81,
  0x7f, 0x85, 0x82, 0x77, 0x75, 0x7c, 0x87, 0x88, 0x82, 0x81, 0x80, 0x7b,
  0x75, 0x78, 0x81, 0x89, 0x87, 0x81, 0x7f, 0x7d, 0x7d, 0x7a, 0x78, 0x81,
  0x8c, 0x87, 0x7c, 0x7b, 0x80, 0x7d, 0x78, 0x7b, 0x85, 0x88, 0x81, 0x7e,
  0x82, 0x81, 0x7a, 0x75, 0x7b, 0x88, 0x8a, 0x82, 0x7e, 0x81, 0x7e, 0x77,
  0x75, 0x7e, 0x8a, 0x88, 0x7f, 0x80, 0x85, 0x7e, 0x74, 0x73, 0x7e, 0x8d,
  0x89, 0x7f, 0x7f, 0x82, 0x7b, 0x72, 0x76, 0x86, 0x8d, 0x84, 0x7e, 0x82,
  0x82, 0x79, 0x73, 0x76, 0x85, 0x8f, 0x87, 0x7e, 0x7e, 0x7f, 0x77, 0x74,
  0x7c, 0x8a, 0x8c, 0x81, 0x7d, 0x82, 0x81, 0x78, 0x72, 0x7a, 0x8a, 0x8d,
  0x81, 0x7c, 0x7f, 0x7f, 0x78, 0x77, 0x7f, 0x89, 0x88, 0x80, 0x7f, 0x82,
  0x7e, 0x76, 0x75, 0x7d, 0x8b, 0x8b, 0x80, 0x7d, 0x80, 0x7d, 0x75, 0x78,
  0x83, 0x8a, 0x84, 0x7d, 0x81, 0x84, 0x7e, 0x76, 0x77, 0x81, 0x88, 0x85,
  0x81, 0x81, 0x7f, 0x7a, 0x79, 0x7d, 0x81, 0x82, 0x83, 0x83, 0x82, 0x7f,
  0x7e, 0x7d, 0x7a, 0x78, 0x82, 0x8d, 0x8a, 0x7b, 0x75, 0x7d, 0x83, 0x7e,
  0x79, 0x80, 0x88, 0x86, 0x7e, 0x7a, 0x7c, 0x7e, 0x80, 0x83, 0x81, 0x7d,
  0x7f, 0x82, 0x81, 0x7e, 0x7f, 0x82, 0x7e, 0x78, 0x7a, 0x87, 0x8c, 0x80,
  0x74, 0x7a, 0x88, 0x84, 0x76, 0x79, 0x88, 0x8a, 0x7f, 0x7a, 0x7f, 0x80,
  0x7a, 0x78, 0x80, 0x89, 0x87, 0x80, 0x7d, 0x80, 0x7d, 0x78, 0x7b, 0x83,
  0x88, 0x84, 0x7f, 0x7f, 0x7f, 0x7d, 0x7a, 0x7c, 0x81, 0x82, 0x80, 0x82,
  0x87, 0x83, 0x79, 0x78, 0x7f, 0x83, 0x7f, 0x7d, 0x81, 0x85, 0x82, 0x7d,
  0x7f, 0x81, 0x7d, 0x77, 0x7a, 0x87, 0x8b, 0x83, 0x7f, 0x7f, 0x7e, 0x79,
  0x7a, 0x7e, 0x82, 0x82, 0x83, 0x86, 0x83, 0x7c, 0x7b, 0x7e, 0x7b, 0x76,
  0x7f, 0x8d, 0x8c, 0x80, 0x7b, 0x7f, 0x7c, 0x75, 0x77, 0x84, 0x8c, 0x85,
  0x7d, 0x7e, 0x81, 0x7e, 0x7b, 0x7d, 0x7d, 0x7c, 0x83, 0x89, 0x86, 0x7d,
  0x7a, 0x7c, 0x7d, 0x7f, 0x81, 0x84, 0x82, 0x7c, 0x7d, 0x83, 0x85, 0x80,
  0x7b, 0x7b, 0x7c, 0x80, 0x83, 0x84, 0x81, 0x7e, 0x7e, 0x7e, 0x7f, 0x80,
  0x80, 0x7e, 0x7b, 0x7c, 0x82, 0x87, 0x85, 0x7f, 0x7b, 0x7a, 0x7d, 0x81,
  0x81, 0x81, 0x83, 0x84, 0x81, 0x7c, 0x7d, 0x81, 0x7d, 0x76, 0x7b, 0x88,
  0x8b, 0x82, 0x7c, 0x7f, 0x7f, 0x79, 0x79, 0x83, 0x88, 0x83, 0x7f, 0x81,
  0x80, 0x79, 0x78, 0x83, 0x88, 0x80, 0x79, 0x7f, 0x85, 0x81, 0x7b, 0x7d,
  0x83, 0x81, 0x7b, 0x7c, 0x83, 0x84, 0x7f, 0x7c, 0x7f, 0x81, 0x80, 0x81,
  0x82, 0x7d, 0x76, 0x7a, 0x86, 0x89, 0x81, 0x7d, 0x82, 0x81, 0x77, 0x74,
  0x81, 0x8c, 0x86, 0x7d, 0x7e, 0x83, 0x7e, 0x77, 0x7a, 0x83, 0x84, 0x80,
  0x81, 0x84, 0x80, 0x7a, 0x7a, 0x81, 0x83, 0x7f, 0x7e, 0x82, 0x83, 0x7f,
  0x7e, 0x80, 0x80, 0x7d, 0x7c, 0x80, 0x82, 0x7f, 0x7f, 0x82, 0x83, 0x7f,
  0x7b, 0x7d, 0x80, 0x81, 0x80, 0x81, 0x82, 0x81, 0x7e, 0x7d, 0x7d, 0x7d,
  0x7b, 0x7d, 0x85, 0x88, 0x84, 0x7c, 0x7a, 0x7d, 0x7f, 0x80, 0x81, 0x83,
  0x82, 0x7e, 0x7d, 0x7f, 0x81, 0x80, 0x7c, 0x7b, 0x7f, 0x84, 0x86, 0x83,
  0x7f, 0x7c, 0x7b, 0x7b, 0x7e, 0x83, 0x86, 0x84, 0x7f, 0x7c, 0x7d, 0x7e,
  0x7f, 0x7f, 0x80, 0x82, 0x83, 0x81, 0x7c, 0x79, 0x7a, 0x80, 0x86, 0x87,
  0x84, 0x7f, 0x7c, 0x7a, 0x7a, 0x7e, 0x84, 0x87, 0x83, 0x7d, 0x7a, 0x7c,
  0x7f, 0x80, 0x80, 0x81, 0x83, 0x82, 0x80, 0x80, 0x81, 0x81, 0x7d, 0x79,
  0x78, 0x7b, 0x82, 0x87, 0x87, 0x83, 0x7e, 0x7b, 0x7b, 0x7e, 0x83, 0x84,
  0x7f, 0x79, 0x7b, 0x81, 0x85, 0x85, 0x83, 0x80, 0x7c, 0x7a, 0x7b, 0x7d,
  0x7e, 0x80, 0x85, 0x87, 0x84, 0x80, 0x7f, 0x7d, 0x7b, 0x7a, 0x7e, 0x82,
  0x83, 0x81, 0x7d, 0x7c, 0x7d, 0x80, 0x83, 0x83, 0x82, 0x81, 0x7f, 0x7e,
  0x7d, 0x7e, 0x7f, 0x7f, 0x7f, 0x7e, 0x7e, 0x80, 0x83, 0x83, 0x81, 0x7f,
  0x7e, 0x7d, 0x7d, 0x7e, 0x80, 0x81, 0x81, 0x80, 0x7f, 0x7f, 0x7f, 0x80,
  0x80, 0x80, 0x80, 0x7f, 0x80, 0x80, 0x7f, 0x7f, 0x7f, 0x80, 0x80, 0x80,
  0x7f, 0x7f, 0x7f, 0x7f, 0x80, 0x80, 0x80, 0x7f, 0x7f, 0x7f, 0x80, 0x80,
  0x80, 0x80, 0x7f, 0x7f, 0x7f, 0x7f, 0x7f, 0x80, 0x80, 0x80, 0x7f, 0x7f,
  0x7f, 0x7f, 0x80, 0x80, 0x80, 0x80, 0x7f, 0x7f, 0x80, 0x80, 0x80, 0x80,
  0x7f, 0x7f, 0x80, 0x80, 0x7f, 0x7f, 0x7f, 0x7f, 0x7f, 0x7f, 0x7f, 0x80,
  0x80, 0x80, 0x80, 0x80, 0x80, 0x80, 0x80, 0x7f, 0x7f, 0x7f, 0x80, 0x80,
  0x80, 0x80, 0x7f, 0x7f, 0x80, 0x80, 0x80, 0x7f, 0x7f, 0x7f, 0x7f, 0x7f,
  0x80, 0x80, 0x80, 0x80, 0x7f, 0x7f, 0x7f, 0x80, 0x80, 0x80, 0x80, 0x7f,
  0x7f, 0x7f, 0x7f, 0x7f, 0x80, 0x80, 0x80, 0x80, 0x7f, 0x80, 0x80, 0x80,
  0x80, 0x7f, 0x7f, 0x7f, 0x7f, 0x7f, 0x7f, 0x80, 0x80, 0x80, 0x80, 0x80,
  0x80, 0x80, 0x80, 0x7f, 0x7f, 0x7f, 0x7f, 0x7f, 0x7f, 0x7f, 0x7f, 0x80,
  0x80, 0x80, 0x80, 0x80, 0x7f, 0x7f, 0x7f, 0x7f, 0x7f, 0x80, 0x80, 0x7f,
  0x7f, 0x7f, 0x80, 0x80, 0x80, 0x80, 0x7f, 0x7f, 0x80, 0x80, 0x7f, 0x7f,
  0x7f, 0x80, 0x80, 0x80, 0x80, 0x7f, 0x7f, 0x7f, 0x80, 0x80, 0x80, 0x80,
  0x7f, 0x7f, 0x7f, 0x80, 0x80, 0x80, 0x80, 0x7f, 0x7f, 0x7f, 0x80, 0x80,
  0x80, 0x7f, 0x7f, 0x80, 0x80, 0x80, 0x7f, 0x7f, 0x7f, 0x80, 0x80, 0x80,
  0x7f, 0x7f, 0x7f, 0x7f, 0x80, 0x80, 0x80, 0x80, 0x7f, 0x7f, 0x7f, 0x80,
  0x80, 0x7f, 0x7f, 0x7f, 0x7f, 0x7f, 0x7f, 0x7f, 0x7f, 0x80, 0x80, 0x80,
  0x80, 0x80, 0x80, 0x80, 0x80, 0x80, 0x7f, 0x7f, 0x7f, 0x7f, 0x7f, 0x80,
  0x80, 0x80, 0x7f, 0x7f, 0x80, 0x80, 0x80, 0x7f, 0x7f, 0x7f, 0x7f, 0x80,
  0x80, 0x7f, 0x7f, 0x80, 0x80, 0x80, 0x80, 0x7f, 0x7f, 0x7f, 0x7f, 0x80,
  0x7f, 0x7f, 0x7f, 0x80, 0x80, 0x80, 0x7f, 0x7f, 0x80, 0x80, 0x80, 0x7f,
  0x7f, 0x7f, 0x7f, 0x7f, 0x80, 0x80, 0x7f, 0x7f, 0x80, 0x80, 0x80, 0x7f,
  0x7f, 0x7f, 0x7f, 0x7f, 0x7f, 0x7f, 0x7f, 0x7f, 0x80, 0x80, 0x80, 0x7f,
  0x7f, 0x80, 0x80, 0x7f, 0x7f, 0x80, 0x80, 0x7f, 0x7f, 0x7f, 0x7f, 0x7f,
  0x80, 0x80, 0x80, 0x7f, 0x7f, 0x7f, 0x80, 0x80, 0x7f, 0x7f, 0x80, 0x80,
  0x80, 0x80, 0x80, 0x7f, 0x7f, 0x80, 0x80, 0x80, 0x7f, 0x7f, 0x80, 0x80,
  0x7f, 0x7f, 0x80, 0x80, 0x7f, 0x7f, 0x80, 0x80, 0x7f, 0x7f, 0x80, 0x80,
  0x80, 0x7f, 0x7f, 0x80, 0x80, 0x80, 0x7f, 0x7f, 0x7f, 0x7f, 0x7f, 0x80,
  0x80, 0x80, 0x7f, 0x7f, 0x80, 0x80, 0x7f, 0x7f, 0x7f, 0x7f, 0x7f, 0x80,
  0x80, 0x7f, 0x7f, 0x7f, 0x80, 0x80, 0x7f, 0x7f, 0x7f, 0x7f, 0x80, 0x80,
  0x80, 0x7f, 0x7f, 0x80, 0x80, 0x80, 0x7f, 0x7f, 0x7f, 0x80, 0x80, 0x80,
  0x7f, 0x7f, 0x7f, 0x80, 0x80, 0x80, 0x7f, 0x7f, 0x7f, 0x7f, 0x7f, 0x80,
  0x80, 0x7f, 0x7f, 0x80, 0x80, 0x80, 0x7f, 0x7f, 0x7f, 0x7f, 0x80, 0x80,
  0x80, 0x7f, 0x7f, 0x80, 0x80, 0x80, 0x80, 0x80, 0x7f, 0x7f, 0x80, 0x80,
  0x80, 0x7f, 0x7f, 0x7f, 0x80, 0x80, 0x80, 0x80, 0x80, 0x80, 0x80, 0x7f,
  0x7f, 0x7f, 0x7f, 0x7f, 0x80, 0x80, 0x80, 0x7f, 0x7f, 0x7f, 0x7f, 0x7f,
  0x7f, 0x7f, 0x7f, 0x7f, 0x80, 0x80, 0x7f, 0x7f, 0x80, 0x80, 0x80, 0x80,
  0x80, 0x80, 0x80, 0x80, 0x80, 0x80, 0x80, 0x7f, 0x7f, 0x7f, 0x80, 0x80,
  0x80, 0x80, 0x80, 0x80, 0x7f, 0x7f, 0x7f, 0x7f, 0x80, 0x80, 0x80, 0x80,
  0x80, 0x80, 0x7f, 0x7f, 0x7f, 0x7f, 0x7f, 0x80, 0x80, 0x80, 0x7f, 0x80,
  0x80, 0x80, 0x80, 0x80, 0x80, 0x80, 0x80, 0x7f, 0x80, 0x80, 0x80, 0x80,
  0x7f, 0x7f, 0x7f, 0x80, 0x80, 0x80, 0x80, 0x7f, 0x7f, 0x7f, 0x7f, 0x80,
  0x80, 0x80, 0x80, 0x80, 0x80, 0x80, 0x80, 0x80, 0x7f, 0x80, 0x80, 0x80,
  0x80, 0x80, 0x80, 0x80, 0x80, 0x80, 0x80, 0x80, 0x7f, 0x7f, 0x80, 0x80,
  0x7f, 0x7f, 0x80, 0x80, 0x80, 0x7f, 0x80, 0x80, 0x80, 0x80, 0x80, 0x7f,
  0x7f, 0x7f, 0x7f, 0x80, 0x80, 0x80, 0x80, 0x80, 0x80, 0x7f, 0x7f, 0x80,
  0x80, 0x80, 0x80, 0x80, 0x80, 0x80, 0x7f, 0x80, 0x80, 0x80, 0x80, 0x80,
  0x80, 0x7f, 0x80, 0x80, 0x80, 0x80, 0x80, 0x80, 0x80, 0x80, 0x80, 0x80,
  0x80, 0x80, 0x80, 0x80, 0x80, 0x7f, 0x7f, 0x7f, 0x80, 0x80, 0x80, 0x80,
  0x7f, 0x7f, 0x7f, 0x7f, 0x80, 0x7f, 0x80, 0x80, 0x80, 0x80, 0x7f, 0x7f,
  0x80, 0x80, 0x80, 0x80, 0x80, 0x80, 0x80, 0x80, 0x80, 0x80, 0x7f, 0x80,
  0x80, 0x80, 0x80, 0x80, 0x80, 0x80, 0x80, 0x80, 0x7f, 0x7f, 0x80, 0x80,
  0x80, 0x80, 0x80, 0x80, 0x7f, 0x7f, 0x7f, 0x80, 0x80, 0x80, 0x80, 0x80,
  0x80, 0x80, 0x80, 0x80, 0x80, 0x80, 0x80, 0x80, 0x80, 0x80, 0x80, 0x80,
  0x80, 0x80, 0x80, 0x7f, 0x80, 0x80, 0x80, 0x80, 0x7f, 0x80, 0x80, 0x80,
  0x7f, 0x7f, 0x7f, 0x7f, 0x7f, 0x80, 0x80, 0x80, 0x80, 0x80, 0x80, 0x80,
  0x80, 0x80, 0x80, 0x80, 0x80, 0x80, 0x80, 0x80, 0x80, 0x80, 0x80, 0x80,
  0x80, 0x80, 0x7f, 0x80, 0x80, 0x80, 0x80, 0x7f, 0x7f, 0x7f, 0x7f, 0x7f,
  0x7f, 0x7f, 0x7f, 0x7f, 0x80, 0x7f, 0x7f, 0x80, 0x7f, 0x80, 0x80, 0x80,
  0x80, 0x80, 0x80, 0x80, 0x80, 0x80, 0x80, 0x80, 0x80, 0x80, 0x80, 0x80,
  0x80, 0x80, 0x80, 0x80, 0x80, 0x80, 0x80, 0x80, 0x80, 0x80, 0x80, 0x7f,
  0x80, 0x80, 0x7f, 0x7f, 0x7f, 0x7f, 0x80, 0x80, 0x80, 0x7f, 0x80, 0x80,
  0x7f, 0x7f, 0x80, 0x80, 0x7f, 0x80, 0x7f, 0x80, 0x80, 0x80, 0x80, 0x80,
  0x80, 0x80, 0x80, 0x80, 0x80, 0x80, 0x80, 0x80, 0x80, 0x80, 0x80, 0x80,
  0x80, 0x80, 0x7f, 0x7f, 0x80, 0x80, 0x80, 0x80, 0x80, 0x7f, 0x7f, 0x7f,
  0x80, 0x7f, 0x80, 0x80, 0x80, 0x80, 0x80, 0x80, 0x7f, 0x7f, 0x7f, 0x80,
  0x80, 0x80, 0x80, 0x80, 0x80, 0x80, 0x80, 0x80, 0x80, 0x80, 0x80, 0x80,
  0x80, 0x80, 0x80, 0x80, 0x7f, 0x80, 0x7f, 0x7f, 0x7f, 0x80, 0x7f, 0x7f,
  0x7f, 0x7f, 0x7f, 0x7f, 0x80, 0x7f, 0x7f, 0x80, 0x80, 0x80, 0x80, 0x80,
  0x7f, 0x80, 0x7f, 0x80, 0x80, 0x80, 0x80, 0x80, 0x80, 0x80, 0x80, 0x80,
  0x80, 0x80, 0x80, 0x80, 0x80, 0x80, 0x80, 0x80, 0x80, 0x80, 0x7f, 0x7f,
  0x80, 0x80, 0x7f, 0x7f, 0x7f, 0x7f, 0x7f, 0x7f, 0x80, 0x7f, 0x7f, 0x80,
  0x80, 0x80, 0x7f, 0x80, 0x7f, 0x7f, 0x80, 0x80, 0x80, 0x80, 0x7f, 0x80,
  0x80, 0x80, 0x80, 0x80, 0x80, 0x80, 0x80, 0x80, 0x80, 0x7f, 0x7f, 0x7f,
  0x7f, 0x7f, 0x7f, 0x7f, 0x7f, 0x80, 0x80, 0x80, 0x7f, 0x7f, 0x7f, 0x7f,
  0x80, 0x80, 0x80, 0x80, 0x7f, 0x7f, 0x7f, 0x7f, 0x7f, 0x7f, 0x80, 0x7f,
  0x7f, 0x7f, 0x7f, 0x7f, 0x7f, 0x7f, 0x7f, 0x80, 0x80, 0x80, 0x80, 0x80,
  0x80, 0x80, 0x80, 0x80, 0x80, 0x80, 0x7f, 0x7f, 0x7f, 0x7f, 0x80, 0x80,
  0x80, 0x80, 0x80, 0x80, 0x80, 0x80, 0x80, 0x80, 0x80, 0x80, 0x80, 0x80,
  0x80, 0x7f, 0x7f, 0x80, 0x80, 0x80, 0x80, 0x7f, 0x7f, 0x7f, 0x80, 0x80,
  0x80, 0x80, 0x80, 0x80, 0x80, 0x80, 0x80, 0x80, 0x80, 0x80, 0x80, 0x80,
  0x80, 0x80, 0x80, 0x80, 0x80, 0x80, 0x80, 0x80, 0x80, 0x80, 0x80, 0x80,
  0x80, 0x80, 0x80, 0x80, 0x7f, 0x7f, 0x7f, 0x7f, 0x80, 0x80, 0x80, 0x7f,
  0x7f, 0x7f, 0x7f, 0x80, 0x80, 0x80, 0x80, 0x80, 0x80, 0x80, 0x80, 0x80,
  0x80, 0x80, 0x80, 0x80, 0x80, 0x80, 0x80, 0x80, 0x80, 0x80, 0x80, 0x80,
  0x80, 0x80, 0x80, 0x80, 0x7f, 0x80, 0x80, 0x7f, 0x7f, 0x7f, 0x7f, 0x7f,
  0x80, 0x80, 0x80, 0x80, 0x80, 0x7f, 0x80, 0x80, 0x80, 0x80, 0x80, 0x80,
  0x80, 0x80, 0x80, 0x80, 0x80, 0x80, 0x80, 0x80, 0x80, 0x80, 0x80, 0x80,
  0x80, 0x80, 0x80, 0x80, 0x80, 0x7f, 0x7f, 0x7f, 0x7f, 0x7f, 0x80, 0x80,
  0x80, 0x7f, 0x7f, 0x80, 0x80, 0x80, 0x80, 0x80, 0x80, 0x80, 0x80, 0x80,
  0x80, 0x80, 0x80, 0x80, 0x80, 0x80, 0x80, 0x80, 0x80, 0x80, 0x80, 0x80,
  0x80, 0x80, 0x80, 0x80, 0x7f, 0x7f, 0x7f, 0x7f, 0x80, 0x7f, 0x7f, 0x7f,
  0x7f, 0x80, 0x80, 0x80, 0x80, 0x80, 0x80, 0x80, 0x80, 0x80, 0x80, 0x80,
  0x80, 0x80, 0x80, 0x80, 0x80, 0x80, 0x80, 0x80, 0x80, 0x80, 0x80, 0x80,
  0x80, 0x80, 0x7f, 0x7f, 0x7f, 0x80, 0x7f, 0x7f, 0x7f, 0x7f, 0x7f, 0x7f,
  0x7f, 0x7f, 0x7f, 0x7f, 0x7f, 0x7f, 0x80, 0x80, 0x80, 0x80, 0x80, 0x80,
  0x80, 0x80, 0x80, 0x80, 0x80, 0x80, 0x80, 0x80, 0x80, 0x80, 0x80, 0x80,
  0x80, 0x80, 0x80, 0x80, 0x80, 0x80, 0x7f, 0x7f, 0x7f, 0x7f, 0x7f, 0x7f,
  0x7f, 0x7f, 0x7f, 0x7f, 0x7f, 0x7f, 0x7f, 0x7f, 0x7f, 0x7f, 0x80, 0x80,
  0x80, 0x80, 0x80, 0x80, 0x80, 0x80, 0x80, 0x80, 0x80, 0x80, 0x80, 0x80,
  0x80, 0x80, 0x80, 0x80, 0x80, 0x80, 0x80, 0x80, 0x80, 0x80, 0x7f, 0x7f,
  0x7f, 0x7f, 0x7f, 0x7f, 0x7f, 0x7f, 0x7f, 0x7f, 0x80, 0x7f, 0x80, 0x80,
  0x7f, 0x7f, 0x80, 0x80, 0x80, 0x80, 0x80, 0x80, 0x80, 0x80, 0x80, 0x80,
  0x80, 0x80, 0x80, 0x80, 0x80, 0x80, 0x80, 0x80, 0x80, 0x80, 0x7f, 0x7f,
  0x7f, 0x7f, 0x7f, 0x7f, 0x7f, 0x7f, 0x7f, 0x7f, 0x7f, 0x7f, 0x7f, 0x7f,
  0x7f, 0x7f, 0x7f, 0x80, 0x7f, 0x7f, 0x80, 0x80, 0x80, 0x80, 0x80, 0x80,
  0x80, 0x80, 0x80, 0x80, 0x80, 0x80, 0x80, 0x80, 0x80, 0x80, 0x80, 0x80,
  0x80, 0x80, 0x80, 0x80, 0x7f, 0x7f, 0x7f, 0x7f, 0x7f, 0x7f, 0x7f, 0x7f,
  0x7f, 0x7f, 0x7f, 0x7f, 0x7f, 0x7f, 0x80, 0x80, 0x80, 0x80, 0x80, 0x80,
  0x80, 0x7f, 0x80, 0x80, 0x80, 0x80, 0x80, 0x80, 0x80, 0x80, 0x80, 0x80,
  0x80, 0x80, 0x80, 0x80, 0x80, 0x80, 0x80, 0x80, 0x80, 0x7f, 0x7f, 0x7f,
  0x7f, 0x7f, 0x7f, 0x7f, 0x7f, 0x7f, 0x7f, 0x7f, 0x7f, 0x7f, 0x80, 0x80,
  0x80, 0x80, 0x80, 0x80, 0x80, 0x7f, 0x80, 0x80, 0x80, 0x80, 0x80, 0x80,
  0x80, 0x80, 0x80, 0x80, 0x80, 0x80, 0x80, 0x80, 0x80, 0x80, 0x80, 0x80,
  0x80, 0x7f, 0x7f, 0x7f, 0x7f, 0x7f, 0x7f, 0x7f, 0x7f, 0x7f, 0x7f, 0x7f,
  0x7f, 0x7f, 0x7f, 0x7f, 0x7f, 0x80, 0x80, 0x80, 0x80, 0x80, 0x80, 0x80,
  0x80, 0x80, 0x80, 0x80, 0x80, 0x80, 0x80, 0x80, 0x80, 0x80, 0x80, 0x80,
  0x80, 0x80, 0x80, 0x80
};
const unsigned int HAPPY_SOUND_LEN = 16000;

// ---- SAD (16000 bytes, 2.0s @ 8000Hz)
const uint8_t SAD_SOUND[] PROGMEM = {
  0x7f, 0x7f, 0x7f, 0x7f, 0x7f, 0x80, 0x80, 0x80, 0x80, 0x80, 0x80, 0x80,
  0x80, 0x80, 0x7f, 0x7f, 0x7f, 0x7f, 0x7f, 0x7f, 0x7f, 0x7f, 0x7f, 0x7f,
  0x7f, 0x80, 0x80, 0x80, 0x80, 0x80, 0x7f, 0x7f, 0x7f, 0x7f, 0x80, 0x80,
  0x80, 0x80, 0x80, 0x80, 0x7f, 0x7f, 0x7f, 0x7f, 0x7f, 0x80, 0x80, 0x80,
  0x80, 0x80, 0x80, 0x80, 0x80, 0x80, 0x80, 0x80, 0x7f, 0x7f, 0x7f, 0x7f,
  0x7f, 0x7f, 0x7f, 0x7f, 0x7f, 0x7f, 0x7f, 0x7f, 0x80, 0x80, 0x80, 0x80,
  0x7f, 0x7f, 0x7f, 0x7f, 0x80, 0x80, 0x80, 0x80, 0x80, 0x80, 0x7f, 0x7f,
  0x7f, 0x7f, 0x7f, 0x7f, 0x80, 0x80, 0x80, 0x80, 0x80, 0x80, 0x80, 0x80,
  0x7f, 0x7f, 0x7f, 0x7f, 0x7f, 0x7f, 0x7f, 0x7f, 0x7f, 0x80, 0x80, 0x80,
  0x80, 0x80, 0x80, 0x80, 0x80, 0x80, 0x80, 0x7f, 0x7f, 0x7f, 0x7f, 0x7f,
  0x7f, 0x7f, 0x7f, 0x7f, 0x7f, 0x80, 0x80, 0x80, 0x80, 0x80, 0x80, 0x80,
  0x80, 0x80, 0x80, 0x7f, 0x7f, 0x7f, 0x7f, 0x7f, 0x7f, 0x7f, 0x7f, 0x7f,
  0x80, 0x80, 0x80, 0x80, 0x80, 0x80, 0x80, 0x80, 0x80, 0x7f, 0x7f, 0x7f,
  0x7f, 0x7f, 0x7f, 0x7f, 0x80, 0x80, 0x80, 0x80, 0x80, 0x80, 0x80, 0x80,
  0x80, 0x80, 0x80, 0x7f, 0x80, 0x80, 0x80, 0x80, 0x80, 0x7f, 0x7f, 0x7f,
  0x7f, 0x7f, 0x7f, 0x7f, 0x7f, 0x7f, 0x7f, 0x7f, 0x80, 0x80, 0x80, 0x80,
  0x80, 0x80, 0x7f, 0x7f, 0x7f, 0x7f, 0x80, 0x80, 0x80, 0x80, 0x80, 0x80,
  0x7f, 0x80, 0x80, 0x80, 0x80, 0x80, 0x80, 0x7f, 0x7f, 0x7f, 0x7f, 0x7f,
  0x7f, 0x7f, 0x80, 0x80, 0x80, 0x80, 0x80, 0x80, 0x7f, 0x7f, 0x7f, 0x7f,
  0x7f, 0x7f, 0x7f, 0x7f, 0x80, 0x80, 0x80, 0x80, 0x80, 0x7f, 0x7f, 0x80,
  0x80, 0x80, 0x80, 0x80, 0x80, 0x80, 0x7f, 0x7f, 0x7f, 0x7f, 0x7f, 0x7f,
  0x7f, 0x80, 0x80, 0x80, 0x80, 0x80, 0x80, 0x80, 0x80, 0x7f, 0x80, 0x80,
  0x80, 0x7f, 0x7f, 0x7f, 0x7f, 0x7f, 0x7f, 0x7f, 0x7f, 0x7f, 0x80, 0x80,
  0x80, 0x80, 0x80, 0x7f, 0x7f, 0x7f, 0x7f, 0x7f, 0x80, 0x80, 0x80, 0x80,
  0x80, 0x80, 0x7f, 0x7f, 0x7f, 0x7f, 0x7f, 0x7f, 0x7f, 0x7f, 0x80, 0x80,
  0x7f, 0x80, 0x80, 0x80, 0x80, 0x7f, 0x7f, 0x7f, 0x7f, 0x7f, 0x7f, 0x7f,
  0x7f, 0x7f, 0x80, 0x80, 0x80, 0x80, 0x80, 0x7f, 0x80, 0x80, 0x7f, 0x80,
  0x80, 0x7f, 0x80, 0x7f, 0x7f, 0x80, 0x80, 0x80, 0x80, 0x80, 0x7f, 0x7f,
  0x7f, 0x80, 0x80, 0x80, 0x80, 0x7f, 0x7f, 0x7f, 0x7f, 0x7f, 0x7f, 0x7f,
  0x80, 0x80, 0x80, 0x80, 0x80, 0x80, 0x80, 0x80, 0x7f, 0x7f, 0x7f, 0x7f,
  0x7f, 0x7f, 0x7f, 0x80, 0x80, 0x80, 0x80, 0x80, 0x80, 0x80, 0x80, 0x80,
  0x80, 0x80, 0x7f, 0x7f, 0x7f, 0x7f, 0x7f, 0x7f, 0x7f, 0x7f, 0x7f, 0x7f,
  0x7f, 0x7f, 0x7f, 0x7f, 0x7f, 0x80, 0x80, 0x80, 0x80, 0x80, 0x80, 0x80,
  0x80, 0x7f, 0x7f, 0x7f, 0x7f, 0x7f, 0x80, 0x7f, 0x7f, 0x80, 0x80, 0x80,
  0x80, 0x80, 0x80, 0x80, 0x7f, 0x7f, 0x7f, 0x80, 0x7f, 0x7f, 0x7f, 0x7f,
  0x7f, 0x7f, 0x7f, 0x7f, 0x80, 0x7f, 0x7f, 0x7f, 0x7f, 0x7f, 0x7f, 0x80,
  0x80, 0x80, 0x80, 0x80, 0x7f, 0x7f, 0x7f, 0x7f, 0x7f, 0x7f, 0x80, 0x80,
  0x80, 0x80, 0x80, 0x80, 0x80, 0x80, 0x80, 0x80, 0x80, 0x7f, 0x7f, 0x7f,
  0x7f, 0x80, 0x80, 0x80, 0x7f, 0x7f, 0x7f, 0x7f, 0x7f, 0x7f, 0x7f, 0x7f,
  0x7f, 0x80, 0x80, 0x80, 0x80, 0x80, 0x80, 0x80, 0x80, 0x80, 0x7f, 0x7f,
  0x7f, 0x80, 0x80, 0x7f, 0x80, 0x80, 0x80, 0x80, 0x7f, 0x80, 0x7f, 0x7f,
  0x80, 0x80, 0x7f, 0x80, 0x80, 0x80, 0x80, 0x80, 0x80, 0x80, 0x80, 0x80,
  0x7f, 0x7f, 0x7f, 0x7f, 0x7f, 0x7f, 0x7f, 0x80, 0x80, 0x80, 0x80, 0x80,
  0x80, 0x80, 0x80, 0x80, 0x80, 0x80, 0x80, 0x80, 0x80, 0x80, 0x80, 0x7f,
  0x7f, 0x7f, 0x7f, 0x7f, 0x7f, 0x7f, 0x7f, 0x80, 0x80, 0x80, 0x80, 0x80,
  0x80, 0x80, 0x80, 0x80, 0x80, 0x7f, 0x7f, 0x7f, 0x7f, 0x7f, 0x7f, 0x7f,
  0x7f, 0x7f, 0x7f, 0x80, 0x80, 0x80, 0x80, 0x80, 0x80, 0x80, 0x80, 0x80,
  0x80, 0x7f, 0x80, 0x7f, 0x80, 0x80, 0x80, 0x80, 0x80, 0x80, 0x7f, 0x7f,
  0x80, 0x80, 0x80, 0x80, 0x80, 0x7f, 0x7f, 0x7f, 0x7f, 0x7f, 0x7f, 0x7f,
  0x7f, 0x7f, 0x80, 0x7f, 0x80, 0x80, 0x80, 0x80, 0x80, 0x80, 0x80, 0x7f,
  0x7f, 0x7f, 0x7f, 0x7f, 0x7f, 0x7f, 0x7f, 0x7f, 0x7f, 0x80, 0x80, 0x80,
  0x80, 0x80, 0x80, 0x7f, 0x7f, 0x7f, 0x7f, 0x7f, 0x7f, 0x7f, 0x7f, 0x80,
  0x80, 0x80, 0x80, 0x7f, 0x7f, 0x7f, 0x7f, 0x7f, 0x7f, 0x80, 0x80, 0x80,
  0x80, 0x80, 0x80, 0x80, 0x80, 0x80, 0x7f, 0x7f, 0x7f, 0x7f, 0x80, 0x80,
  0x80, 0x80, 0x80, 0x7f, 0x80, 0x80, 0x80, 0x80, 0x7f, 0x80, 0x80, 0x80,
  0x7f, 0x7f, 0x7f, 0x7f, 0x7f, 0x7f, 0x80, 0x80, 0x80, 0x7f, 0x7f, 0x7f,
  0x7f, 0x7f, 0x7f, 0x80, 0x80, 0x80, 0x7f, 0x80, 0x80, 0x80, 0x80, 0x80,
  0x80, 0x80, 0x80, 0x80, 0x80, 0x80, 0x80, 0x7f, 0x7f, 0x7f, 0x7f, 0x7f,
  0x7f, 0x80, 0x80, 0x80, 0x80, 0x80, 0x80, 0x80, 0x80, 0x7f, 0x7f, 0x7f,
  0x7f, 0x7f, 0x7f, 0x7f, 0x7f, 0x7f, 0x80, 0x80, 0x80, 0x80, 0x80, 0x80,
  0x80, 0x80, 0x80, 0x80, 0x7f, 0x7f, 0x80, 0x80, 0x80, 0x80, 0x80, 0x80,
  0x80, 0x7f, 0x7f, 0x7f, 0x7f, 0x7f, 0x7f, 0x7f, 0x7f, 0x7f, 0x7f, 0x80,
  0x80, 0x80, 0x80, 0x80, 0x80, 0x7f, 0x7f, 0x7f, 0x7f, 0x7f, 0x7f, 0x7f,
  0x7f, 0x7f, 0x80, 0x80, 0x80, 0x80, 0x80, 0x80, 0x80, 0x80, 0x80, 0x80,
  0x80, 0x80, 0x7f, 0x80, 0x7f, 0x7f, 0x7f, 0x7f, 0x7f, 0x7f, 0x80, 0x80,
  0x80, 0x80, 0x80, 0x80, 0x80, 0x7f, 0x80, 0x7f, 0x7f, 0x7f, 0x7f, 0x7f,
  0x7f, 0x7f, 0x7f, 0x80, 0x80, 0x80, 0x80, 0x80, 0x80, 0x80, 0x80, 0x80,
  0x80, 0x7f, 0x7f, 0x7f, 0x7f, 0x80, 0x80, 0x80, 0x80, 0x80, 0x80, 0x80,
  0x80, 0x80, 0x7f, 0x7f, 0x7f, 0x7f, 0x7f, 0x7f, 0x7f, 0x7f, 0x7f, 0x80,
  0x80, 0x80, 0x80, 0x80, 0x80, 0x80, 0x80, 0x80, 0x80, 0x80, 0x80, 0x7f,
  0x80, 0x80, 0x7f, 0x7f, 0x7f, 0x7f, 0x7f, 0x7f, 0x7f, 0x80, 0x80, 0x80,
  0x80, 0x80, 0x80, 0x80, 0x80, 0x80, 0x80, 0x7f, 0x7f, 0x7f, 0x7f, 0x7f,
  0x7f, 0x7f, 0x7f, 0x7f, 0x7f, 0x80, 0x80, 0x80, 0x80, 0x80, 0x80, 0x80,
  0x80, 0x7f, 0x7f, 0x7f, 0x7f, 0x7f, 0x80, 0x80, 0x80, 0x80, 0x80, 0x80,
  0x80, 0x80, 0x80, 0x80, 0x80, 0x80, 0x7f, 0x7f, 0x7f, 0x80, 0x80, 0x80,
  0x80, 0x7f, 0x7f, 0x7f, 0x7f, 0x7f, 0x7f, 0x7f, 0x7f, 0x7f, 0x7f, 0x80,
  0x80, 0x80, 0x80, 0x80, 0x80, 0x7f, 0x7f, 0x7f, 0x7f, 0x7f, 0x7f, 0x7f,
  0x7f, 0x80, 0x80, 0x80, 0x80, 0x80, 0x80, 0x80, 0x80, 0x7f, 0x7f, 0x7f,
  0x7f, 0x7f, 0x80, 0x80, 0x80, 0x80, 0x7f, 0x7f, 0x7f, 0x7f, 0x7f, 0x7f,
  0x7f, 0x7f, 0x7f, 0x7f, 0x80, 0x80, 0x80, 0x80, 0x7f, 0x80, 0x80, 0x80,
  0x80, 0x80, 0x80, 0x7f, 0x7f, 0x7f, 0x80, 0x80, 0x80, 0x80, 0x80, 0x80,
  0x80, 0x7f, 0x7f, 0x7f, 0x7f, 0x7f, 0x7f, 0x7f, 0x7f, 0x7f, 0x80, 0x80,
  0x7f, 0x7f, 0x7f, 0x7f, 0x7f, 0x80, 0x80, 0x80, 0x80, 0x80, 0x80, 0x80,
  0x80, 0x80, 0x80, 0x80, 0x80, 0x7f, 0x7f, 0x7f, 0x7f, 0x7f, 0x7f, 0x7f,
  0x7f, 0x80, 0x80, 0x80, 0x80, 0x80, 0x80, 0x80, 0x80, 0x80, 0x80, 0x7f,
  0x7f, 0x7f, 0x7f, 0x7f, 0x7f, 0x7f, 0x7f, 0x7f, 0x7f, 0x7f, 0x7f, 0x80,
  0x80, 0x80, 0x80, 0x80, 0x80, 0x80, 0x80, 0x80, 0x80, 0x80, 0x80, 0x80,
  0x80, 0x80, 0x7f, 0x7f, 0x7f, 0x7f, 0x7f, 0x7f, 0x7f, 0x7f, 0x80, 0x80,
  0x80, 0x80, 0x80, 0x80, 0x80, 0x80, 0x80, 0x80, 0x7f, 0x7f, 0x7f, 0x7f,
  0x7f, 0x7f, 0x7f, 0x7f, 0x7f, 0x80, 0x80, 0x80, 0x80, 0x80, 0x80, 0x80,
  0x80, 0x80, 0x7f, 0x7f, 0x7f, 0x7f, 0x7f, 0x7f, 0x7f, 0x7f, 0x80, 0x80,
  0x80, 0x80, 0x80, 0x80, 0x80, 0x7f, 0x7f, 0x7f, 0x80, 0x80, 0x80, 0x7f,
  0x7f, 0x7f, 0x7f, 0x7f, 0x80, 0x80, 0x7f, 0x7f, 0x7f, 0x80, 0x80, 0x80,
  0x80, 0x7f, 0x7f, 0x7f, 0x7f, 0x80, 0x80, 0x80, 0x80, 0x80, 0x80, 0x80,
  0x80, 0x80, 0x80, 0x80, 0x80, 0x80, 0x7f, 0x7f, 0x7f, 0x7f, 0x7f, 0x7f,
  0x7f, 0x7f, 0x80, 0x80, 0x80, 0x80, 0x80, 0x80, 0x80, 0x80, 0x7f, 0x7f,
  0x7f, 0x7f, 0x7f, 0x7f, 0x7f, 0x7f, 0x7f, 0x80, 0x80, 0x80, 0x80, 0x80,
  0x80, 0x80, 0x80, 0x80, 0x7f, 0x7f, 0x7f, 0x7f, 0x7f, 0x7f, 0x7f, 0x80,
  0x80, 0x80, 0x80, 0x80, 0x80, 0x7f, 0x7f, 0x7f, 0x80, 0x80, 0x80, 0x80,
  0x80, 0x80, 0x80, 0x7f, 0x7f, 0x7f, 0x7f, 0x7f, 0x7f, 0x7f, 0x7f, 0x80,
  0x80, 0x80, 0x80, 0x80, 0x80, 0x80, 0x80, 0x80, 0x7f, 0x7f, 0x7f, 0x7f,
  0x7f, 0x7f, 0x7f, 0x80, 0x80, 0x80, 0x80, 0x80, 0x80, 0x80, 0x80, 0x80,
  0x80, 0x80, 0x80, 0x80, 0x80, 0x80, 0x80, 0x7f, 0x7f, 0x7f, 0x7f, 0x7f,
  0x7f, 0x7f, 0x80, 0x80, 0x80, 0x80, 0x80, 0x80, 0x80, 0x7f, 0x7f, 0x7f,
  0x7f, 0x80, 0x80, 0x80, 0x80, 0x80, 0x80, 0x7f, 0x7f, 0x7f, 0x7f, 0x7f,
  0x7f, 0x7f, 0x7f, 0x80, 0x80, 0x80, 0x80, 0x80, 0x80, 0x7f, 0x7f, 0x7f,
  0x7f, 0x7f, 0x7f, 0x80, 0x80, 0x80, 0x80, 0x80, 0x80, 0x7f, 0x7f, 0x7f,
  0x7f, 0x7f, 0x7f, 0x80, 0x80, 0x80, 0x80, 0x80, 0x80, 0x80, 0x7f, 0x7f,
  0x7f, 0x7f, 0x7f, 0x80, 0x80, 0x80, 0x80, 0x80, 0x80, 0x7f, 0x7f, 0x7f,
  0x7f, 0x7f, 0x7f, 0x7f, 0x80, 0x80, 0x80, 0x80, 0x80, 0x80, 0x80, 0x80,
  0x80, 0x80, 0x80, 0x80, 0x7f, 0x80, 0x80, 0x80, 0x80, 0x80, 0x80, 0x7f,
  0x7f, 0x7f, 0x7f, 0x7f, 0x7f, 0x80, 0x80, 0x80, 0x80, 0x80, 0x80, 0x80,
  0x7f, 0x7f, 0x7f, 0x7f, 0x7f, 0x7f, 0x7f, 0x7f, 0x80, 0x80, 0x80, 0x80,
  0x80, 0x80, 0x7f, 0x80, 0x7f, 0x7f, 0x80, 0x80, 0x80, 0x80, 0x80, 0x80,
  0x7f, 0x7f, 0x7f, 0x7f, 0x7f, 0x7f, 0x7f, 0x80, 0x80, 0x80, 0x80, 0x80,
  0x80, 0x7f, 0x7f, 0x7f, 0x7f, 0x7f, 0x7f, 0x7f, 0x7f, 0x80, 0x80, 0x80,
  0x80, 0x80, 0x80, 0x7f, 0x7f, 0x7f, 0x7f, 0x7f, 0x7f, 0x80, 0x80, 0x80,
  0x80, 0x80, 0x80, 0x80, 0x7f, 0x7f, 0x7f, 0x7f, 0x7f, 0x7f, 0x80, 0x80,
  0x80, 0x80, 0x80, 0x80, 0x7f, 0x7f, 0x80, 0x7f, 0x7f, 0x7f, 0x7f, 0x80,
  0x80, 0x80, 0x7f, 0x7f, 0x7f, 0x7f, 0x7f, 0x7f, 0x7f, 0x7f, 0x80, 0x80,
  0x80, 0x80, 0x80, 0x80, 0x80, 0x80, 0x80, 0x7f, 0x7f, 0x7f, 0x80, 0x80,
  0x80, 0x7f, 0x7f, 0x7f, 0x80, 0x80, 0x7f, 0x7f, 0x7f, 0x7f, 0x80, 0x80,
  0x80, 0x80, 0x80, 0x80, 0x80, 0x80, 0x80, 0x7f, 0x7f, 0x7f, 0x7f, 0x7f,
  0x7f, 0x7f, 0x7f, 0x80, 0x80, 0x80, 0x80, 0x80, 0x80, 0x80, 0x80, 0x80,
  0x7f, 0x7f, 0x7f, 0x80, 0x80, 0x80, 0x7f, 0x7f, 0x7f, 0x80, 0x80, 0x7f,
  0x7f, 0x7f, 0x7f, 0x80, 0x80, 0x80, 0x80, 0x7f, 0x7f, 0x80, 0x7f, 0x7f,
  0x7f, 0x7f, 0x7f, 0x80, 0x80, 0x80, 0x80, 0x80, 0x80, 0x80, 0x80, 0x7f,
  0x7f, 0x7f, 0x7f, 0x7f, 0x80, 0x80, 0x80, 0x80, 0x80, 0x80, 0x7f, 0x7f,
  0x7f, 0x7f, 0x7f, 0x7f, 0x80, 0x80, 0x80, 0x80, 0x80, 0x7f, 0x7f, 0x7f,
  0x7f, 0x7f, 0x7f, 0x7f, 0x7f, 0x80, 0x80, 0x80, 0x80, 0x7f, 0x7f, 0x7f,
  0x7f, 0x7f, 0x7f, 0x7f, 0x7f, 0x80, 0x80, 0x80, 0x7f, 0x7f, 0x7f, 0x7f,
  0x80, 0x7f, 0x7f, 0x7f, 0x80, 0x80, 0x80, 0x80, 0x7f, 0x7f, 0x7f, 0x7f,
  0x7f, 0x7f, 0x7f, 0x7f, 0x80, 0x80, 0x80, 0x7f, 0x7f, 0x7f, 0x7f, 0x7f,
  0x80, 0x80, 0x80, 0x80, 0x80, 0x80, 0x80, 0x7f, 0x7f, 0x7f, 0x7f, 0x7f,
  0x7f, 0x80, 0x80, 0x80, 0x81, 0x80, 0x80, 0x7f, 0x7e, 0x7e, 0x7e, 0x7f,
  0x7f, 0x80, 0x81, 0x81, 0x82, 0x81, 0x7f, 0x7e, 0x7d, 0x7e, 0x7e, 0x7e,
  0x7f, 0x80, 0x81, 0x83, 0x83, 0x82, 0x7f, 0x7d, 0x7d, 0x7d, 0x7e, 0x7e,
  0x7e, 0x7f, 0x82, 0x84, 0x84, 0x82, 0x7f, 0x7d, 0x7c, 0x7d, 0x7e, 0x7e,
  0x7e, 0x7f, 0x82, 0x85, 0x85, 0x82, 0x7e, 0x7c, 0x7c, 0x7e, 0x7e, 0x7e,
  0x7d, 0x7e, 0x82, 0x85, 0x85, 0x82, 0x7e, 0x7d, 0x7d, 0x7e, 0x7e, 0x7d,
  0x7c, 0x7e, 0x81, 0x84, 0x84, 0x82, 0x7e, 0x7d, 0x7e, 0x7f, 0x7f, 0x7d,
  0x7c, 0x7e, 0x81, 0x83, 0x83, 0x81, 0x7f, 0x7e, 0x7f, 0x80, 0x7f, 0x7e,
  0x7d, 0x7e, 0x80, 0x83, 0x82, 0x80, 0x7e, 0x7e, 0x7f, 0x81, 0x80, 0x7f,
  0x7d, 0x7e, 0x80, 0x82, 0x82, 0x80, 0x7e, 0x7d, 0x7f, 0x81, 0x81, 0x80,
  0x7d, 0x7d, 0x80, 0x82, 0x83, 0x81, 0x7e, 0x7d, 0x7e, 0x80, 0x81, 0x81,
  0x7e, 0x7d, 0x7f, 0x81, 0x82, 0x82, 0x7f, 0x7d, 0x7d, 0x7e, 0x81, 0x81,
  0x80, 0x7e, 0x7e, 0x80, 0x82, 0x82, 0x81, 0x7e, 0x7d, 0x7d, 0x7f, 0x81,
  0x80, 0x7f, 0x7e, 0x7f, 0x81, 0x83, 0x82, 0x80, 0x7d, 0x7d, 0x7e, 0x80,
  0x80, 0x80, 0x7e, 0x7e, 0x80, 0x82, 0x82, 0x81, 0x7f, 0x7e, 0x7e, 0x7f,
  0x80, 0x80, 0x7f, 0x7e, 0x7e, 0x80, 0x81, 0x82, 0x81, 0x7f, 0x7e, 0x7e,
  0x7f, 0x80, 0x80, 0x7f, 0x7e, 0x7e, 0x80, 0x81, 0x82, 0x81, 0x7f, 0x7e,
  0x7e, 0x7f, 0x80, 0x80, 0x7f, 0x7e, 0x7e, 0x80, 0x81, 0x81, 0x80, 0x7f,
  0x7e, 0x7e, 0x80, 0x80, 0x80, 0x7f, 0x7f, 0x7f, 0x80, 0x81, 0x81, 0x80,
  0x7e, 0x7e, 0x7f, 0x80, 0x80, 0x80, 0x7f, 0x7f, 0x7f, 0x80, 0x81, 0x81,
  0x7f, 0x7e, 0x7e, 0x7f, 0x80, 0x80, 0x80, 0x7f, 0x7f, 0x7f, 0x80, 0x81,
  0x80, 0x7f, 0x7e, 0x7f, 0x7f, 0x80, 0x80, 0x80, 0x7f, 0x7f, 0x7f, 0x80,
  0x81, 0x80, 0x7f, 0x7e, 0x7f, 0x7f, 0x80, 0x80, 0x80, 0x7f, 0x7f, 0x80,
  0x81, 0x80, 0x80, 0x7f, 0x7e, 0x7f, 0x80, 0x80, 0x80, 0x7f, 0x7f, 0x7f,
  0x80, 0x81, 0x80, 0x7f, 0x7e, 0x7f, 0x7f, 0x80, 0x80, 0x80, 0x7f, 0x7f,
  0x80, 0x80, 0x80, 0x80, 0x7f, 0x7e, 0x7f, 0x7f, 0x80, 0x80, 0x7f, 0x7f,
  0x80, 0x81, 0x81, 0x80, 0x7f, 0x7e, 0x7e, 0x7f, 0x80, 0x80, 0x7f, 0x7f,
  0x7f, 0x80, 0x81, 0x81, 0x80, 0x7f, 0x7e, 0x7e, 0x7f, 0x80, 0x80, 0x7f,
  0x7e, 0x7f, 0x80, 0x82, 0x82, 0x80, 0x7e, 0x7d, 0x7e, 0x80, 0x81, 0x80,
  0x7f, 0x7e, 0x7f, 0x81, 0x82, 0x82, 0x80, 0x7d, 0x7c, 0x7e, 0x80, 0x81,
  0x81, 0x7f, 0x7e, 0x7f, 0x81, 0x82, 0x82, 0x7f, 0x7d, 0x7c, 0x7e, 0x81,
  0x82, 0x81, 0x7f, 0x7e, 0x7f, 0x81, 0x82, 0x80, 0x7e, 0x7c, 0x7d, 0x7f,
  0x81, 0x81, 0x80, 0x7f, 0x80, 0x81, 0x81, 0x80, 0x7e, 0x7c, 0x7d, 0x7f,
  0x81, 0x82, 0x80, 0x7f, 0x80, 0x82, 0x83, 0x81, 0x7e, 0x7b, 0x7b, 0x7e,
  0x81, 0x83, 0x81, 0x7f, 0x7e, 0x81, 0x83, 0x83, 0x80, 0x7b, 0x79, 0x7c,
  0x80, 0x83, 0x82, 0x7f, 0x7d, 0x7f, 0x83, 0x85, 0x82, 0x7d, 0x79, 0x7a,
  0x7e, 0x83, 0x83, 0x80, 0x7d, 0x7e, 0x82, 0x86, 0x84, 0x7f, 0x79, 0x79,
  0x7e, 0x83, 0x84, 0x80, 0x7b, 0x7b, 0x80, 0x86, 0x87, 0x82, 0x7a, 0x76,
  0x7a, 0x82, 0x86, 0x83, 0x7d, 0x79, 0x7c, 0x84, 0x89, 0x87, 0x7e, 0x77,
  0x76, 0x7d, 0x85, 0x87, 0x81, 0x7a, 0x77, 0x7e, 0x87, 0x8b, 0x86, 0x7b,
  0x74, 0x77, 0x80, 0x87, 0x87, 0x7f, 0x78, 0x77, 0x7f, 0x89, 0x8c, 0x85,
  0x7a, 0x74, 0x78, 0x81, 0x87, 0x86, 0x7f, 0x78, 0x78, 0x7f, 0x88, 0x8c,
  0x86, 0x7b, 0x73, 0x76, 0x7f, 0x87, 0x87, 0x81, 0x79, 0x76, 0x7c, 0x86,
  0x8c, 0x8a, 0x80, 0x77, 0x74, 0x79, 0x81, 0x86, 0x85, 0x7f, 0x79, 0x78,
  0x7d, 0x86, 0x8b, 0x89, 0x80, 0x77, 0x75, 0x79, 0x81, 0x85, 0x84, 0x7f,
  0x7b, 0x7a, 0x7d, 0x84, 0x8a, 0x8a, 0x82, 0x78, 0x73, 0x77, 0x80, 0x87,
  0x86, 0x80, 0x79, 0x77, 0x7c, 0x84, 0x8c, 0x8c, 0x84, 0x79, 0x73, 0x75,
  0x7e, 0x86, 0x87, 0x82, 0x7a, 0x76, 0x79, 0x81, 0x8a, 0x8d, 0x89, 0x7f,
  0x76, 0x74, 0x79, 0x81, 0x86, 0x85, 0x7e, 0x79, 0x77, 0x7c, 0x83, 0x89,
  0x8b, 0x87, 0x7f, 0x77, 0x74, 0x79, 0x81, 0x86, 0x85, 0x7f, 0x79, 0x77,
  0x7b, 0x83, 0x88, 0x8b, 0x88, 0x81, 0x79, 0x74, 0x77, 0x7f, 0x86, 0x86,
  0x80, 0x7a, 0x77, 0x7a, 0x82, 0x87, 0x8a, 0x88, 0x82, 0x7b, 0x75, 0x77,
  0x7e, 0x85, 0x87, 0x82, 0x7a, 0x76, 0x79, 0x81, 0x88, 0x8a, 0x87, 0x82,
  0x7b, 0x77, 0x77, 0x7e, 0x85, 0x87, 0x82, 0x7a, 0x76, 0x79, 0x80, 0x87,
  0x88, 0x86, 0x82, 0x7e, 0x79, 0x78, 0x7d, 0x83, 0x86, 0x83, 0x7c, 0x78,
  0x79, 0x7f, 0x85, 0x87, 0x86, 0x83, 0x80, 0x7c, 0x79, 0x7b, 0x80, 0x84,
  0x84, 0x7f, 0x79, 0x77, 0x7b, 0x82, 0x86, 0x86, 0x84, 0x82, 0x7f, 0x7b,
  0x79, 0x7d, 0x83, 0x86, 0x83, 0x7c, 0x76, 0x77, 0x7e, 0x86, 0x88, 0x85,
  0x81, 0x7e, 0x7c, 0x7b, 0x7d, 0x80, 0x82, 0x82, 0x7e, 0x7a, 0x79, 0x7c,
  0x81, 0x85, 0x85, 0x82, 0x81, 0x80, 0x7f, 0x7d, 0x7d, 0x7f, 0x81, 0x82,
  0x7f, 0x7b, 0x7b, 0x7d, 0x81, 0x83, 0x82, 0x82, 0x82, 0x83, 0x80, 0x7c,
  0x7a, 0x7d, 0x81, 0x83, 0x81, 0x7c, 0x7a, 0x7c, 0x80, 0x84, 0x84, 0x82,
  0x81, 0x82, 0x80, 0x7d, 0x7b, 0x7d, 0x80, 0x82, 0x81, 0x7d, 0x7b, 0x7b,
  0x7f, 0x82, 0x84, 0x83, 0x83, 0x82, 0x7f, 0x7c, 0x7a, 0x7d, 0x81, 0x83,
  0x82, 0x7e, 0x7b, 0x7b, 0x7e, 0x81, 0x83, 0x83, 0x84, 0x84, 0x81, 0x7c,
  0x79, 0x7b, 0x81, 0x84, 0x83, 0x7f, 0x7b, 0x7a, 0x7d, 0x81, 0x84, 0x83,
  0x81, 0x82, 0x82, 0x80, 0x7c, 0x7a, 0x7d, 0x82, 0x84, 0x82, 0x7e, 0x7b,
  0x7b, 0x7e, 0x81, 0x83, 0x82, 0x81, 0x80, 0x80, 0x7e, 0x7d, 0x7f, 0x83,
  0x84, 0x80, 0x7b, 0x7a, 0x7c, 0x7f, 0x82, 0x82, 0x81, 0x7e, 0x7d, 0x7e,
  0x81, 0x82, 0x7e, 0x7e, 0x82, 0x86, 0x84, 0x7c, 0x77, 0x78, 0x7e, 0x84,
  0x86, 0x84, 0x7f, 0x79, 0x79, 0x7f, 0x85, 0x85, 0x7f, 0x7d, 0x81, 0x86,
  0x84, 0x7b, 0x76, 0x79, 0x80, 0x85, 0x85, 0x82, 0x7e, 0x7a, 0x7b, 0x7f,
  0x84, 0x83, 0x7f, 0x7e, 0x83, 0x87, 0x83, 0x7a, 0x76, 0x7a, 0x80, 0x84,
  0x84, 0x81, 0x7d, 0x7a, 0x7b, 0x7f, 0x83, 0x84, 0x80, 0x80, 0x83, 0x86,
  0x82, 0x7a, 0x76, 0x7a, 0x81, 0x85, 0x84, 0x81, 0x7d, 0x7a, 0x7b, 0x7f,
  0x84, 0x84, 0x80, 0x7e, 0x83, 0x87, 0x84, 0x7b, 0x75, 0x78, 0x7f, 0x85,
  0x85, 0x81, 0x7d, 0x7a, 0x7b, 0x7f, 0x83, 0x84, 0x81, 0x7e, 0x82, 0x86,
  0x85, 0x7d, 0x76, 0x77, 0x7e, 0x85, 0x86, 0x82, 0x7e, 0x7a, 0x7a, 0x7e,
  0x83, 0x85, 0x81, 0x7e, 0x80, 0x85, 0x86, 0x7f, 0x77, 0x76, 0x7c, 0x84,
  0x86, 0x83, 0x7e, 0x7a, 0x7a, 0x7d, 0x82, 0x85, 0x83, 0x7f, 0x80, 0x84,
  0x86, 0x80, 0x78, 0x77, 0x7c, 0x82, 0x85, 0x83, 0x7f, 0x7b, 0x7a, 0x7c,
  0x81, 0x84, 0x83, 0x80, 0x80, 0x84, 0x85, 0x80, 0x79, 0x77, 0x7c, 0x82,
  0x84, 0x82, 0x7f, 0x7c, 0x7b, 0x7c, 0x80, 0x84, 0x84, 0x80, 0x80, 0x84,
  0x85, 0x81, 0x79, 0x77, 0x7b, 0x81, 0x83, 0x82, 0x7f, 0x7d, 0x7b, 0x7c,
  0x7f, 0x83, 0x84, 0x81, 0x81, 0x83, 0x85, 0x80, 0x79, 0x77, 0x7c, 0x81,
  0x83, 0x81, 0x7f, 0x7e, 0x7c, 0x7c, 0x7f, 0x83, 0x84, 0x82, 0x81, 0x83,
  0x84, 0x80, 0x79, 0x77, 0x7c, 0x81, 0x82, 0x81, 0x7f, 0x7e, 0x7d, 0x7c,
  0x7e, 0x83, 0x85, 0x82, 0x81, 0x83, 0x85, 0x82, 0x7a, 0x77, 0x7a, 0x80,
  0x83, 0x82, 0x80, 0x7e, 0x7c, 0x7c, 0x7e, 0x83, 0x85, 0x82, 0x80, 0x82,
  0x85, 0x83, 0x7b, 0x77, 0x79, 0x7f, 0x83, 0x82, 0x80, 0x7d, 0x7c, 0x7c,
  0x7e, 0x83, 0x85, 0x83, 0x80, 0x82, 0x85, 0x83, 0x7c, 0x77, 0x78, 0x7e,
  0x83, 0x83, 0x80, 0x7d, 0x7b, 0x7b, 0x7e, 0x83, 0x85, 0x83, 0x80, 0x81,
  0x84, 0x84, 0x7e, 0x78, 0x78, 0x7d, 0x82, 0x83, 0x81, 0x7e, 0x7b, 0x7b,
  0x7e, 0x82, 0x85, 0x85, 0x81, 0x80, 0x83, 0x84, 0x80, 0x7a, 0x77, 0x7b,
  0x81, 0x83, 0x82, 0x7f, 0x7c, 0x7b, 0x7d, 0x81, 0x85, 0x85, 0x81, 0x7f,
  0x81, 0x84, 0x82, 0x7c, 0x78, 0x7a, 0x7f, 0x82, 0x82, 0x80, 0x7d, 0x7c,
  0x7c, 0x80, 0x84, 0x86, 0x83, 0x7f, 0x80, 0x83, 0x83, 0x7e, 0x79, 0x79,
  0x7d, 0x81, 0x82, 0x81, 0x7f, 0x7d, 0x7c, 0x7e, 0x83, 0x86, 0x84, 0x80,
  0x7f, 0x81, 0x82, 0x7f, 0x7a, 0x79, 0x7c, 0x80, 0x81, 0x81, 0x80, 0x7e,
  0x7d, 0x7e, 0x82, 0x85, 0x84, 0x80, 0x7f, 0x81, 0x83, 0x7f, 0x7a, 0x79,
  0x7c, 0x80, 0x82, 0x81, 0x80, 0x7e, 0x7d, 0x7e, 0x81, 0x85, 0x84, 0x80,
  0x7f, 0x82, 0x83, 0x7f, 0x79, 0x78, 0x7b, 0x80, 0x82, 0x82, 0x80, 0x7e,
  0x7d, 0x7e, 0x82, 0x84, 0x82, 0x80, 0x81, 0x83, 0x83, 0x7e, 0x78, 0x78,
  0x7c, 0x82, 0x83, 0x82, 0x7f, 0x7d, 0x7d, 0x80, 0x83, 0x83, 0x81, 0x80,
  0x82, 0x84, 0x82, 0x7c, 0x77, 0x79, 0x7e, 0x83, 0x84, 0x81, 0x7e, 0x7c,
  0x7d, 0x81, 0x83, 0x83, 0x81, 0x80, 0x82, 0x83, 0x7f, 0x7a, 0x77, 0x7b,
  0x81, 0x84, 0x83, 0x80, 0x7d, 0x7c, 0x7f, 0x82, 0x84, 0x83, 0x80, 0x81,
  0x83, 0x81, 0x7c, 0x78, 0x79, 0x7e, 0x83, 0x84, 0x81, 0x7e, 0x7d, 0x7d,
  0x80, 0x83, 0x83, 0x81, 0x80, 0x82, 0x82, 0x7e, 0x79, 0x77, 0x7c, 0x82,
  0x84, 0x82, 0x7f, 0x7d, 0x7d, 0x7f, 0x82, 0x84, 0x82, 0x7f, 0x81, 0x83,
  0x81, 0x7a, 0x77, 0x7a, 0x81, 0x84, 0x83, 0x80, 0x7d, 0x7c, 0x7e, 0x81,
  0x84, 0x82, 0x7f, 0x80, 0x83, 0x82, 0x7d, 0x77, 0x79, 0x7f, 0x84, 0x84,
  0x81, 0x7e, 0x7c, 0x7d, 0x81, 0x84, 0x83, 0x80, 0x7e, 0x81, 0x83, 0x7f,
  0x79, 0x78, 0x7d, 0x83, 0x85, 0x82, 0x7f, 0x7c, 0x7c, 0x80, 0x83, 0x84,
  0x81, 0x7e, 0x80, 0x83, 0x81, 0x7b, 0x78, 0x7c, 0x81, 0x84, 0x83, 0x7f,
  0x7d, 0x7d, 0x7f, 0x82, 0x84, 0x81, 0x7f, 0x80, 0x82, 0x81, 0x7c, 0x79,
  0x7c, 0x81, 0x84, 0x82, 0x7f, 0x7d, 0x7d, 0x7f, 0x82, 0x83, 0x81, 0x7f,
  0x80, 0x82, 0x81, 0x7d, 0x79, 0x7b, 0x80, 0x84, 0x83, 0x80, 0x7d, 0x7c,
  0x7e, 0x82, 0x83, 0x82, 0x7f, 0x7f, 0x81, 0x82, 0x7f, 0x7b, 0x7b, 0x7e,
  0x82, 0x83, 0x81, 0x7e, 0x7d, 0x7d, 0x80, 0x83, 0x83, 0x80, 0x7e, 0x7f,
  0x81, 0x80, 0x7c, 0x7b, 0x7d, 0x81, 0x83, 0x82, 0x80, 0x7e, 0x7d, 0x7f,
  0x82, 0x83, 0x81, 0x7f, 0x7f, 0x80, 0x7f, 0x7d, 0x7c, 0x7e, 0x80, 0x82,
  0x82, 0x80, 0x7f, 0x7e, 0x7e, 0x80, 0x82, 0x82, 0x80, 0x7f, 0x80, 0x80,
  0x7d, 0x7c, 0x7d, 0x80, 0x82, 0x82, 0x80, 0x7f, 0x7e, 0x7e, 0x80, 0x82,
  0x82, 0x80, 0x7f, 0x80, 0x80, 0x7e, 0x7c, 0x7c, 0x7f, 0x82, 0x83, 0x81,
  0x7f, 0x7d, 0x7d, 0x80, 0x83, 0x83, 0x80, 0x7e, 0x7f, 0x81, 0x80, 0x7d,
  0x7c, 0x7d, 0x81, 0x83, 0x82, 0x80, 0x7d, 0x7d, 0x7f, 0x82, 0x84, 0x81,
  0x7f, 0x7e, 0x80, 0x80, 0x7e, 0x7c, 0x7d, 0x7f, 0x82, 0x82, 0x81, 0x7e,
  0x7d, 0x7e, 0x81, 0x83, 0x82, 0x80, 0x7f, 0x7f, 0x7f, 0x7e, 0x7d, 0x7d,
  0x7f, 0x81, 0x81, 0x80, 0x7f, 0x7e, 0x7f, 0x81, 0x82, 0x82, 0x80, 0x80,
  0x80, 0x7f, 0x7d, 0x7b, 0x7d, 0x81, 0x82, 0x81, 0x7f, 0x7d, 0x7d, 0x80,
  0x82, 0x83, 0x81, 0x7f, 0x7f, 0x81, 0x82, 0x7f, 0x7b, 0x7a, 0x7e, 0x83,
  0x84, 0x81, 0x7d, 0x7c, 0x7e, 0x82, 0x84, 0x83, 0x80, 0x7d, 0x7f, 0x81,
  0x82, 0x7e, 0x7a, 0x7b, 0x7f, 0x83, 0x83, 0x7f, 0x7c, 0x7d, 0x7f, 0x83,
  0x84, 0x82, 0x7f, 0x7d, 0x7f, 0x82, 0x82, 0x7e, 0x7a, 0x7b, 0x7f, 0x83,
  0x82, 0x7f, 0x7d, 0x7d, 0x80, 0x83, 0x84, 0x82, 0x7f, 0x7d, 0x80, 0x83,
  0x81, 0x7c, 0x79, 0x7b, 0x81, 0x84, 0x82, 0x7f, 0x7d, 0x7e, 0x80, 0x82,
  0x84, 0x82, 0x7e, 0x7e, 0x81, 0x83, 0x7f, 0x79, 0x78, 0x7d, 0x83, 0x85,
  0x83, 0x7f, 0x7c, 0x7c, 0x7f, 0x83, 0x85, 0x81, 0x7e, 0x7f, 0x82, 0x81,
  0x7c, 0x78, 0x7a, 0x7f, 0x84, 0x84, 0x82, 0x7e, 0x7c, 0x7d, 0x81, 0x84,
  0x83, 0x81, 0x81, 0x81, 0x80, 0x7c, 0x79, 0x7a, 0x7e, 0x83, 0x84, 0x82,
  0x7f, 0x7d, 0x7d, 0x7f, 0x82, 0x83, 0x82, 0x82, 0x83, 0x81, 0x7c, 0x77,
  0x78, 0x7e, 0x83, 0x85, 0x82, 0x7f, 0x7d, 0x7d, 0x7f, 0x81, 0x82, 0x81,
  0x82, 0x84, 0x83, 0x7d, 0x77, 0x76, 0x7c, 0x84, 0x87, 0x84, 0x7f, 0x7b,
  0x7b, 0x7e, 0x81, 0x83, 0x82, 0x82, 0x83, 0x83, 0x7f, 0x78, 0x76, 0x7b,
  0x83, 0x87, 0x85, 0x80, 0x7b, 0x7a, 0x7d, 0x81, 0x84, 0x83, 0x82, 0x82,
  0x83, 0x7f, 0x79, 0x76, 0x79, 0x82, 0x87, 0x87, 0x81, 0x7b, 0x79, 0x7b,
  0x81, 0x85, 0x85, 0x82, 0x80, 0x81, 0x80, 0x7d, 0x78, 0x78, 0x7e, 0x85,
  0x87, 0x83, 0x7d, 0x79, 0x7a, 0x7e, 0x84, 0x87, 0x84, 0x80, 0x7e, 0x7f,
  0x80, 0x7d, 0x7a, 0x7b, 0x7f, 0x84, 0x85, 0x81, 0x7c, 0x7a, 0x7c, 0x81,
  0x85, 0x86, 0x83, 0x7d, 0x7c, 0x7f, 0x81, 0x80, 0x7c, 0x7b, 0x7d, 0x81,
  0x83, 0x81, 0x7e, 0x7c, 0x7d, 0x81, 0x85, 0x85, 0x81, 0x7c, 0x7c, 0x7f,
  0x82, 0x81, 0x7d, 0x7b, 0x7c, 0x80, 0x83, 0x83, 0x7f, 0x7d, 0x7d, 0x80,
  0x84, 0x84, 0x81, 0x7d, 0x7c, 0x7f, 0x83, 0x82, 0x7e, 0x7b, 0x7a, 0x7e,
  0x83, 0x84, 0x81, 0x7e, 0x7d, 0x7f, 0x82, 0x84, 0x82, 0x7d, 0x7b, 0x7e,
  0x82, 0x83, 0x80, 0x7b, 0x79, 0x7d, 0x82, 0x85, 0x83, 0x7f, 0x7d, 0x7e,
  0x81, 0x84, 0x83, 0x7e, 0x7b, 0x7d, 0x82, 0x83, 0x80, 0x7b, 0x7a, 0x7d,
  0x82, 0x85, 0x83, 0x7f, 0x7d, 0x7d, 0x81, 0x83, 0x82, 0x7e, 0x7c, 0x7e,
  0x81, 0x82, 0x7f, 0x7c, 0x7c, 0x7f, 0x82, 0x83, 0x82, 0x7f, 0x7e, 0x7f,
  0x81, 0x82, 0x81, 0x7e, 0x7d, 0x7e, 0x80, 0x80, 0x7e, 0x7d, 0x7d, 0x80,
  0x83, 0x82, 0x80, 0x7f, 0x7f, 0x80, 0x82, 0x81, 0x7f, 0x7d, 0x7e, 0x80,
  0x80, 0x7e, 0x7c, 0x7c, 0x7f, 0x82, 0x83, 0x82, 0x80, 0x7f, 0x80, 0x82,
  0x82, 0x81, 0x7e, 0x7c, 0x7e, 0x80, 0x80, 0x7d, 0x7c, 0x7d, 0x80, 0x82,
  0x83, 0x81, 0x7f, 0x7f, 0x80, 0x82, 0x83, 0x81, 0x7e, 0x7d, 0x7f, 0x80,
  0x7f, 0x7d, 0x7c, 0x7d, 0x80, 0x82, 0x82, 0x80, 0x7f, 0x80, 0x81, 0x83,
  0x82, 0x80, 0x7d, 0x7e, 0x80, 0x80, 0x7e, 0x7c, 0x7c, 0x7e, 0x81, 0x82,
  0x81, 0x80, 0x7f, 0x80, 0x82, 0x82, 0x81, 0x7f, 0x7d, 0x7e, 0x80, 0x80,
  0x7d, 0x7c, 0x7c, 0x7f, 0x82, 0x82, 0x81, 0x7f, 0x7f, 0x80, 0x82, 0x83,
  0x82, 0x7f, 0x7d, 0x7f, 0x80, 0x80, 0x7d, 0x7c, 0x7c, 0x7f, 0x82, 0x82,
  0x81, 0x7f, 0x7f, 0x7f, 0x81, 0x83, 0x82, 0x7f, 0x7d, 0x7e, 0x80, 0x7f,
  0x7e, 0x7d, 0x7d, 0x7f, 0x81, 0x82, 0x81, 0x80, 0x7f, 0x7f, 0x81, 0x83,
  0x82, 0x7e, 0x7d, 0x7e, 0x80, 0x7f, 0x7d, 0x7c, 0x7d, 0x80, 0x82, 0x82,
  0x81, 0x7f, 0x7e, 0x80, 0x82, 0x83, 0x81, 0x7e, 0x7d, 0x7f, 0x80, 0x7f,
  0x7d, 0x7c, 0x7d, 0x80, 0x82, 0x82, 0x81, 0x7f, 0x7e, 0x80, 0x82, 0x83,
  0x81, 0x7e, 0x7d, 0x7f, 0x80, 0x7e, 0x7d, 0x7c, 0x7e, 0x81, 0x82, 0x82,
  0x80, 0x7f, 0x7e, 0x80, 0x83, 0x83, 0x80, 0x7e, 0x7d, 0x7f, 0x80, 0x7e,
  0x7d, 0x7d, 0x7f, 0x81, 0x82, 0x81, 0x80, 0x7e, 0x7f, 0x81, 0x83, 0x83,
  0x80, 0x7e, 0x7e, 0x7f, 0x7f, 0x7e, 0x7d, 0x7d, 0x7f, 0x81, 0x82, 0x81,
  0x7f, 0x7e, 0x7f, 0x81, 0x83, 0x82, 0x7f, 0x7e, 0x7e, 0x80, 0x7f, 0x7d,
  0x7d, 0x7e, 0x80, 0x81, 0x82, 0x80, 0x7f, 0x7e, 0x7f, 0x82, 0x83, 0x82,
  0x7f, 0x7d, 0x7f, 0x7f, 0x7e, 0x7d, 0x7d, 0x7f, 0x81, 0x82, 0x81, 0x80,
  0x7f, 0x7e, 0x80, 0x82, 0x83, 0x81, 0x7e, 0x7e, 0x7f, 0x7f, 0x7e, 0x7c,
  0x7d, 0x7f, 0x81, 0x82, 0x81, 0x7f, 0x7e, 0x7e, 0x80, 0x83, 0x83, 0x80,
  0x7e, 0x7e, 0x7f, 0x7f, 0x7d, 0x7c, 0x7e, 0x80, 0x82, 0x82, 0x80, 0x7e,
  0x7e, 0x7f, 0x81, 0x84, 0x83, 0x80, 0x7d, 0x7e, 0x80, 0x7f, 0x7c, 0x7c,
  0x7e, 0x82, 0x83, 0x81, 0x7f, 0x7e, 0x7e, 0x7f, 0x82, 0x84, 0x82, 0x7e,
  0x7d, 0x7f, 0x80, 0x7e, 0x7c, 0x7c, 0x80, 0x82, 0x82, 0x80, 0x7e, 0x7d,
  0x7e, 0x80, 0x84, 0x85, 0x81, 0x7d, 0x7d, 0x80, 0x80, 0x7d, 0x7b, 0x7d,
  0x81, 0x83, 0x82, 0x7f, 0x7d, 0x7d, 0x7e, 0x82, 0x85, 0x84, 0x7f, 0x7d,
  0x7e, 0x80, 0x7f, 0x7c, 0x7c, 0x7f, 0x83, 0x83, 0x81, 0x7e, 0x7c, 0x7d,
  0x7f, 0x83, 0x85, 0x82, 0x7e, 0x7d, 0x7f, 0x7f, 0x7d, 0x7b, 0x7e, 0x82,
  0x84, 0x82, 0x7f, 0x7c, 0x7b, 0x7d, 0x82, 0x86, 0x85, 0x80, 0x7d, 0x7e,
  0x7f, 0x7e, 0x7c, 0x7d, 0x81, 0x84, 0x83, 0x80, 0x7d, 0x7b, 0x7c, 0x80,
  0x85, 0x87, 0x83, 0x7d, 0x7b, 0x7d, 0x7e, 0x7d, 0x7c, 0x80, 0x84, 0x84,
  0x81, 0x7d, 0x7b, 0x7b, 0x7e, 0x84, 0x88, 0x85, 0x7f, 0x7b, 0x7b, 0x7e,
  0x7e, 0x7d, 0x7f, 0x83, 0x84, 0x81, 0x7d, 0x7b, 0x7b, 0x7d, 0x82, 0x87,
  0x87, 0x81, 0x7a, 0x79, 0x7d, 0x7f, 0x7e, 0x7f, 0x82, 0x84, 0x82, 0x7e,
  0x7b, 0x7b, 0x7d, 0x81, 0x86, 0x88, 0x82, 0x7b, 0x79, 0x7c, 0x7f, 0x7f,
  0x7f, 0x82, 0x84, 0x83, 0x7e, 0x7c, 0x7c, 0x7d, 0x80, 0x85, 0x87, 0x83,
  0x7c, 0x78, 0x7a, 0x7e, 0x7f, 0x80, 0x82, 0x85, 0x83, 0x7e, 0x7c, 0x7c,
  0x7e, 0x80, 0x84, 0x87, 0x85, 0x7e, 0x78, 0x79, 0x7d, 0x7f, 0x80, 0x83,
  0x86, 0x85, 0x7e, 0x7a, 0x7c, 0x7f, 0x80, 0x83, 0x86, 0x85, 0x7f, 0x79,
  0x78, 0x7c, 0x7e, 0x7e, 0x81, 0x86, 0x87, 0x80, 0x7a, 0x7a, 0x7e, 0x81,
  0x83, 0x86, 0x86, 0x81, 0x7a, 0x77, 0x7a, 0x7e, 0x7e, 0x7f, 0x84, 0x88,
  0x84, 0x7c, 0x78, 0x7c, 0x80, 0x83, 0x84, 0x86, 0x84, 0x7d, 0x77, 0x79,
  0x7d, 0x7f, 0x7e, 0x80, 0x85, 0x87, 0x81, 0x7a, 0x79, 0x7e, 0x82, 0x83,
  0x84, 0x85, 0x81, 0x7b, 0x78, 0x7b, 0x7f, 0x7f, 0x7d, 0x80, 0x85, 0x86,
  0x80, 0x7b, 0x7c, 0x7f, 0x81, 0x82, 0x84, 0x85, 0x81, 0x7c, 0x7a, 0x7c,
  0x7e, 0x7d, 0x7c, 0x80, 0x86, 0x87, 0x82, 0x7d, 0x7b, 0x7c, 0x7e, 0x81,
  0x85, 0x86, 0x83, 0x7c, 0x78, 0x79, 0x7c, 0x7d, 0x7f, 0x85, 0x8a, 0x87,
  0x7f, 0x78, 0x78, 0x7c, 0x80, 0x85, 0x88, 0x86, 0x7f, 0x77, 0x74, 0x77,
  0x7d, 0x83, 0x89, 0x8a, 0x85, 0x7d, 0x78, 0x78, 0x7c, 0x81, 0x87, 0x88,
  0x84, 0x7c, 0x78, 0x76, 0x78, 0x7f, 0x88, 0x8c, 0x87, 0x7d, 0x77, 0x78,
  0x7c, 0x80, 0x84, 0x87, 0x86, 0x7f, 0x78, 0x77, 0x7a, 0x7f, 0x85, 0x8a,
  0x8a, 0x81, 0x77, 0x75, 0x7a, 0x80, 0x84, 0x86, 0x85, 0x7f, 0x77, 0x76,
  0x7b, 0x81, 0x87, 0x8a, 0x8b, 0x84, 0x79, 0x72, 0x74, 0x7c, 0x83, 0x88,
  0x88, 0x83, 0x7a, 0x75, 0x77, 0x7d, 0x84, 0x8a, 0x8d, 0x8a, 0x7f, 0x75,
  0x71, 0x75, 0x7c, 0x84, 0x89, 0x88, 0x81, 0x79, 0x76, 0x7a, 0x7f, 0x84,
  0x89, 0x8c, 0x89, 0x7f, 0x75, 0x72, 0x76, 0x7d, 0x83, 0x87, 0x87, 0x82,
  0x7b, 0x78, 0x7b, 0x7f, 0x83, 0x87, 0x8a, 0x87, 0x7e, 0x76, 0x74, 0x79,
  0x7f, 0x82, 0x83, 0x83, 0x82, 0x80, 0x7c, 0x7b, 0x7c, 0x81, 0x86, 0x88,
  0x85, 0x7f, 0x7a, 0x79, 0x7b, 0x7d, 0x80, 0x81, 0x80, 0x80, 0x81, 0x81,
  0x80, 0x7f, 0x7e, 0x7f, 0x81, 0x82, 0x83, 0x82, 0x80, 0x7e, 0x7d, 0x7d,
  0x7e, 0x7d, 0x7d, 0x7e, 0x81, 0x85, 0x85, 0x80, 0x7c, 0x7b, 0x7e, 0x81,
  0x83, 0x84, 0x84, 0x82, 0x7e, 0x7b, 0x7a, 0x7b, 0x7d, 0x7e, 0x80, 0x83,
  0x86, 0x83, 0x7d, 0x79, 0x7b, 0x80, 0x85, 0x85, 0x84, 0x81, 0x7f, 0x7d,
  0x7b, 0x7a, 0x7c, 0x7f, 0x80, 0x80, 0x81, 0x84, 0x83, 0x7e, 0x7a, 0x7d,
  0x83, 0x87, 0x85, 0x80, 0x7e, 0x7e, 0x7d, 0x7c, 0x7b, 0x7d, 0x7f, 0x80,
  0x7f, 0x81, 0x83, 0x82, 0x7f, 0x7d, 0x7e, 0x83, 0x85, 0x83, 0x7f, 0x7c,
  0x7e, 0x7f, 0x7e, 0x7c, 0x7d, 0x7f, 0x7f, 0x7f, 0x80, 0x83, 0x83, 0x80,
  0x7d, 0x7e, 0x82, 0x84, 0x82, 0x7f, 0x7d, 0x7f, 0x80, 0x7e, 0x7c, 0x7c,
  0x7d, 0x7e, 0x80, 0x82, 0x84, 0x83, 0x7f, 0x7c, 0x7d, 0x82, 0x84, 0x82,
  0x80, 0x7f, 0x80, 0x7f, 0x7c, 0x7a, 0x7c, 0x7e, 0x80, 0x82, 0x84, 0x84,
  0x80, 0x7c, 0x7b, 0x7f, 0x84, 0x85, 0x82, 0x7f, 0x7e, 0x7e, 0x7c, 0x7b,
  0x7c, 0x7f, 0x80, 0x81, 0x83, 0x84, 0x82, 0x7d, 0x7b, 0x7e, 0x83, 0x86,
  0x84, 0x7f, 0x7d, 0x7e, 0x7d, 0x7c, 0x7c, 0x7e, 0x7f, 0x7f, 0x81, 0x83,
  0x83, 0x80, 0x7c, 0x7c, 0x80, 0x84, 0x84, 0x81, 0x7f, 0x7f, 0x7f, 0x7e,
  0x7c, 0x7d, 0x7e, 0x7f, 0x80, 0x82, 0x83, 0x81, 0x7d, 0x7b, 0x7e, 0x82,
  0x84, 0x83, 0x81, 0x80, 0x7f, 0x7e, 0x7c, 0x7c, 0x7d, 0x7e, 0x7f, 0x81,
  0x84, 0x83, 0x7f, 0x7b, 0x7c, 0x81, 0x84, 0x84, 0x82, 0x81, 0x80, 0x7d,
  0x7c, 0x7c, 0x7d, 0x7e, 0x7e, 0x80, 0x83, 0x84, 0x80, 0x7b, 0x7b, 0x7f,
  0x83, 0x84, 0x83, 0x82, 0x81, 0x7e, 0x7c, 0x7b, 0x7c, 0x7e, 0x7e, 0x80,
  0x83, 0x84, 0x80, 0x7c, 0x7a, 0x7e, 0x83, 0x85, 0x84, 0x83, 0x82, 0x7f,
  0x7b, 0x7a, 0x7b, 0x7d, 0x7f, 0x81, 0x83, 0x83, 0x7f, 0x7b, 0x7a, 0x7e,
  0x83, 0x86, 0x85, 0x84, 0x82, 0x7f, 0x7b, 0x79, 0x7b, 0x7d, 0x7f, 0x82,
  0x84, 0x82, 0x7e, 0x7a, 0x7a, 0x7f, 0x84, 0x87, 0x86, 0x84, 0x81, 0x7d,
  0x7a, 0x79, 0x7b, 0x7e, 0x81, 0x83, 0x84, 0x80, 0x7a, 0x78, 0x7b, 0x82,
  0x87, 0x89, 0x87, 0x84, 0x7f, 0x7a, 0x78, 0x7a, 0x7e, 0x80, 0x82, 0x83,
  0x81, 0x7c, 0x77, 0x77, 0x7d, 0x85, 0x8a, 0x89, 0x86, 0x81, 0x7b, 0x77,
  0x79, 0x7d, 0x82, 0x83, 0x82, 0x80, 0x7d, 0x78, 0x75, 0x79, 0x83, 0x8a,
  0x8c, 0x89, 0x83, 0x7d, 0x78, 0x77, 0x7c, 0x83, 0x86, 0x84, 0x80, 0x7c,
  0x78, 0x75, 0x76, 0x7e, 0x88, 0x8e, 0x8c, 0x86, 0x7f, 0x79, 0x76, 0x79,
  0x81, 0x88, 0x88, 0x82, 0x7d, 0x78, 0x75, 0x74, 0x78, 0x82, 0x8b, 0x8e,
  0x8a, 0x82, 0x7b, 0x76, 0x77, 0x7d, 0x86, 0x8b, 0x87, 0x80, 0x79, 0x75,
  0x73, 0x75, 0x7d, 0x87, 0x8e, 0x8e, 0x87, 0x7e, 0x77, 0x74, 0x78, 0x82,
  0x8b, 0x8c, 0x86, 0x7d, 0x75, 0x72, 0x72, 0x77, 0x80, 0x89, 0x8e, 0x8d,
  0x85, 0x7b, 0x74, 0x74, 0x7c, 0x87, 0x8d, 0x8c, 0x84, 0x7b, 0x73, 0x70,
  0x73, 0x7a, 0x83, 0x8b, 0x8e, 0x8a, 0x81, 0x77, 0x72, 0x76, 0x81, 0x8b,
  0x8f, 0x8b, 0x81, 0x77, 0x70, 0x70, 0x75, 0x7e, 0x87, 0x8d, 0x8d, 0x86,
  0x7c, 0x74, 0x74, 0x7b, 0x86, 0x8e, 0x8f, 0x88, 0x7d, 0x73, 0x70, 0x72,
  0x79, 0x81, 0x89, 0x8c, 0x89, 0x80, 0x77, 0x74, 0x77, 0x80, 0x8a, 0x90,
  0x8d, 0x84, 0x79, 0x72, 0x71, 0x75, 0x7b, 0x83, 0x89, 0x8b, 0x86, 0x7d,
  0x76, 0x75, 0x7b, 0x84, 0x8c, 0x90, 0x8b, 0x81, 0x77, 0x72, 0x73, 0x77,
  0x7e, 0x84, 0x88, 0x87, 0x81, 0x7a, 0x76, 0x78, 0x7e, 0x87, 0x8e, 0x8e,
  0x87, 0x7e, 0x76, 0x73, 0x75, 0x7a, 0x7f, 0x85, 0x87, 0x85, 0x7f, 0x79,
  0x77, 0x79, 0x80, 0x88, 0x8d, 0x8c, 0x85, 0x7d, 0x77, 0x75, 0x78, 0x7c,
  0x80, 0x83, 0x84, 0x82, 0x7d, 0x79, 0x79, 0x7c, 0x83, 0x8a, 0x8c, 0x8a,
  0x83, 0x7c, 0x77, 0x77, 0x7a, 0x7d, 0x80, 0x82, 0x82, 0x80, 0x7d, 0x7a,
  0x7a, 0x7d, 0x83, 0x89, 0x8b, 0x89, 0x82, 0x7c, 0x78, 0x79, 0x7b, 0x7d,
  0x7f, 0x81, 0x81, 0x7f, 0x7d, 0x7b, 0x7b, 0x7e, 0x83, 0x89, 0x8b, 0x88,
  0x82, 0x7d, 0x79, 0x79, 0x7a, 0x7d, 0x7f, 0x81, 0x81, 0x7f, 0x7c, 0x7a,
  0x7a, 0x7d, 0x84, 0x8a, 0x8b, 0x88, 0x83, 0x7d, 0x79, 0x78, 0x7a, 0x7d,
  0x80, 0x82, 0x82, 0x7f, 0x7b, 0x79, 0x7a, 0x7e, 0x85, 0x8a, 0x8b, 0x88,
  0x82, 0x7b, 0x78, 0x78, 0x7a, 0x7e, 0x82, 0x83, 0x82, 0x7d, 0x79, 0x77,
  0x7a, 0x80, 0x87, 0x8c, 0x8c, 0x87, 0x80, 0x79, 0x77, 0x78, 0x7c, 0x80,
  0x84, 0x84, 0x81, 0x7b, 0x76, 0x76, 0x7a, 0x81, 0x89, 0x8d, 0x8c, 0x85,
  0x7e, 0x78, 0x77, 0x7a, 0x7e, 0x83, 0x84, 0x83, 0x7e, 0x79, 0x75, 0x76,
  0x7c, 0x84, 0x8b, 0x8d, 0x8a, 0x83, 0x7b, 0x78, 0x78, 0x7c, 0x81, 0x84,
  0x84, 0x81, 0x7c, 0x77, 0x75, 0x77, 0x7d, 0x85, 0x8b, 0x8b, 0x88, 0x81,
  0x7c, 0x7a, 0x7b, 0x7e, 0x82, 0x83, 0x82, 0x7f, 0x7b, 0x78, 0x77, 0x7a,
  0x7e, 0x85, 0x89, 0x89, 0x86, 0x81, 0x7d, 0x7c, 0x7d, 0x80, 0x81, 0x82,
  0x80, 0x7e, 0x7c, 0x7a, 0x79, 0x7b, 0x7e, 0x82, 0x86, 0x87, 0x86, 0x83,
  0x80, 0x7e, 0x7e, 0x7e, 0x7f, 0x7f, 0x7f, 0x7e, 0x7e, 0x7d, 0x7c, 0x7b,
  0x7c, 0x7f, 0x83, 0x86, 0x86, 0x86, 0x83, 0x80, 0x7d, 0x7c, 0x7c, 0x7e,
  0x7f, 0x80, 0x80, 0x7f, 0x7d, 0x7a, 0x79, 0x7c, 0x81, 0x86, 0x89, 0x88,
  0x85, 0x80, 0x7c, 0x7a, 0x7b, 0x7d, 0x80, 0x82, 0x82, 0x80, 0x7d, 0x79,
  0x78, 0x7a, 0x80, 0x86, 0x8a, 0x89, 0x86, 0x7f, 0x7a, 0x78, 0x7a, 0x7e,
  0x82, 0x84, 0x83, 0x7f, 0x7b, 0x78, 0x77, 0x7a, 0x80, 0x87, 0x8a, 0x8a,
  0x85, 0x7f, 0x7a, 0x78, 0x7b, 0x7f, 0x83, 0x84, 0x82, 0x7f, 0x7a, 0x78,
  0x78, 0x7a, 0x80, 0x86, 0x89, 0x89, 0x85, 0x7f, 0x7b, 0x7a, 0x7c, 0x7f,
  0x82, 0x83, 0x81, 0x7e, 0x7b, 0x79, 0x79, 0x7b, 0x80, 0x84, 0x88, 0x87,
  0x85, 0x81, 0x7d, 0x7b, 0x7c, 0x7f, 0x81, 0x82, 0x81, 0x7f, 0x7c, 0x7b,
  0x7a, 0x7b, 0x7e, 0x82, 0x85, 0x87, 0x85, 0x83, 0x7f, 0x7d, 0x7c, 0x7e,
  0x80, 0x81, 0x81, 0x80, 0x7e, 0x7c, 0x7b, 0x7b, 0x7c, 0x7f, 0x84, 0x86,
  0x87, 0x85, 0x81, 0x7e, 0x7d, 0x7d, 0x7e, 0x80, 0x81, 0x80, 0x7e, 0x7c,
  0x7a, 0x7a, 0x7b, 0x7d, 0x81, 0x85, 0x87, 0x86, 0x83, 0x80, 0x7d, 0x7d,
  0x7e, 0x80, 0x81, 0x80, 0x7f, 0x7d, 0x7b, 0x7a, 0x7a, 0x7c, 0x7f, 0x83,
  0x86, 0x87, 0x84, 0x81, 0x7f, 0x7e, 0x7e, 0x80, 0x81, 0x81, 0x7f, 0x7d,
  0x7b, 0x7a, 0x7a, 0x7c, 0x7e, 0x81, 0x83, 0x85, 0x85, 0x84, 0x82, 0x80,
  0x7f, 0x7f, 0x80, 0x80, 0x7f, 0x7e, 0x7c, 0x7c, 0x7b, 0x7b, 0x7c, 0x7e,
  0x80, 0x82, 0x85, 0x85, 0x84, 0x83, 0x81, 0x7f, 0x7f, 0x7f, 0x7f, 0x7f,
  0x7f, 0x7e, 0x7d, 0x7c, 0x7b, 0x7b, 0x7c, 0x7f, 0x83, 0x86, 0x87, 0x86,
  0x82, 0x7f, 0x7d, 0x7d, 0x7e, 0x7f, 0x80, 0x80, 0x7f, 0x7d, 0x7a, 0x79,
  0x7a, 0x7d, 0x82, 0x86, 0x89, 0x87, 0x83, 0x7f, 0x7c, 0x7b, 0x7d, 0x80,
  0x82, 0x82, 0x81, 0x7d, 0x7a, 0x78, 0x79, 0x7c, 0x81, 0x86, 0x89, 0x88,
  0x84, 0x7f, 0x7b, 0x7b, 0x7d, 0x80, 0x82, 0x83, 0x81, 0x7e, 0x7a, 0x78,
  0x78, 0x7b, 0x80, 0x85, 0x89, 0x88, 0x85, 0x80, 0x7c, 0x7b, 0x7d, 0x80,
  0x82, 0x83, 0x82, 0x7e, 0x7b, 0x78, 0x78, 0x7b, 0x7f, 0x84, 0x88, 0x88,
  0x85, 0x81, 0x7d, 0x7b, 0x7c, 0x7f, 0x82, 0x82, 0x81, 0x7f, 0x7c, 0x79,
  0x79, 0x7b, 0x7e, 0x83, 0x87, 0x88, 0x86, 0x82, 0x7e, 0x7c, 0x7c, 0x7e,
  0x81, 0x82, 0x81, 0x7f, 0x7c, 0x7a, 0x79, 0x7a, 0x7d, 0x81, 0x85, 0x88,
  0x87, 0x84, 0x80, 0x7d, 0x7c, 0x7d, 0x7f, 0x81, 0x81, 0x80, 0x7d, 0x7b,
  0x79, 0x7a, 0x7c, 0x7f, 0x84, 0x87, 0x87, 0x85, 0x81, 0x7e, 0x7c, 0x7d,
  0x7e, 0x80, 0x81, 0x80, 0x7e, 0x7c, 0x7a, 0x7a, 0x7b, 0x7e, 0x82, 0x86,
  0x87, 0x86, 0x83, 0x7f, 0x7d, 0x7c, 0x7e, 0x7f, 0x80, 0x80, 0x7f, 0x7d,
  0x7b, 0x7a, 0x7b, 0x7d, 0x81, 0x84, 0x86, 0x86, 0x84, 0x81, 0x7f, 0x7e,
  0x7e, 0x7e, 0x7f, 0x7f, 0x7e, 0x7d, 0x7c, 0x7c, 0x7c, 0x7d, 0x7f, 0x81,
  0x84, 0x85, 0x85, 0x84, 0x81, 0x7f, 0x7d, 0x7d, 0x7d, 0x7e, 0x7e, 0x7e,
  0x7e, 0x7e, 0x7d, 0x7d, 0x7d, 0x7f, 0x81, 0x84, 0x85, 0x85, 0x84, 0x82,
  0x7f, 0x7d, 0x7c, 0x7c, 0x7d, 0x7e, 0x7f, 0x7f, 0x7e, 0x7d, 0x7d, 0x7d,
  0x7f, 0x81, 0x84, 0x86, 0x86, 0x84, 0x81, 0x7e, 0x7c, 0x7c, 0x7d, 0x7e,
  0x7f, 0x80, 0x7f, 0x7d, 0x7c, 0x7c, 0x7d, 0x7f, 0x83, 0x85, 0x86, 0x85,
  0x82, 0x7f, 0x7d, 0x7d, 0x7d, 0x7f, 0x80, 0x80, 0x7f, 0x7e, 0x7c, 0x7b,
  0x7c, 0x7e, 0x80, 0x83, 0x85, 0x85, 0x83, 0x81, 0x80, 0x7f, 0x7f, 0x7f,
  0x7f, 0x7f, 0x7e, 0x7d, 0x7d, 0x7c, 0x7d, 0x7d, 0x7e, 0x80, 0x81, 0x83,
  0x84, 0x84, 0x83, 0x82, 0x81, 0x7f, 0x7d, 0x7d, 0x7d, 0x7e, 0x7f, 0x7f,
  0x7e, 0x7d, 0x7b, 0x7b, 0x7e, 0x81, 0x85, 0x87, 0x86, 0x84, 0x80, 0x7d,
  0x7b, 0x7c, 0x7f, 0x81, 0x82, 0x81, 0x7e, 0x7a, 0x78, 0x79, 0x7d, 0x83,
  0x87, 0x88, 0x86, 0x82, 0x7e, 0x7b, 0x7b, 0x7d, 0x80, 0x83, 0x83, 0x80,
  0x7d, 0x79, 0x78, 0x7a, 0x7f, 0x84, 0x87, 0x87, 0x85, 0x81, 0x7d, 0x7b,
  0x7c, 0x7e, 0x81, 0x83, 0x83, 0x80, 0x7c, 0x79, 0x79, 0x7a, 0x7f, 0x84,
  0x87, 0x88, 0x85, 0x81, 0x7d, 0x7b, 0x7b, 0x7e, 0x81, 0x83, 0x82, 0x80,
  0x7d, 0x7a, 0x79, 0x7a, 0x7d, 0x82, 0x86, 0x88, 0x87, 0x83, 0x7f, 0x7c,
  0x7b, 0x7d, 0x7f, 0x81, 0x82, 0x81, 0x7e, 0x7b, 0x79, 0x79, 0x7b, 0x7f,
  0x83, 0x86, 0x87, 0x86, 0x84, 0x81, 0x7e, 0x7d, 0x7d, 0x7f, 0x80, 0x80,
  0x7f, 0x7d, 0x7c, 0x7b, 0x7b, 0x7c, 0x7e, 0x81, 0x83, 0x85, 0x86, 0x85,
  0x84, 0x81, 0x7f, 0x7e, 0x7d, 0x7d, 0x7e, 0x7e, 0x7d, 0x7d, 0x7d, 0x7c,
  0x7d, 0x7e, 0x7f, 0x81, 0x83, 0x85, 0x86, 0x85, 0x84, 0x81, 0x7f, 0x7d,
  0x7c, 0x7c, 0x7c, 0x7d, 0x7d, 0x7e, 0x7e, 0x7e, 0x7e, 0x7f, 0x7f, 0x80,
  0x82, 0x84, 0x85, 0x85, 0x84, 0x82, 0x7f, 0x7c, 0x7a, 0x7a, 0x7b, 0x7c,
  0x7e, 0x80, 0x81, 0x81, 0x80, 0x7f, 0x7e, 0x7e, 0x81, 0x84, 0x86, 0x87,
  0x86, 0x82, 0x7d, 0x79, 0x77, 0x78, 0x7b, 0x7f, 0x82, 0x83, 0x82, 0x7f,
  0x7d, 0x7c, 0x7d, 0x7f, 0x83, 0x87, 0x88, 0x86, 0x82, 0x7d, 0x7a, 0x79,
  0x7a, 0x7d, 0x80, 0x82, 0x81, 0x7f, 0x7d, 0x7c, 0x7d, 0x7f, 0x82, 0x84,
  0x84, 0x83, 0x81, 0x7f, 0x7f, 0x7f, 0x80, 0x81, 0x80, 0x7f, 0x7d, 0x7b,
  0x7b, 0x7c, 0x7f, 0x81, 0x83, 0x83, 0x82, 0x7f, 0x7d, 0x7c, 0x7e, 0x82,
  0x85, 0x86, 0x85, 0x81, 0x7d, 0x7a, 0x79, 0x7a, 0x7e, 0x81, 0x83, 0x83,
  0x81, 0x7f, 0x7d, 0x7c, 0x7d, 0x7f, 0x81, 0x83, 0x84, 0x84, 0x83, 0x81,
  0x7f, 0x7d, 0x7c, 0x7c, 0x7d, 0x7e, 0x7f, 0x80, 0x80, 0x80, 0x7f, 0x7e,
  0x7d, 0x7d, 0x7e, 0x80, 0x83, 0x86, 0x86, 0x84, 0x81, 0x7d, 0x7b, 0x7a,
  0x7c, 0x7f, 0x81, 0x82, 0x81, 0x7e, 0x7c, 0x7b, 0x7b, 0x7e, 0x81, 0x84,
  0x85, 0x85, 0x83, 0x80, 0x7e, 0x7e, 0x7e, 0x7f, 0x80, 0x80, 0x7f, 0x7d,
  0x7b, 0x7b, 0x7c, 0x7e, 0x81, 0x83, 0x83, 0x81, 0x7f, 0x7e, 0x7f, 0x81,
  0x83, 0x84, 0x84, 0x81, 0x7e, 0x7b, 0x7a, 0x7a, 0x7c, 0x7f, 0x81, 0x82,
  0x81, 0x80, 0x7e, 0x7d, 0x7e, 0x80, 0x83, 0x84, 0x84, 0x83, 0x80, 0x7e,
  0x7c, 0x7c, 0x7d, 0x7e, 0x7f, 0x7f, 0x7f, 0x7e, 0x7e, 0x7f, 0x80, 0x81,
  0x82, 0x81, 0x80, 0x7f, 0x7f, 0x80, 0x81, 0x81, 0x81, 0x80, 0x7e, 0x7d,
  0x7c, 0x7d, 0x7f, 0x81, 0x82, 0x82, 0x81, 0x7f, 0x7d, 0x7d, 0x7e, 0x80,
  0x81, 0x82, 0x82, 0x80, 0x7e, 0x7e, 0x7e, 0x80, 0x81, 0x82, 0x82, 0x81,
  0x7f, 0x7e, 0x7d, 0x7e, 0x7e, 0x7f, 0x7f, 0x7f, 0x7e, 0x7d, 0x7e, 0x7f,
  0x80, 0x81, 0x82, 0x82, 0x83, 0x83, 0x82, 0x81, 0x80, 0x7f, 0x7d, 0x7d,
  0x7d, 0x7d, 0x7e, 0x7f, 0x7e, 0x7e, 0x7d, 0x7d, 0x7e, 0x80, 0x82, 0x84,
  0x85, 0x85, 0x84, 0x81, 0x7f, 0x7d, 0x7c, 0x7d, 0x7e, 0x7f, 0x7f, 0x7e,
  0x7d, 0x7c, 0x7b, 0x7d, 0x7f, 0x82, 0x85, 0x86, 0x85, 0x83, 0x80, 0x7f,
  0x7e, 0x7f, 0x80, 0x81, 0x80, 0x7e, 0x7c, 0x7a, 0x7a, 0x7b, 0x7e, 0x80,
  0x83, 0x84, 0x84, 0x83, 0x81, 0x7f, 0x7e, 0x7f, 0x80, 0x82, 0x82, 0x82,
  0x80, 0x7d, 0x7a, 0x79, 0x7a, 0x7d, 0x80, 0x83, 0x84, 0x84, 0x82, 0x80,
  0x7e, 0x7e, 0x7e, 0x80, 0x81, 0x81, 0x81, 0x80, 0x7e, 0x7d, 0x7d, 0x7e,
  0x7f, 0x80, 0x81, 0x81, 0x81, 0x81, 0x80, 0x80, 0x7f, 0x7f, 0x7f, 0x7f,
  0x7f, 0x7e, 0x7e, 0x7f, 0x7f, 0x7f, 0x80, 0x80, 0x81, 0x82, 0x82, 0x82,
  0x81, 0x81, 0x80, 0x7f, 0x7f, 0x7e, 0x7e, 0x7e, 0x7e, 0x7d, 0x7d, 0x7d,
  0x7e, 0x7e, 0x80, 0x81, 0x82, 0x84, 0x84, 0x84, 0x82, 0x81, 0x80, 0x7e,
  0x7d, 0x7d, 0x7d, 0x7d, 0x7d, 0x7e, 0x7e, 0x7e, 0x7f, 0x7f, 0x80, 0x81,
  0x81, 0x82, 0x82, 0x82, 0x82, 0x81, 0x80, 0x7f, 0x7e, 0x7d, 0x7d, 0x7e,
  0x7e, 0x7f, 0x80, 0x80, 0x80, 0x80, 0x7f, 0x7f, 0x7f, 0x7f, 0x80, 0x81,
  0x81, 0x81, 0x80, 0x80, 0x7f, 0x7e, 0x7e, 0x7f, 0x80, 0x81, 0x81, 0x81,
  0x80, 0x7e, 0x7c, 0x7c, 0x7d, 0x7e, 0x7f, 0x80, 0x81, 0x81, 0x80, 0x80,
  0x7f, 0x80, 0x81, 0x81, 0x81, 0x81, 0x81, 0x80, 0x7f, 0x7e, 0x7e, 0x7d,
  0x7d, 0x7c, 0x7c, 0x7e, 0x80, 0x81, 0x81, 0x81, 0x81, 0x80, 0x80, 0x80,
  0x80, 0x81, 0x82, 0x82, 0x81, 0x7f, 0x7e, 0x7d, 0x7c, 0x7d, 0x7c, 0x7e,
  0x80, 0x80, 0x81, 0x80, 0x80, 0x80, 0x80, 0x81, 0x81, 0x81, 0x81, 0x80,
  0x80, 0x7f, 0x7e, 0x7e, 0x7d, 0x7d, 0x7e, 0x7e, 0x7f, 0x80, 0x80, 0x81,
  0x81, 0x81, 0x81, 0x80, 0x80, 0x80, 0x80, 0x7f, 0x7f, 0x7f, 0x7e, 0x7e,
  0x7e, 0x7e, 0x7f, 0x80, 0x80, 0x81, 0x81, 0x81, 0x81, 0x81, 0x80, 0x80,
  0x7f, 0x7f, 0x7e, 0x7e, 0x7e, 0x7e, 0x7f, 0x7f, 0x7f, 0x80, 0x80, 0x80,
  0x80, 0x80, 0x80, 0x81, 0x81, 0x81, 0x80, 0x80, 0x7f, 0x7f, 0x7f, 0x7f,
  0x7f, 0x7f, 0x7f, 0x7f, 0x7f, 0x7f, 0x7f, 0x7f, 0x80, 0x80, 0x80, 0x80,
  0x80, 0x80, 0x80, 0x80, 0x80, 0x7f, 0x7f, 0x7f, 0x7f, 0x7f, 0x7f, 0x7f,
  0x7f, 0x7f, 0x7f, 0x80, 0x80, 0x80, 0x80, 0x81, 0x81, 0x80, 0x80, 0x80,
  0x7f, 0x7f, 0x7f, 0x7e, 0x7e, 0x7f, 0x7f, 0x7f, 0x7f, 0x7f, 0x7f, 0x80,
  0x80, 0x80, 0x80, 0x81, 0x81, 0x80, 0x80, 0x80, 0x7f, 0x7f, 0x7f, 0x7e,
  0x7e, 0x7f, 0x7f, 0x7f, 0x7f, 0x80, 0x80, 0x80, 0x80, 0x80, 0x80, 0x80,
  0x80, 0x80, 0x7f, 0x7f, 0x7f, 0x7f, 0x7f, 0x7f, 0x7f, 0x7f, 0x80, 0x80,
  0x80, 0x80, 0x80, 0x80, 0x80, 0x80, 0x80, 0x80, 0x80, 0x7f, 0x7f, 0x7f,
  0x7f, 0x7f, 0x7f, 0x7f, 0x7f, 0x7f, 0x80, 0x80, 0x80, 0x80, 0x80, 0x80,
  0x80, 0x80, 0x80, 0x80, 0x80, 0x80, 0x7f, 0x7f, 0x7f, 0x7f, 0x7f, 0x7f,
  0x7f, 0x7f, 0x7f, 0x7f, 0x80, 0x80, 0x80, 0x80, 0x80, 0x80, 0x80, 0x80,
  0x80, 0x80, 0x80, 0x80, 0x7f, 0x7f, 0x7f, 0x7f, 0x7f, 0x7f, 0x7f, 0x7f,
  0x7f, 0x7f, 0x7f, 0x7f, 0x7f, 0x7f, 0x7f, 0x7f, 0x7f, 0x7f, 0x7f, 0x80,
  0x80, 0x80, 0x80, 0x80, 0x80, 0x80, 0x80, 0x80, 0x80, 0x80, 0x80, 0x80,
  0x7f, 0x7f, 0x7f, 0x7f, 0x7f, 0x7f, 0x7f, 0x7f, 0x7f, 0x7f, 0x7f, 0x7f,
  0x7f, 0x80, 0x80, 0x81, 0x81, 0x81, 0x81, 0x81, 0x81, 0x80, 0x80, 0x80,
  0x7f, 0x7e, 0x7d, 0x7d, 0x7d, 0x7d, 0x7e, 0x7f, 0x80, 0x80, 0x81, 0x81,
  0x81, 0x81, 0x81, 0x81, 0x81, 0x81, 0x80, 0x7f, 0x7e, 0x7e, 0x7e, 0x7e,
  0x7e, 0x7e, 0x7f, 0x7f, 0x80, 0x80, 0x80, 0x81, 0x81, 0x81, 0x80, 0x80,
  0x80, 0x80, 0x7f, 0x7f, 0x7f, 0x7f, 0x7f, 0x7f, 0x7f, 0x7f, 0x7f, 0x80,
  0x80, 0x80, 0x80, 0x80, 0x80, 0x80, 0x80, 0x80, 0x80, 0x80, 0x7f, 0x7f,
  0x7f, 0x7f, 0x7f, 0x7f, 0x7f, 0x7f, 0x7f, 0x7f, 0x7f, 0x80, 0x80, 0x80,
  0x80, 0x80, 0x80, 0x80, 0x80, 0x80, 0x80, 0x80, 0x80, 0x80, 0x7f, 0x7f,
  0x7f, 0x7f, 0x7f, 0x7f, 0x7f, 0x7f, 0x7f, 0x7f, 0x7f, 0x7f, 0x80, 0x80,
  0x80, 0x80, 0x80, 0x80, 0x80, 0x80, 0x7f, 0x7f, 0x7f, 0x7f, 0x7f, 0x7f,
  0x7f, 0x7f, 0x80, 0x80, 0x80, 0x80, 0x80, 0x80, 0x80, 0x80, 0x80, 0x80,
  0x80, 0x7f, 0x7f, 0x7f, 0x7f, 0x7f, 0x7f, 0x7f, 0x7f, 0x7f, 0x7f, 0x7f,
  0x80, 0x80, 0x81, 0x81, 0x81, 0x81, 0x81, 0x80, 0x80, 0x7f, 0x7f, 0x7e,
  0x7e, 0x7e, 0x7e, 0x7e, 0x7f, 0x7f, 0x80, 0x80, 0x80, 0x80, 0x80, 0x80,
  0x80, 0x80, 0x80, 0x80, 0x7f, 0x7f, 0x7f, 0x7f, 0x7f, 0x7f, 0x7f, 0x7f,
  0x7f, 0x7f, 0x80, 0x80, 0x80, 0x80, 0x80, 0x80, 0x80, 0x80, 0x80, 0x7f,
  0x7f, 0x7f, 0x7f, 0x7f, 0x7f, 0x7f, 0x7f, 0x7f, 0x80, 0x80, 0x80, 0x80,
  0x80, 0x80, 0x80, 0x80, 0x80, 0x80, 0x7f, 0x7f, 0x7f, 0x7f, 0x7f, 0x7f,
  0x7f, 0x7f, 0x7f, 0x7f, 0x7f, 0x7f, 0x80, 0x80, 0x80, 0x80, 0x80, 0x80,
  0x80, 0x80, 0x80, 0x80, 0x80, 0x7f, 0x7f, 0x7f, 0x7f, 0x7f, 0x7f, 0x7f,
  0x7f, 0x7f, 0x80, 0x80, 0x80, 0x80, 0x80, 0x80, 0x80, 0x80, 0x80, 0x7f,
  0x7f, 0x7f, 0x7f, 0x7f, 0x7f, 0x7f, 0x80, 0x80, 0x80, 0x80, 0x80, 0x80,
  0x80, 0x80, 0x80, 0x7f, 0x7f, 0x7f, 0x7f, 0x7f, 0x7f, 0x7f, 0x7f, 0x80,
  0x80, 0x80, 0x80, 0x7f, 0x7f, 0x7f, 0x80, 0x80, 0x80, 0x80, 0x80, 0x80,
  0x80, 0x80, 0x80, 0x80, 0x80, 0x7f, 0x7f, 0x7f, 0x7f, 0x7f, 0x7f, 0x7f,
  0x7f, 0x7f, 0x80, 0x80, 0x80, 0x80, 0x80, 0x80, 0x80, 0x80, 0x80, 0x80,
  0x80, 0x7f, 0x7f, 0x7f, 0x7f, 0x7f, 0x7f, 0x7f, 0x7f, 0x7f, 0x7f, 0x80,
  0x80, 0x80, 0x80, 0x80, 0x80, 0x80, 0x80, 0x80, 0x80, 0x80, 0x80, 0x80,
  0x80, 0x80, 0x80, 0x80, 0x80, 0x80, 0x80, 0x80, 0x7f, 0x7f, 0x7f, 0x7f,
  0x7f, 0x7f, 0x7f, 0x7f, 0x7f, 0x80, 0x80, 0x80, 0x80, 0x80, 0x80, 0x80,
  0x80, 0x80, 0x80, 0x80, 0x80, 0x80, 0x80, 0x80, 0x80, 0x80, 0x7f, 0x7f,
  0x7f, 0x7f, 0x7f, 0x7f, 0x7f, 0x7f, 0x7f, 0x7f, 0x7f, 0x7f, 0x7f, 0x80,
  0x80, 0x80, 0x80, 0x80, 0x80, 0x80, 0x80, 0x80, 0x80, 0x81, 0x81, 0x81,
  0x80, 0x7f, 0x7d, 0x7c, 0x7c, 0x7c, 0x7c, 0x7d, 0x7f, 0x80, 0x81, 0x82,
  0x82, 0x83, 0x83, 0x83, 0x82, 0x81, 0x80, 0x80, 0x7f, 0x7e, 0x7d, 0x7d,
  0x7c, 0x7d, 0x7d, 0x7e, 0x7f, 0x80, 0x81, 0x81, 0x81, 0x81, 0x81, 0x81,
  0x81, 0x80, 0x80, 0x80, 0x7f, 0x7f, 0x7e, 0x7e, 0x7e, 0x7e, 0x7e, 0x7f,
  0x7f, 0x80, 0x80, 0x80, 0x80, 0x80, 0x80, 0x80, 0x80, 0x80, 0x80, 0x7f,
  0x7f, 0x7f, 0x7f, 0x7f, 0x7f, 0x7f, 0x7f, 0x7f, 0x7f, 0x80, 0x80, 0x80,
  0x80, 0x80, 0x80, 0x80, 0x80, 0x80, 0x7f, 0x7f, 0x7f, 0x7f, 0x7f, 0x7f,
  0x7f, 0x7f, 0x7f, 0x7f, 0x80, 0x80, 0x80, 0x80, 0x80, 0x80, 0x80, 0x7f,
  0x7f, 0x7f, 0x7f, 0x7f, 0x7f, 0x7f, 0x7f, 0x80, 0x80, 0x80, 0x80, 0x80,
  0x80, 0x80, 0x80, 0x80, 0x80, 0x80, 0x7f, 0x7f, 0x7f, 0x7f, 0x7f, 0x7f,
  0x7f, 0x7f, 0x7f, 0x7f, 0x7f, 0x80, 0x80, 0x80, 0x80, 0x80, 0x80, 0x80,
  0x80, 0x80, 0x80, 0x80, 0x7f, 0x7f, 0x7f, 0x7f, 0x7f, 0x7f, 0x7f, 0x7f,
  0x7f, 0x7f, 0x7f, 0x7f, 0x7f, 0x7f, 0x7f, 0x80, 0x80, 0x80, 0x80, 0x80,
  0x80, 0x80, 0x80, 0x80, 0x80, 0x80, 0x80, 0x7f, 0x7f, 0x7f, 0x7f, 0x7f,
  0x7f, 0x7f, 0x7f, 0x7f, 0x7f, 0x7f, 0x7f, 0x80, 0x80, 0x80, 0x80, 0x80,
  0x80, 0x80, 0x80, 0x80, 0x7f, 0x7f, 0x7f, 0x7f, 0x7f, 0x7f, 0x7f, 0x7f,
  0x7f, 0x80, 0x80, 0x80, 0x80, 0x80, 0x80, 0x80, 0x80, 0x7f, 0x7f, 0x7f,
  0x7f, 0x7f, 0x7f, 0x7f, 0x7f, 0x7f, 0x7f, 0x7f, 0x7f, 0x80, 0x80, 0x80,
  0x80, 0x80, 0x80, 0x80, 0x80, 0x80, 0x80, 0x80, 0x7f, 0x7f, 0x7f, 0x7f,
  0x7f, 0x7f, 0x7f, 0x7f, 0x7f, 0x7f, 0x80, 0x80, 0x80, 0x80, 0x80, 0x80,
  0x80, 0x80, 0x80, 0x80, 0x80, 0x7f, 0x7f, 0x80, 0x80, 0x80, 0x80, 0x80,
  0x80, 0x80, 0x80, 0x80, 0x80, 0x7f, 0x7f, 0x7f, 0x7f, 0x7f, 0x7f, 0x7f,
  0x7f, 0x7f, 0x7f, 0x7f, 0x80, 0x80, 0x80, 0x80, 0x80, 0x80, 0x80, 0x80,
  0x80, 0x80, 0x80, 0x7f, 0x7f, 0x7f, 0x7f, 0x7f, 0x7f, 0x7f, 0x7f, 0x7f,
  0x7f, 0x7f, 0x7f, 0x7f, 0x7f, 0x7f, 0x7f, 0x7f, 0x7f, 0x7f, 0x7f, 0x80,
  0x80, 0x80, 0x80, 0x80, 0x80, 0x80, 0x7f, 0x7f, 0x7f, 0x80, 0x80, 0x80,
  0x80, 0x81, 0x81, 0x80, 0x80, 0x80, 0x7f, 0x7f, 0x7e, 0x7e, 0x7d, 0x7d,
  0x7d, 0x7e, 0x7f, 0x7f, 0x80, 0x81, 0x82, 0x82, 0x83, 0x82, 0x82, 0x82,
  0x81, 0x80, 0x7e, 0x7e, 0x7d, 0x7d, 0x7d, 0x7d, 0x7e, 0x7e, 0x7f, 0x7f,
  0x80, 0x80, 0x80, 0x81, 0x81, 0x81, 0x80, 0x80, 0x80, 0x80, 0x80, 0x80,
  0x80, 0x80, 0x80, 0x7f, 0x7f, 0x7f, 0x7e, 0x7e, 0x7e, 0x7e, 0x7e, 0x7f,
  0x80, 0x80, 0x81, 0x81, 0x82, 0x82, 0x81, 0x80, 0x7f, 0x7e, 0x7d, 0x7c,
  0x7d, 0x7d, 0x7e, 0x80, 0x81, 0x82, 0x83, 0x83, 0x83, 0x82, 0x81, 0x80,
  0x7f, 0x7d, 0x7d, 0x7c, 0x7c, 0x7d, 0x7d, 0x7e, 0x7f, 0x80, 0x81, 0x81,
  0x82, 0x81, 0x81, 0x80, 0x80, 0x7f, 0x7f, 0x7f, 0x7f, 0x7f, 0x7f, 0x7f,
  0x80, 0x80, 0x80, 0x80, 0x80, 0x7f, 0x7f, 0x7f, 0x7f, 0x7f, 0x7f, 0x7f,
  0x7f, 0x80, 0x80, 0x80, 0x80, 0x80, 0x80, 0x80, 0x80, 0x7f, 0x7f, 0x7f,
  0x7f, 0x7f, 0x7f, 0x7f, 0x80, 0x80, 0x80, 0x80, 0x80, 0x80, 0x80, 0x80,
  0x7f, 0x7f, 0x7f, 0x7f, 0x7f, 0x7f, 0x7f, 0x7f, 0x7f, 0x80, 0x80, 0x80,
  0x80, 0x80, 0x80, 0x80, 0x80, 0x80, 0x80, 0x7f, 0x7f, 0x7f, 0x7f, 0x7f,
  0x7f, 0x7f, 0x7f, 0x80, 0x80, 0x80, 0x7f, 0x7f, 0x7f, 0x7f, 0x7f, 0x7f,
  0x7f, 0x7f, 0x7f, 0x7f, 0x80, 0x80, 0x80, 0x80, 0x80, 0x80, 0x80, 0x80,
  0x80, 0x80, 0x80, 0x80, 0x7f, 0x7f, 0x7f, 0x7f, 0x7f, 0x7f, 0x7f, 0x7f,
  0x7f, 0x7f, 0x7f, 0x7f, 0x7f, 0x80, 0x80, 0x80, 0x80, 0x80, 0x80, 0x80,
  0x80, 0x80, 0x7f, 0x7f, 0x80, 0x80, 0x80, 0x80, 0x7f, 0x7f, 0x7f, 0x7f,
  0x7f, 0x7f, 0x7f, 0x7f, 0x80, 0x80, 0x80, 0x80, 0x80, 0x80, 0x80, 0x80,
  0x80, 0x80, 0x80, 0x80, 0x80, 0x80, 0x7f, 0x80, 0x7f, 0x80, 0x80, 0x80,
  0x80, 0x7f, 0x7f, 0x7f, 0x7f, 0x7f, 0x7f, 0x7f, 0x7f, 0x7f, 0x7f, 0x7f,
  0x80, 0x80, 0x80, 0x80, 0x7f, 0x7f, 0x7f, 0x80, 0x80, 0x80, 0x80, 0x80,
  0x80, 0x80, 0x80, 0x80, 0x80, 0x80, 0x80, 0x80, 0x80, 0x7f, 0x7f, 0x7f,
  0x7f, 0x7f, 0x7f, 0x7f, 0x7f, 0x7f, 0x7f, 0x7f, 0x7f, 0x7f, 0x80, 0x80,
  0x80, 0x80, 0x80, 0x80, 0x80, 0x80, 0x80, 0x80, 0x80, 0x80, 0x7f, 0x7f,
  0x7f, 0x7f, 0x7f, 0x7f, 0x7f, 0x7f, 0x80, 0x80, 0x80, 0x80, 0x80, 0x80,
  0x80, 0x80, 0x80, 0x80, 0x80, 0x80, 0x7f, 0x7f, 0x80, 0x7f, 0x7f, 0x7f,
  0x7f, 0x7f, 0x7f, 0x7f, 0x7f, 0x7f, 0x7f, 0x7f, 0x7f, 0x7f, 0x7f, 0x7f,
  0x7f, 0x7f, 0x80, 0x80, 0x80, 0x80, 0x80, 0x80, 0x80, 0x80, 0x80, 0x80,
  0x80, 0x80, 0x80, 0x7f, 0x7f, 0x7f, 0x7f, 0x7f, 0x7f, 0x7f, 0x7f, 0x80,
  0x80, 0x80, 0x80, 0x80, 0x80, 0x80, 0x80, 0x7f, 0x7f, 0x7f, 0x7f, 0x7f,
  0x7f, 0x7f, 0x7f, 0x80, 0x80, 0x80, 0x80, 0x80, 0x80, 0x80, 0x80, 0x80,
  0x7f, 0x7f, 0x7e, 0x7e, 0x7e, 0x7f, 0x7f, 0x80, 0x80, 0x81, 0x81, 0x81,
  0x81, 0x80, 0x80, 0x7f, 0x7f, 0x7f, 0x7f, 0x7f, 0x7f, 0x7f, 0x7f, 0x7f,
  0x80, 0x80, 0x80, 0x80, 0x80, 0x80, 0x80, 0x80, 0x80, 0x80, 0x80, 0x80,
  0x80, 0x80, 0x80, 0x80, 0x7f, 0x7f, 0x7f, 0x7f, 0x7f, 0x7f, 0x7f, 0x7f,
  0x7f, 0x80, 0x80, 0x80, 0x80, 0x80, 0x80, 0x80, 0x80, 0x7f, 0x7f, 0x7f,
  0x7f, 0x7f, 0x7f, 0x7f, 0x7f, 0x7f, 0x80, 0x80, 0x80, 0x80, 0x80, 0x80,
  0x80, 0x80, 0x7f, 0x80, 0x7f, 0x7f, 0x7f, 0x7f, 0x7f, 0x7f, 0x80, 0x80,
  0x80, 0x80, 0x80, 0x80, 0x80, 0x80, 0x80, 0x80, 0x80, 0x80, 0x80, 0x80,
  0x80, 0x7f, 0x7f, 0x80, 0x7f, 0x80, 0x80, 0x80, 0x80, 0x80, 0x7f, 0x7f,
  0x7f, 0x7f, 0x7f, 0x7f, 0x7f, 0x80, 0x80, 0x80, 0x80, 0x80, 0x7f, 0x7f,
  0x7f, 0x7f, 0x7f, 0x80, 0x80, 0x80, 0x80, 0x80, 0x80, 0x80, 0x80, 0x80,
  0x7f, 0x7f, 0x7f, 0x7f, 0x7f, 0x7f, 0x7f, 0x7f, 0x80, 0x80, 0x80, 0x80,
  0x80, 0x80, 0x80, 0x7f, 0x7f, 0x7f, 0x7f, 0x7f, 0x7f, 0x7f, 0x80, 0x80,
  0x80, 0x80, 0x80, 0x80, 0x80, 0x80, 0x80, 0x80, 0x80, 0x80, 0x7f, 0x7f,
  0x7f, 0x7f, 0x7e, 0x7f, 0x7f, 0x7f, 0x80, 0x80, 0x81, 0x81, 0x81, 0x80,
  0x80, 0x80, 0x7f, 0x7f, 0x7f, 0x7f, 0x7f, 0x7f, 0x7f, 0x7f, 0x7f, 0x80,
  0x80, 0x80, 0x80, 0x80, 0x80, 0x80, 0x80, 0x80, 0x7f, 0x7f, 0x7f, 0x7f,
  0x7f, 0x7f, 0x7f, 0x7f, 0x7f, 0x7f, 0x7f, 0x7f, 0x7f, 0x7f, 0x7f, 0x80,
  0x80, 0x80, 0x80, 0x80, 0x80, 0x80, 0x80, 0x7f, 0x7f, 0x7f, 0x7f, 0x7f,
  0x7f, 0x7f, 0x7f, 0x7f, 0x80, 0x80, 0x80, 0x80, 0x80, 0x80, 0x80, 0x80,
  0x80, 0x7f, 0x7f, 0x7f, 0x7f, 0x7f, 0x7f, 0x7f, 0x7f, 0x7f, 0x80, 0x80,
  0x80, 0x80, 0x80, 0x80, 0x80, 0x80, 0x7f, 0x7f, 0x7f, 0x7f, 0x7f, 0x7f,
  0x7f, 0x7f, 0x7f, 0x80, 0x80, 0x80, 0x80, 0x80, 0x80, 0x80, 0x80, 0x7f,
  0x7f, 0x7f, 0x7f, 0x7f, 0x7f, 0x7f, 0x7f, 0x7f, 0x80, 0x80, 0x80, 0x80,
  0x80, 0x80, 0x80, 0x80, 0x80, 0x80, 0x80, 0x7f, 0x7f, 0x7f, 0x7f, 0x7f,
  0x7f, 0x7f, 0x7f, 0x7f, 0x7f, 0x7f, 0x7f, 0x80, 0x80, 0x80, 0x80, 0x80,
  0x80, 0x80, 0x80, 0x80, 0x7f, 0x7f, 0x7f, 0x7f, 0x7f, 0x7f, 0x7f, 0x7f,
  0x80, 0x80, 0x80, 0x80, 0x80, 0x80, 0x80, 0x80, 0x80, 0x80, 0x7f, 0x7f,
  0x7f, 0x7f, 0x7f, 0x7f, 0x7f, 0x7f, 0x7f, 0x80, 0x80, 0x80, 0x80, 0x80,
  0x80, 0x80, 0x80, 0x7f, 0x7f, 0x7f, 0x7f, 0x7f, 0x7f, 0x7f, 0x7f, 0x80,
  0x80, 0x80, 0x80, 0x80, 0x80, 0x80, 0x80, 0x80, 0x7f, 0x7f, 0x7f, 0x7f,
  0x7f, 0x7f, 0x7f, 0x7f, 0x7f, 0x80, 0x80, 0x80, 0x80, 0x80, 0x80, 0x80,
  0x80, 0x80, 0x80, 0x7f, 0x7f, 0x7f, 0x7f, 0x7f, 0x7f, 0x7f, 0x7f, 0x7f,
  0x7f, 0x7f, 0x80, 0x80, 0x80, 0x80, 0x80, 0x80, 0x80, 0x80, 0x80, 0x80,
  0x7f, 0x7f, 0x7f, 0x7f, 0x7f, 0x7f, 0x7f, 0x7f, 0x7f, 0x80, 0x80, 0x80,
  0x80, 0x80, 0x80, 0x80, 0x80, 0x7f, 0x7f, 0x7f, 0x7f, 0x7f, 0x7f, 0x7f,
  0x7f, 0x80, 0x80, 0x80, 0x80, 0x80, 0x80, 0x80, 0x80, 0x80, 0x80, 0x7f,
  0x7f, 0x7f, 0x7f, 0x7f, 0x7f, 0x7f, 0x7f, 0x7f, 0x7f, 0x80, 0x80, 0x80,
  0x80, 0x80, 0x80, 0x80, 0x80, 0x80, 0x80, 0x7f, 0x7f, 0x7f, 0x7f, 0x7f,
  0x7f, 0x7f, 0x7f, 0x7f, 0x80, 0x80, 0x80, 0x80, 0x80, 0x80, 0x80, 0x7f,
  0x7f, 0x7f, 0x7f, 0x7f, 0x7f, 0x7f, 0x7f, 0x80, 0x80, 0x80, 0x80, 0x80,
  0x80, 0x7f, 0x7f, 0x7f, 0x7f, 0x7f, 0x80, 0x80, 0x80, 0x7f, 0x7f, 0x7f,
  0x7f, 0x7f, 0x80, 0x80, 0x80, 0x80, 0x80, 0x80, 0x80, 0x7f, 0x7f, 0x7f,
  0x7f, 0x7f, 0x7f, 0x7f, 0x7f, 0x7f, 0x80, 0x80, 0x81, 0x81, 0x81, 0x81,
  0x80, 0x80, 0x7f, 0x7f, 0x7e, 0x7e, 0x7e, 0x7e, 0x7f, 0x7f, 0x7f, 0x80,
  0x80, 0x80, 0x81, 0x81, 0x80, 0x80, 0x80, 0x80, 0x7f, 0x7f, 0x7f, 0x7f,
  0x7f, 0x7f, 0x7f, 0x7f, 0x7f, 0x7f, 0x80, 0x80, 0x80, 0x80, 0x80, 0x80,
  0x80, 0x80, 0x80, 0x80, 0x7f, 0x7f, 0x7f, 0x7f, 0x7f, 0x7f, 0x7f, 0x7f,
  0x7f, 0x7f, 0x80, 0x80, 0x80, 0x80, 0x80, 0x80, 0x80, 0x80, 0x80, 0x80,
  0x80, 0x80, 0x7f, 0x7f, 0x7f, 0x7f, 0x7f, 0x7f, 0x7f, 0x7f, 0x7f, 0x7f,
  0x80, 0x80, 0x80, 0x80, 0x80, 0x80, 0x80, 0x80, 0x80, 0x7f, 0x7f, 0x7f,
  0x7f, 0x80, 0x80, 0x7f, 0x7f, 0x7f, 0x7f, 0x7f, 0x7f, 0x7e, 0x7e, 0x7f,
  0x80, 0x81, 0x81, 0x82, 0x82, 0x81, 0x80, 0x7f, 0x7e, 0x7d, 0x7d, 0x7d,
  0x7e, 0x7e, 0x7f, 0x80, 0x81, 0x81, 0x82, 0x82, 0x81, 0x81, 0x81, 0x80,
  0x7f, 0x7f, 0x7e, 0x7e, 0x7e, 0x7e, 0x7e, 0x7f, 0x7f, 0x80, 0x80, 0x81,
  0x81, 0x81, 0x81, 0x81, 0x80, 0x80, 0x7f, 0x7f, 0x7e, 0x7e, 0x7e, 0x7e,
  0x7e, 0x7f, 0x7f, 0x7f, 0x80, 0x80, 0x80, 0x81, 0x81, 0x81, 0x80, 0x80,
  0x80, 0x7f, 0x7f, 0x7f, 0x7f, 0x7e, 0x7e, 0x7e, 0x7f, 0x7f, 0x7f, 0x80,
  0x80, 0x80, 0x81, 0x81, 0x81, 0x81, 0x80, 0x80, 0x80, 0x7f, 0x7f, 0x7f,
  0x7f, 0x7e, 0x7e, 0x7e, 0x7e, 0x7f, 0x7f, 0x7f, 0x80, 0x80, 0x81, 0x81,
  0x81, 0x81, 0x81, 0x81, 0x80, 0x80, 0x7f, 0x7f, 0x7e, 0x7d, 0x7c, 0x7c,
  0x7c, 0x7d, 0x7e, 0x81, 0x83, 0x84, 0x85, 0x84, 0x83, 0x82, 0x80, 0x7f,
  0x7e, 0x7d, 0x7c, 0x7c, 0x7c, 0x7d, 0x7d, 0x7e, 0x7f, 0x80, 0x81, 0x82,
  0x82, 0x82, 0x81, 0x81, 0x80, 0x80, 0x7f, 0x7f, 0x7f, 0x7e, 0x7e, 0x7e,
  0x7f, 0x7f, 0x7f, 0x7f, 0x7f, 0x80, 0x80, 0x80, 0x80, 0x80, 0x80, 0x80,
  0x80, 0x80, 0x80, 0x7f, 0x7f, 0x7f, 0x7f, 0x7f, 0x7f, 0x7f, 0x7f, 0x7f,
  0x7f, 0x7f, 0x7f, 0x80, 0x80, 0x80, 0x80, 0x80, 0x80, 0x80, 0x80, 0x80,
  0x7f, 0x7f, 0x7f, 0x7f, 0x7f, 0x7f, 0x7f, 0x7f, 0x7f, 0x7f, 0x80, 0x80,
  0x80, 0x80, 0x80, 0x80, 0x80, 0x80, 0x80, 0x7f, 0x7f, 0x80, 0x80, 0x80,
  0x80, 0x80, 0x80, 0x80, 0x7f, 0x7f, 0x7f, 0x7f, 0x7f, 0x80, 0x80, 0x80,
  0x80, 0x80, 0x80, 0x80, 0x80, 0x80, 0x7f, 0x7f, 0x7f, 0x7f, 0x7f, 0x7f,
  0x7f, 0x80, 0x80, 0x80, 0x80, 0x80, 0x80, 0x7f, 0x7f, 0x7f, 0x7f, 0x7f,
  0x7f, 0x7f, 0x80, 0x80, 0x80, 0x80, 0x80, 0x80, 0x80, 0x80, 0x7f, 0x80,
  0x80, 0x7f, 0x7f, 0x7f, 0x7f, 0x7f, 0x80, 0x80, 0x7f, 0x7f, 0x7f, 0x7f,
  0x7f, 0x7f, 0x7f, 0x7f, 0x80, 0x80, 0x7f, 0x80, 0x80, 0x80, 0x80, 0x80,
  0x80, 0x80, 0x80, 0x80, 0x80, 0x7f, 0x7f, 0x7f, 0x7f, 0x7f, 0x7f, 0x7f,
  0x7f, 0x7f, 0x7e, 0x7e, 0x7e, 0x7e, 0x7f, 0x80, 0x82, 0x84, 0x84, 0x83,
  0x82, 0x81, 0x80, 0x7e, 0x7d, 0x7c, 0x7c, 0x7c, 0x7c, 0x7c, 0x7d, 0x7e,
  0x80, 0x81, 0x83, 0x83, 0x84, 0x83, 0x82, 0x80, 0x7e, 0x7e, 0x7e, 0x7e,
  0x7d, 0x7e, 0x7e, 0x7f, 0x7f, 0x7f, 0x80, 0x81, 0x81, 0x81, 0x80, 0x80,
  0x80, 0x7f, 0x7f, 0x7f, 0x7f, 0x7f, 0x80, 0x80, 0x7f, 0x7f, 0x7f, 0x7f,
  0x7f, 0x7f, 0x7f, 0x7f, 0x80, 0x80, 0x80, 0x80, 0x80, 0x80, 0x80, 0x80,
  0x80, 0x80, 0x7f, 0x7e, 0x7f, 0x7e, 0x7d, 0x7d, 0x7f, 0x82, 0x82, 0x7e,
  0x7d, 0x80, 0x84, 0x83, 0x82, 0x82, 0x82, 0x7f, 0x7b, 0x7a, 0x7b, 0x7c,
  0x7e, 0x80, 0x80, 0x7e, 0x7f, 0x86, 0x8a, 0x84, 0x7e, 0x7e, 0x82, 0x80,
  0x7a, 0x78, 0x7b, 0x7f, 0x7e, 0x7c, 0x7c, 0x7e, 0x81, 0x84, 0x84, 0x83,
  0x83, 0x84, 0x82, 0x7e, 0x7c, 0x7c, 0x7d, 0x7e, 0x7f, 0x7e, 0x7e, 0x7f,
  0x7f, 0x7f, 0x80, 0x81, 0x83, 0x83, 0x81, 0x80, 0x7f, 0x7f, 0x7e, 0x7e,
  0x7e, 0x80, 0x80, 0x7f, 0x7f, 0x80, 0x80, 0x7f, 0x80, 0x80, 0x81, 0x80,
  0x80, 0x7f, 0x7f, 0x7f, 0x7f, 0x7f, 0x7f, 0x80, 0x80, 0x7f, 0x80, 0x80,
  0x7f, 0x80, 0x81, 0x80, 0x7f, 0x80, 0x80, 0x7f, 0x7e, 0x7e, 0x7f, 0x80,
  0x7f, 0x7f, 0x80, 0x80, 0x80, 0x80, 0x80, 0x80, 0x80, 0x80, 0x80, 0x7f,
  0x7e, 0x80, 0x7f, 0x7e, 0x7f, 0x80, 0x7f, 0x7f, 0x80, 0x7f, 0x7f, 0x80,
  0x81, 0x80, 0x7f, 0x80, 0x80, 0x7f, 0x7f, 0x80, 0x7f, 0x7f, 0x7f, 0x7f,
  0x7f, 0x7f, 0x80, 0x80, 0x80, 0x81, 0x81, 0x80, 0x80, 0x7f, 0x7f, 0x80,
  0x80, 0x80, 0x80, 0x7f, 0x7e, 0x7e, 0x7e, 0x7d, 0x7d, 0x83, 0x88, 0x81,
  0x7e, 0x83, 0x80, 0x79, 0x7e, 0x84, 0x7f, 0x7d, 0x83, 0x80, 0x7a, 0x7b,
  0x80, 0x80, 0x80, 0x83, 0x86, 0x83, 0x7e, 0x7f, 0x7f, 0x7c, 0x7d, 0x82,
  0x82, 0x7f, 0x7f, 0x7f, 0x7d, 0x7d, 0x7f, 0x81, 0x82, 0x82, 0x82, 0x81,
  0x7f, 0x7d, 0x7e, 0x7f, 0x7f, 0x80, 0x81, 0x80, 0x7f, 0x7e, 0x7f, 0x7f,
  0x7f, 0x80, 0x82, 0x81, 0x80, 0x80, 0x7f, 0x7e, 0x7e, 0x7f, 0x80, 0x80,
  0x80, 0x7f, 0x7f, 0x80, 0x7f, 0x80, 0x80, 0x80, 0x80, 0x80, 0x80, 0x7f,
  0x7f, 0x7f, 0x7f, 0x7f, 0x7f, 0x7f, 0x7f, 0x7f, 0x80, 0x80, 0x80, 0x7f,
  0x7f, 0x7f, 0x7e, 0x7f, 0x81, 0x80, 0x80, 0x82, 0x81, 0x7c, 0x7e, 0x83,
  0x7f, 0x7d, 0x82, 0x82, 0x7b, 0x7e, 0x81, 0x7b, 0x7a, 0x85, 0x88, 0x7c,
  0x80, 0x89, 0x7e, 0x76, 0x84, 0x83, 0x78, 0x80, 0x87, 0x7c, 0x78, 0x80,
  0x7f, 0x79, 0x7e, 0x88, 0x87, 0x7e, 0x81, 0x85, 0x7b, 0x78, 0x83, 0x82,
  0x7b, 0x82, 0x84, 0x7a, 0x7a, 0x7f, 0x7e, 0x83, 0x82, 0x80, 0x85, 0x82,
  0x79, 0x80, 0x84, 0x79, 0x7e, 0x86, 0x7d, 0x7b, 0x84, 0x7e, 0x7b, 0x83,
  0x81, 0x7c, 0x82, 0x81, 0x7c, 0x80, 0x81, 0x7c, 0x7d, 0x81, 0x85, 0x80,
  0x7c, 0x85, 0x84, 0x77, 0x7e, 0x87, 0x79, 0x79, 0x88, 0x7e, 0x75, 0x82,
  0x84, 0x7a, 0x83, 0x89, 0x7d, 0x81, 0x85, 0x7d, 0x7a, 0x82, 0x7e, 0x7b,
  0x7f, 0x7f, 0x7c, 0x7f, 0x81, 0x82, 0x82, 0x83, 0x82, 0x81, 0x80, 0x7f,
  0x7f, 0x7e, 0x7d, 0x7e, 0x7d, 0x7b, 0x7e, 0x84, 0x80, 0x7e, 0x86, 0x84,
  0x7c, 0x80, 0x84, 0x7c, 0x7c, 0x82, 0x7f, 0x7a, 0x80, 0x81, 0x7e, 0x7e,
  0x82, 0x81, 0x7f, 0x80, 0x82, 0x80, 0x7e, 0x80, 0x80, 0x7e, 0x7e, 0x80,
  0x80, 0x80, 0x80, 0x80, 0x80, 0x7f, 0x7f, 0x80, 0x7f, 0x7f, 0x80, 0x7f,
  0x7e, 0x80, 0x80, 0x7e, 0x80, 0x81, 0x7f, 0x80, 0x81, 0x7f, 0x7f, 0x80,
  0x7f, 0x80, 0x80, 0x7e, 0x80, 0x80, 0x7e, 0x7f, 0x81, 0x7f, 0x7f, 0x81,
  0x80, 0x7f, 0x80, 0x80, 0x7e, 0x7f, 0x80, 0x7f, 0x7f, 0x80, 0x7f, 0x7f,
  0x80, 0x80, 0x7f, 0x80, 0x80, 0x7f, 0x80, 0x80, 0x7f, 0x7f, 0x80, 0x7f,
  0x7f, 0x80, 0x80, 0x7f, 0x80, 0x7f, 0x80, 0x80, 0x7f, 0x7f, 0x7f, 0x7f,
  0x7f, 0x7f, 0x7f, 0x7f, 0x80, 0x83, 0x81, 0x7e, 0x80, 0x81, 0x7e, 0x7e,
  0x81, 0x80, 0x7d, 0x7e, 0x7f, 0x7c, 0x7c, 0x7f, 0x83, 0x8a, 0x80, 0x7f,
  0x86, 0x7f, 0x75, 0x81, 0x84, 0x79, 0x7e, 0x87, 0x7b, 0x77, 0x83, 0x82,
  0x7d, 0x83, 0x87, 0x80, 0x80, 0x81, 0x7f, 0x7b, 0x7e, 0x7f, 0x7f, 0x7d,
  0x80, 0x80, 0x80, 0x7f, 0x81, 0x7f, 0x80, 0x80, 0x81, 0x80, 0x80, 0x7f,
  0x7f, 0x7e, 0x7f, 0x7f, 0x80, 0x80, 0x80, 0x80, 0x7f, 0x80, 0x7f, 0x7f,
  0x7f, 0x80, 0x80, 0x7f, 0x80, 0x80, 0x7f, 0x80, 0x81, 0x7f, 0x7f, 0x80,
  0x81, 0x7e, 0x7f, 0x80, 0x7f, 0x7d, 0x7e, 0x7f, 0x7e, 0x7f, 0x86, 0x84,
  0x7e, 0x81, 0x83, 0x7c, 0x7b, 0x82, 0x7f, 0x7b, 0x80, 0x82, 0x7b, 0x7c,
  0x81, 0x81, 0x7e, 0x82, 0x84, 0x81, 0x7d, 0x82, 0x81, 0x7c, 0x7c, 0x82,
  0x7e, 0x7c, 0x7f, 0x81, 0x7e, 0x7f, 0x81, 0x81, 0x7f, 0x80, 0x81, 0x81,
  0x7e, 0x7f, 0x81, 0x7f, 0x7d, 0x80, 0x80, 0x7e, 0x80, 0x81, 0x7e, 0x80,
  0x81, 0x7f, 0x7e, 0x80, 0x80, 0x7e, 0x7f, 0x80, 0x7f, 0x7f, 0x83, 0x81,
  0x7e, 0x81, 0x82, 0x7d, 0x7e, 0x81, 0x7e, 0x7d, 0x7f, 0x7f, 0x7c, 0x7e,
  0x81, 0x85, 0x7f, 0x80, 0x84, 0x82, 0x7c, 0x81, 0x81, 0x7e, 0x7d, 0x7f,
  0x7d, 0x7b, 0x7c, 0x83, 0x82, 0x7d, 0x83, 0x85, 0x7f, 0x7d, 0x83, 0x7f,
  0x7d, 0x7f, 0x80, 0x7c, 0x7d, 0x7f, 0x81, 0x7e, 0x80, 0x81, 0x82, 0x7e,
  0x81, 0x81, 0x7f, 0x7e, 0x80, 0x7e, 0x7e, 0x7f, 0x81, 0x80, 0x7f, 0x80,
  0x80, 0x7f, 0x7f, 0x80, 0x7f, 0x7f, 0x7f, 0x7f, 0x7e, 0x7f, 0x80, 0x80,
  0x80, 0x81, 0x80, 0x80, 0x80, 0x7f, 0x7f, 0x7f, 0x7f, 0x7e, 0x7f, 0x7f,
  0x7f, 0x7f, 0x80, 0x81, 0x80, 0x80, 0x81, 0x81, 0x7f, 0x80, 0x80, 0x7e,
  0x7e, 0x7f, 0x7e, 0x7e, 0x7f, 0x80, 0x81, 0x80, 0x80, 0x81, 0x80, 0x7e,
  0x81, 0x81, 0x7f, 0x7f, 0x81, 0x7e, 0x7d, 0x7d, 0x7d, 0x7f, 0x84, 0x80,
  0x7e, 0x84, 0x81, 0x7b, 0x7f, 0x83, 0x7e, 0x7e, 0x80, 0x82, 0x7d, 0x7c,
  0x80, 0x7f, 0x7c, 0x7c, 0x85, 0x89, 0x7a, 0x7f, 0x86, 0x80, 0x76, 0x81,
  0x84, 0x7d, 0x7c, 0x85, 0x81, 0x79, 0x7c, 0x84, 0x82, 0x7b, 0x81, 0x86,
  0x81, 0x7b, 0x80, 0x80, 0x7d, 0x7d, 0x82, 0x80, 0x7e, 0x7f, 0x82, 0x81,
  0x7d, 0x7f, 0x82, 0x81, 0x7e, 0x7f, 0x81, 0x7e, 0x7e, 0x82, 0x80, 0x7d,
  0x81, 0x81, 0x7e, 0x7f, 0x81, 0x81, 0x81, 0x81, 0x7e, 0x7f, 0x7e, 0x7d,
  0x80, 0x82, 0x7f, 0x82, 0x81, 0x7f, 0x7e, 0x80, 0x7f, 0x81, 0x81, 0x80,
  0x81, 0x7f, 0x7c, 0x7d, 0x7e, 0x7f, 0x7f, 0x81, 0x84, 0x81, 0x80, 0x7f,
  0x80, 0x7c, 0x7f, 0x81, 0x80, 0x7f, 0x80, 0x7e, 0x7c, 0x7e, 0x7d, 0x84,
  0x87, 0x7b, 0x83, 0x87, 0x7c, 0x77, 0x81, 0x81, 0x7a, 0x7f, 0x84, 0x7d,
  0x77, 0x82, 0x8b, 0x7a, 0x7b, 0x8c, 0x84, 0x77, 0x7f, 0x88, 0x79, 0x7c,
  0x80, 0x82, 0x79, 0x7c, 0x7b, 0x8a, 0x86, 0x77, 0x84, 0x89, 0x7b, 0x79,
  0x85, 0x81, 0x7c, 0x7c, 0x82, 0x7f, 0x78, 0x7b, 0x87, 0x80, 0x7b, 0x85,
  0x86, 0x7d, 0x7e, 0x83, 0x80, 0x7b, 0x7e, 0x82, 0x82, 0x79, 0x79, 0x85,
  0x82, 0x7a, 0x7c, 0x8d, 0x84, 0x76, 0x7f, 0x88, 0x7b, 0x78, 0x83, 0x85,
  0x78, 0x79, 0x7e, 0x8a, 0x80, 0x72, 0x8e, 0x8a, 0x74, 0x77, 0x8d, 0x7e,
  0x78, 0x82, 0x86, 0x7a, 0x76, 0x7a, 0x8b, 0x82, 0x74, 0x87, 0x8d, 0x7b,
  0x74, 0x88, 0x83, 0x77, 0x7f, 0x85, 0x7c, 0x77, 0x7c, 0x8b, 0x7c, 0x7a,
  0x86, 0x8b, 0x7c, 0x7a, 0x82, 0x83, 0x7d, 0x7d, 0x7f, 0x7c, 0x74, 0x8c,
  0x84, 0x72, 0x84, 0x8b, 0x84, 0x77, 0x80, 0x81, 0x84, 0x7a, 0x7c, 0x80,
  0x78, 0x7e, 0x8e, 0x7d, 0x77, 0x87, 0x8a, 0x7c, 0x78, 0x84, 0x84, 0x7d,
  0x78, 0x80, 0x7d, 0x78, 0x8a, 0x83, 0x78, 0x82, 0x87, 0x83, 0x7c, 0x7c,
  0x83, 0x83, 0x7b, 0x7b, 0x80, 0x78, 0x7d, 0x8c, 0x7d, 0x79, 0x83, 0x8b,
  0x7f, 0x79, 0x7f, 0x85, 0x7f, 0x7a, 0x7f, 0x7f, 0x79, 0x7d, 0x8a, 0x7f,
  0x76, 0x86, 0x8b, 0x7e, 0x78, 0x81, 0x85, 0x81, 0x79, 0x7d, 0x77, 0x80,
  0x8a, 0x7a, 0x7f, 0x83, 0x84, 0x7f, 0x7d, 0x7e, 0x83, 0x82, 0x7a, 0x7b,
  0x7b, 0x80, 0x84, 0x7e, 0x7f, 0x81, 0x83, 0x84, 0x7d, 0x7b, 0x83, 0x82,
  0x7a, 0x77, 0x7b, 0x88, 0x83, 0x77, 0x82, 0x85, 0x82, 0x81, 0x7a, 0x7f,
  0x86, 0x7d, 0x79, 0x79, 0x81, 0x8a, 0x76, 0x7e, 0x88, 0x83, 0x80, 0x7a,
  0x7f, 0x85, 0x80, 0x79, 0x7b, 0x7f, 0x84, 0x7f, 0x79, 0x86, 0x85, 0x7f,
  0x7e, 0x7d, 0x82, 0x7f, 0x7f, 0x7e, 0x7c, 0x7d, 0x7f, 0x83, 0x7d, 0x83,
  0x81, 0x7f, 0x83, 0x80, 0x7d, 0x7f, 0x85, 0x7b, 0x77, 0x7c, 0x87, 0x82,
  0x79, 0x83, 0x84, 0x7e, 0x7f, 0x81, 0x7e, 0x83, 0x7f, 0x7a, 0x7b, 0x7c,
  0x87, 0x81, 0x7d, 0x83, 0x80, 0x80, 0x82, 0x7d, 0x7f, 0x84, 0x7e, 0x78,
  0x79, 0x83, 0x87, 0x7a, 0x80, 0x84, 0x80, 0x81, 0x7f, 0x80, 0x83, 0x81,
  0x7a, 0x7a, 0x7c, 0x84, 0x83, 0x7c, 0x82, 0x81, 0x80, 0x82, 0x7e, 0x80,
  0x83, 0x7f, 0x7b, 0x7a, 0x7d, 0x87, 0x80, 0x7c, 0x82, 0x80, 0x83, 0x80,
  0x7d, 0x81, 0x84, 0x7d, 0x79, 0x7a, 0x82, 0x86, 0x7b, 0x7f, 0x83, 0x82,
  0x82, 0x7e, 0x7f, 0x83, 0x82, 0x79, 0x79, 0x7e, 0x86, 0x81, 0x7b, 0x82,
  0x82, 0x82, 0x7f, 0x7e, 0x82, 0x84, 0x7d, 0x78, 0x7c, 0x83, 0x85, 0x7b,
  0x7f, 0x84, 0x81, 0x81, 0x7e, 0x81, 0x84, 0x80, 0x78, 0x7b, 0x80, 0x85,
  0x7e, 0x7d, 0x84, 0x81, 0x81, 0x7f, 0x7f, 0x83, 0x82, 0x7b, 0x79, 0x7c,
  0x84, 0x82, 0x7b, 0x81, 0x82, 0x82, 0x80, 0x7e, 0x82, 0x83, 0x7e, 0x79,
  0x7b, 0x82, 0x85, 0x7c, 0x7f, 0x82, 0x81, 0x81, 0x7e, 0x81, 0x83, 0x80,
  0x7a, 0x7a, 0x7e, 0x86, 0x7f, 0x7d, 0x81, 0x81, 0x83, 0x7e, 0x7f, 0x83,
  0x83, 0x7b, 0x79, 0x7c, 0x84, 0x83, 0x7c, 0x81, 0x81, 0x82, 0x80, 0x7d,
  0x82, 0x84, 0x7d, 0x78, 0x7b, 0x82, 0x84, 0x7e, 0x80, 0x82, 0x81, 0x81,
  0x7e, 0x81, 0x84, 0x7f, 0x78, 0x79, 0x81, 0x85, 0x7f, 0x7f, 0x82, 0x81,
  0x81, 0x7e, 0x7f, 0x84, 0x82, 0x79, 0x77, 0x7f, 0x86, 0x80, 0x7e, 0x81,
  0x82, 0x81, 0x7e, 0x7f, 0x84, 0x83, 0x7b, 0x76, 0x7d, 0x87, 0x81, 0x7d,
  0x82, 0x82, 0x82, 0x7d, 0x7e, 0x83, 0x84, 0x7c, 0x75, 0x7b, 0x86, 0x83,
  0x7c, 0x81, 0x83, 0x82, 0x7d, 0x7e, 0x84, 0x85, 0x7d, 0x75, 0x79, 0x85,
  0x85, 0x7b, 0x80, 0x84, 0x82, 0x7e, 0x7c, 0x83, 0x86, 0x80, 0x77, 0x77,
  0x83, 0x87, 0x7d, 0x7d, 0x83, 0x82, 0x80, 0x7b, 0x80, 0x85, 0x82, 0x79,
  0x76, 0x7f, 0x88, 0x80, 0x7c, 0x82, 0x83, 0x81, 0x7c, 0x7d, 0x85, 0x84,
  0x7c, 0x75, 0x7b, 0x87, 0x84, 0x7c, 0x80, 0x82, 0x82, 0x7f, 0x7c, 0x83,
  0x85, 0x7f, 0x77, 0x78, 0x83, 0x87, 0x7e, 0x7e, 0x82, 0x82, 0x80, 0x7b,
  0x80, 0x84, 0x82, 0x7b, 0x76, 0x7f, 0x87, 0x81, 0x7d, 0x81, 0x82, 0x81,
  0x7d, 0x7e, 0x83, 0x83, 0x7e, 0x76, 0x7a, 0x84, 0x84, 0x7e, 0x7f, 0x81,
  0x81, 0x7f, 0x7d, 0x81, 0x83, 0x81, 0x7a, 0x76, 0x80, 0x87, 0x81, 0x7e,
  0x81, 0x82, 0x81, 0x7d, 0x7e, 0x83, 0x83, 0x7d, 0x74, 0x7b, 0x87, 0x84,
  0x7d, 0x80, 0x82, 0x82, 0x7d, 0x7c, 0x82, 0x84, 0x7f, 0x75, 0x77, 0x86,
  0x87, 0x7e, 0x7e, 0x83, 0x83, 0x7d, 0x7b, 0x82, 0x85, 0x81, 0x77, 0x75,
  0x83, 0x89, 0x7f, 0x7d, 0x83, 0x84, 0x7f, 0x7a, 0x81, 0x85, 0x81, 0x78,
  0x73, 0x7f, 0x8a, 0x82, 0x7d, 0x82, 0x85, 0x7f, 0x79, 0x7f, 0x86, 0x82,
  0x79, 0x72, 0x7c, 0x89, 0x85, 0x7d, 0x82, 0x86, 0x81, 0x7a, 0x7c, 0x86,
  0x84, 0x7c, 0x73, 0x78, 0x88, 0x88, 0x7d, 0x7f, 0x86, 0x82, 0x7a, 0x7a,
  0x84, 0x86, 0x7e, 0x76, 0x75, 0x84, 0x89, 0x7f, 0x7e, 0x85, 0x84, 0x7c,
  0x79, 0x81, 0x87, 0x80, 0x77, 0x74, 0x7f, 0x8b, 0x81, 0x7d, 0x84, 0x86,
  0x7e, 0x78, 0x7e, 0x87, 0x82, 0x78, 0x75, 0x7c, 0x8a, 0x84, 0x7c, 0x82,
  0x86, 0x81, 0x78, 0x7b, 0x86, 0x85, 0x7b, 0x76, 0x78, 0x86, 0x89, 0x7c,
  0x80, 0x86, 0x83, 0x7a, 0x79, 0x83, 0x87, 0x7d, 0x76, 0x76, 0x82, 0x8b,
  0x7e, 0x7d, 0x86, 0x85, 0x7c, 0x77, 0x80, 0x89, 0x80, 0x77, 0x76, 0x7d,
  0x8b, 0x82, 0x7a, 0x85, 0x87, 0x7e, 0x77, 0x7c, 0x88, 0x83, 0x78, 0x77,
  0x79, 0x89, 0x87, 0x7a, 0x82, 0x88, 0x81, 0x78, 0x79, 0x86, 0x87, 0x7a,
  0x77, 0x76, 0x85, 0x8b, 0x7a, 0x7f, 0x89, 0x84, 0x7a, 0x76, 0x82, 0x8a,
  0x7d, 0x76, 0x76, 0x80, 0x8e, 0x7d, 0x7b, 0x88, 0x86, 0x7c, 0x74, 0x7e,
  0x8b, 0x81, 0x76, 0x76, 0x7b, 0x8e, 0x83, 0x78, 0x86, 0x88, 0x80, 0x74,
  0x7a, 0x89, 0x86, 0x77, 0x75, 0x78, 0x89, 0x88, 0x76, 0x83, 0x8a, 0x84,
  0x76, 0x75, 0x86, 0x8a, 0x7a, 0x75, 0x77, 0x84, 0x8d, 0x79, 0x7f, 0x89,
  0x86, 0x79, 0x72, 0x82, 0x8c, 0x7f, 0x75, 0x77, 0x7e, 0x8e, 0x7e, 0x7a,
  0x89, 0x87, 0x7d, 0x71, 0x7c, 0x8b, 0x83, 0x75, 0x77, 0x7b, 0x8c, 0x85,
  0x77, 0x87, 0x89, 0x80, 0x72, 0x77, 0x8a, 0x88, 0x76, 0x77, 0x7b, 0x88,
  0x8a, 0x77, 0x84, 0x8a, 0x82, 0x74, 0x73, 0x86, 0x8b, 0x78, 0x76, 0x7b,
  0x83, 0x8c, 0x7a, 0x80, 0x8a, 0x84, 0x76, 0x71, 0x83, 0x8d, 0x7c, 0x74,
  0x7b, 0x80, 0x8b, 0x7e, 0x7b, 0x8a, 0x87, 0x79, 0x70, 0x7e, 0x8d, 0x81,
  0x73, 0x7b, 0x7f, 0x89, 0x83, 0x79, 0x88, 0x89, 0x7d, 0x70, 0x79, 0x8d,
  0x86, 0x73, 0x78, 0x7f, 0x87, 0x87, 0x78, 0x84, 0x8b, 0x80, 0x71, 0x74,
  0x8a, 0x8c, 0x75, 0x74, 0x7e, 0x84, 0x8a, 0x7a, 0x7e, 0x8c, 0x84, 0x74,
  0x70, 0x84, 0x8f, 0x7b, 0x72, 0x7c, 0x82, 0x8b, 0x7e, 0x7a, 0x8a, 0x87,
  0x79, 0x6e, 0x7c, 0x8f, 0x83, 0x73, 0x7b, 0x7f, 0x8a, 0x84, 0x78, 0x86,
  0x8a, 0x7f, 0x70, 0x75, 0x8b, 0x8a, 0x75, 0x77, 0x7c, 0x86, 0x89, 0x78,
  0x82, 0x8a, 0x84, 0x73, 0x70, 0x85, 0x8f, 0x7a, 0x75, 0x7c, 0x82, 0x8b,
  0x7b, 0x7e, 0x89, 0x86, 0x78, 0x6d, 0x7e, 0x8f, 0x81, 0x74, 0x7c, 0x80,
  0x8b, 0x7f, 0x7a, 0x87, 0x88, 0x7d, 0x6e, 0x77, 0x8d, 0x87, 0x74, 0x7a,
  0x7f, 0x89, 0x84, 0x79, 0x85, 0x89, 0x81, 0x6f, 0x71, 0x89, 0x8c, 0x76,
  0x78, 0x7f, 0x87, 0x87, 0x78, 0x82, 0x89, 0x83, 0x73, 0x6e, 0x83, 0x90,
  0x7b, 0x75, 0x7e, 0x85, 0x89, 0x7a, 0x7f, 0x89, 0x86, 0x77, 0x6d, 0x7d,
  0x90, 0x81, 0x74, 0x7e, 0x83, 0x8a, 0x7d, 0x7b, 0x88, 0x87, 0x7b, 0x6d,
  0x78, 0x8e, 0x87, 0x74, 0x7c, 0x81, 0x89, 0x81, 0x79, 0x86, 0x88, 0x80,
  0x70, 0x72, 0x89, 0x8c, 0x77, 0x79, 0x7f, 0x87, 0x85, 0x77, 0x82, 0x88,
  0x84, 0x74, 0x6e, 0x83, 0x90, 0x7d, 0x77, 0x7e, 0x84, 0x88, 0x79, 0x7d,
  0x87, 0x88, 0x7a, 0x6a, 0x79, 0x91, 0x84, 0x77, 0x7c, 0x82, 0x8b, 0x7d,
  0x79, 0x85, 0x8a, 0x80, 0x6b, 0x72, 0x8f, 0x8c, 0x77, 0x79, 0x81, 0x8a,
  0x80, 0x75, 0x84, 0x8b, 0x83, 0x6d, 0x6d, 0x8b, 0x92, 0x77, 0x76, 0x83,
  0x8a, 0x82, 0x73, 0x82, 0x8d, 0x84, 0x70, 0x6c, 0x86, 0x94, 0x7a, 0x74,
  0x84, 0x88, 0x84, 0x74, 0x80, 0x8e, 0x84, 0x73, 0x6c, 0x7f, 0x93, 0x82,
  0x73, 0x82, 0x87, 0x85, 0x77, 0x7c, 0x8d, 0x85, 0x76, 0x6e, 0x7a, 0x90,
  0x88, 0x73, 0x7f, 0x87, 0x86, 0x7a, 0x79, 0x8b, 0x88, 0x79, 0x70, 0x77,
  0x8c, 0x8d, 0x75, 0x7c, 0x88, 0x87, 0x7c, 0x77, 0x8a, 0x8b, 0x79, 0x6e,
  0x75, 0x89, 0x8e, 0x77, 0x79, 0x89, 0x88, 0x7c, 0x76, 0x89, 0x8d, 0x79,
  0x6e, 0x76, 0x89, 0x8d, 0x77, 0x7a, 0x89, 0x88, 0x7b, 0x76, 0x89, 0x8d,
  0x79, 0x6d, 0x77, 0x8c, 0x8c, 0x75, 0x7b, 0x8b, 0x89, 0x79, 0x76, 0x8b,
  0x8d, 0x77, 0x6d, 0x78, 0x8d, 0x8c, 0x74, 0x7c, 0x8b, 0x89, 0x79, 0x75,
  0x8c, 0x8e, 0x77, 0x6c, 0x77, 0x8d, 0x8d, 0x74, 0x7b, 0x89, 0x8a, 0x78,
  0x73, 0x8b, 0x8e, 0x78, 0x6b, 0x74, 0x8c, 0x8f, 0x75, 0x7a, 0x87, 0x8b,
  0x7b, 0x71, 0x89, 0x8f, 0x7b, 0x6b, 0x71, 0x8b, 0x91, 0x77, 0x78, 0x85,
  0x8b, 0x7d, 0x71, 0x86, 0x8f, 0x7c, 0x6c, 0x72, 0x89, 0x8f, 0x79, 0x79,
  0x86, 0x89, 0x7b, 0x74, 0x86, 0x8d, 0x7a, 0x6d, 0x74, 0x89, 0x8c, 0x79,
  0x7b, 0x88, 0x87, 0x78, 0x77, 0x89, 0x8a, 0x77, 0x6f, 0x79, 0x8b, 0x87,
  0x76, 0x7f, 0x8a, 0x85, 0x75, 0x79, 0x8d, 0x88, 0x73, 0x6f, 0x7c, 0x8d,
  0x83, 0x74, 0x83, 0x8b, 0x82, 0x73, 0x7c, 0x91, 0x87, 0x71, 0x70, 0x7f,
  0x90, 0x82, 0x73, 0x85, 0x8d, 0x81, 0x71, 0x7c, 0x93, 0x87, 0x71, 0x6f,
  0x80, 0x91, 0x81, 0x72, 0x85, 0x8d, 0x81, 0x70, 0x7c, 0x93, 0x87, 0x72,
  0x6e, 0x7e, 0x91, 0x83, 0x73, 0x84, 0x8c, 0x82, 0x71, 0x7b, 0x91, 0x87,
  0x75, 0x6f, 0x7b, 0x8f, 0x85, 0x76, 0x81, 0x89, 0x85, 0x74, 0x79, 0x8d,
  0x87, 0x7b, 0x71, 0x77, 0x8b, 0x8a, 0x7a, 0x7e, 0x85, 0x86, 0x7a, 0x77,
  0x87, 0x87, 0x80, 0x74, 0x72, 0x84, 0x90, 0x82, 0x7a, 0x7f, 0x87, 0x83,
  0x78, 0x7e, 0x85, 0x86, 0x7a, 0x6f, 0x79, 0x91, 0x8c, 0x78, 0x77, 0x84,
  0x8c, 0x7c, 0x75, 0x80, 0x8a, 0x81, 0x70, 0x71, 0x8e, 0x98, 0x7b, 0x6e,
  0x7f, 0x92, 0x85, 0x6e, 0x77, 0x8c, 0x8a, 0x74, 0x6b, 0x83, 0x9d, 0x85,
  0x6a, 0x77, 0x92, 0x8f, 0x70, 0x6d, 0x87, 0x91, 0x7b, 0x6b, 0x78, 0x9a,
  0x90, 0x6d, 0x70, 0x8c, 0x96, 0x79, 0x67, 0x7c, 0x94, 0x85, 0x6f, 0x71,
  0x8f, 0x98, 0x77, 0x6c, 0x81, 0x95, 0x85, 0x6a, 0x70, 0x8e, 0x8e, 0x77,
  0x6f, 0x83, 0x97, 0x83, 0x6e, 0x78, 0x8f, 0x8e, 0x71, 0x68, 0x83, 0x93,
  0x82, 0x70, 0x7a, 0x91, 0x8e, 0x75, 0x73, 0x86, 0x91, 0x7e, 0x67, 0x76,
  0x91, 0x8d, 0x76, 0x73, 0x87, 0x92, 0x7d, 0x71, 0x7e, 0x8e, 0x87, 0x6c,
  0x6b, 0x89, 0x95, 0x7f, 0x71, 0x7c, 0x91, 0x87, 0x73, 0x77, 0x88, 0x8c,
  0x76, 0x67, 0x7c, 0x98, 0x8b, 0x74, 0x73, 0x8a, 0x8f, 0x7a, 0x72, 0x81,
  0x8d, 0x80, 0x6a, 0x71, 0x92, 0x94, 0x7c, 0x6f, 0x7e, 0x90, 0x85, 0x73,
  0x79, 0x88, 0x89, 0x72, 0x6a, 0x87, 0x9a, 0x87, 0x6f, 0x73, 0x8d, 0x90,
  0x76, 0x71, 0x80, 0x8c, 0x7c, 0x69, 0x7a, 0x98, 0x91, 0x75, 0x6b, 0x83,
  0x96, 0x81, 0x6e, 0x76, 0x8b, 0x87, 0x6e, 0x70, 0x90, 0x99, 0x7f, 0x68,
  0x77, 0x96, 0x8e, 0x70, 0x6f, 0x85, 0x8c, 0x79, 0x6c, 0x85, 0x9b, 0x8a,
  0x6c, 0x6c, 0x8d, 0x97, 0x78, 0x6a, 0x7b, 0x8b, 0x84, 0x6f, 0x79, 0x96,
  0x93, 0x75, 0x67, 0x81, 0x99, 0x83, 0x6c, 0x74, 0x86, 0x8a, 0x77, 0x72,
  0x8d, 0x97, 0x7f, 0x68, 0x76, 0x95, 0x8c, 0x73, 0x70, 0x7d, 0x8c, 0x82,
  0x71, 0x82, 0x96, 0x88, 0x6c, 0x6e, 0x8e, 0x91, 0x79, 0x6f, 0x77, 0x89,
  0x88, 0x74, 0x7a, 0x91, 0x8d, 0x75, 0x6c, 0x84, 0x93, 0x82, 0x70, 0x70,
  0x84, 0x8e, 0x7b, 0x75, 0x8a, 0x91, 0x7f, 0x6b, 0x7a, 0x91, 0x89, 0x73,
  0x6d, 0x7d, 0x8f, 0x84, 0x74, 0x82, 0x8f, 0x86, 0x71, 0x72, 0x8b, 0x8e,
  0x7b, 0x6c, 0x75, 0x8b, 0x8b, 0x78, 0x7b, 0x8c, 0x8b, 0x78, 0x6f, 0x82,
  0x8f, 0x81, 0x70, 0x70, 0x85, 0x8d, 0x7f, 0x78, 0x86, 0x8c, 0x7f, 0x71,
  0x7a, 0x8c, 0x87, 0x76, 0x6e, 0x7d, 0x8d, 0x86, 0x7a, 0x81, 0x8b, 0x84,
  0x75, 0x74, 0x86, 0x8a, 0x7d, 0x70, 0x75, 0x88, 0x8a, 0x7e, 0x7c, 0x86,
  0x86, 0x7b, 0x74, 0x7e, 0x89, 0x83, 0x76, 0x71, 0x80, 0x8b, 0x85, 0x7d,
  0x81, 0x86, 0x81, 0x78, 0x79, 0x84, 0x86, 0x7d, 0x74, 0x78, 0x87, 0x88,
  0x81, 0x7f, 0x83, 0x83, 0x7e, 0x77, 0x7d, 0x84, 0x81, 0x7b, 0x75, 0x7e,
  0x88, 0x87, 0x81, 0x7f, 0x81, 0x82, 0x7c, 0x77, 0x7f, 0x83, 0x81, 0x78,
  0x76, 0x84, 0x8a, 0x84, 0x7e, 0x7f, 0x82, 0x81, 0x78, 0x7a, 0x82, 0x83,
  0x7d, 0x74, 0x7d, 0x89, 0x87, 0x80, 0x7e, 0x81, 0x83, 0x7b, 0x77, 0x7f,
  0x84, 0x81, 0x77, 0x76, 0x84, 0x89, 0x83, 0x7e, 0x80, 0x83, 0x7f, 0x78,
  0x7c, 0x84, 0x83, 0x7b, 0x74, 0x7d, 0x89, 0x87, 0x7f, 0x7f, 0x82, 0x82,
  0x7b, 0x78, 0x81, 0x85, 0x7f, 0x75, 0x76, 0x85, 0x8a, 0x83, 0x7e, 0x81,
  0x82, 0x7e, 0x77, 0x7c, 0x85, 0x83, 0x7b, 0x74, 0x7d, 0x89, 0x87, 0x80,
  0x7f, 0x82, 0x81, 0x7a, 0x78, 0x82, 0x85, 0x80, 0x77, 0x76, 0x83, 0x8a,
  0x84, 0x7f, 0x80, 0x82, 0x7e, 0x78, 0x7c, 0x85, 0x84, 0x7d, 0x74, 0x7b,
  0x88, 0x88, 0x82, 0x7f, 0x81, 0x80, 0x7b, 0x78, 0x81, 0x85, 0x81, 0x79,
  0x75, 0x81, 0x89, 0x86, 0x80, 0x80, 0x81, 0x7e, 0x78, 0x7b, 0x84, 0x84,
  0x7f, 0x76, 0x7a, 0x86, 0x88, 0x83, 0x80, 0x80, 0x80, 0x7b, 0x79, 0x80,
  0x85, 0x82, 0x7b, 0x76, 0x7f, 0x88, 0x87, 0x81, 0x7f, 0x80, 0x7d, 0x7a,
  0x7c, 0x85, 0x84, 0x7f, 0x78, 0x79, 0x83, 0x87, 0x85, 0x80, 0x7f, 0x7e,
  0x7c, 0x7a, 0x80, 0x86, 0x83, 0x7d, 0x77, 0x7c, 0x85, 0x86, 0x83, 0x80,
  0x7e, 0x7d, 0x7c, 0x7c, 0x83, 0x85, 0x81, 0x7b, 0x78, 0x7f, 0x85, 0x85,
  0x81, 0x7f, 0x7d, 0x7d, 0x7c, 0x7e, 0x84, 0x83, 0x80, 0x79, 0x79, 0x80,
  0x86, 0x84, 0x80, 0x7e, 0x7e, 0x7f, 0x7c, 0x7f, 0x83, 0x83, 0x7f, 0x78,
  0x78, 0x82, 0x88, 0x84, 0x7f, 0x7d, 0x80, 0x7f, 0x7b, 0x7f, 0x84, 0x84,
  0x7e, 0x75, 0x78, 0x84, 0x89, 0x84, 0x7e, 0x7d, 0x81, 0x7f, 0x7a, 0x7f,
  0x85, 0x84, 0x7b, 0x73, 0x7a, 0x88, 0x89, 0x81, 0x7d, 0x7f, 0x83, 0x7d,
  0x79, 0x80, 0x85, 0x83, 0x78, 0x74, 0x7f, 0x8a, 0x88, 0x81, 0x7d, 0x7f,
  0x80, 0x7a, 0x7b, 0x82, 0x84, 0x7e, 0x74, 0x78, 0x85, 0x8b, 0x85, 0x7e,
  0x7d, 0x81, 0x7f, 0x7a, 0x7e, 0x83, 0x82, 0x79, 0x75, 0x7e, 0x89, 0x89,
  0x83, 0x7e, 0x7f, 0x81, 0x7b, 0x7b, 0x80, 0x83, 0x7f, 0x76, 0x78, 0x84,
  0x8b, 0x87, 0x81, 0x7e, 0x80, 0x7e, 0x7a, 0x7e, 0x82, 0x82, 0x7a, 0x75,
  0x7d, 0x88, 0x8b, 0x85, 0x7e, 0x7d, 0x7f, 0x7c, 0x7d, 0x81, 0x81, 0x7e,
  0x76, 0x78, 0x84, 0x8a, 0x88, 0x82, 0x7e, 0x7f, 0x7e, 0x7c, 0x7e, 0x81,
  0x80, 0x7a, 0x75, 0x7e, 0x88, 0x8a, 0x86, 0x80, 0x7e, 0x7e, 0x7b, 0x7c,
  0x81, 0x82, 0x7f, 0x76, 0x77, 0x83, 0x8a, 0x89, 0x84, 0x7f, 0x7d, 0x7c,
  0x7a, 0x7e, 0x83, 0x82, 0x7b, 0x74, 0x7b, 0x88, 0x8b, 0x87, 0x81, 0x7d,
  0x7d, 0x7c, 0x7c, 0x80, 0x82, 0x7f, 0x78, 0x76, 0x81, 0x8a, 0x8a, 0x84,
  0x7f, 0x7d, 0x7e, 0x7b, 0x7c, 0x80, 0x82, 0x7e, 0x77, 0x79, 0x85, 0x8a,
  0x88, 0x82, 0x7e, 0x7d, 0x7d, 0x7b, 0x7e, 0x82, 0x81, 0x7b, 0x76, 0x7d,
  0x88, 0x8b, 0x86, 0x7f, 0x7d, 0x7d, 0x7c, 0x7c, 0x7f, 0x81, 0x7e, 0x78,
  0x78, 0x83, 0x8a, 0x89, 0x83, 0x7e, 0x7d, 0x7e, 0x7c, 0x7d, 0x80, 0x80,
  0x7c, 0x77, 0x7c, 0x86, 0x8a, 0x86, 0x80, 0x7d, 0x7e, 0x7d, 0x7c, 0x7e,
  0x80, 0x7f, 0x7a, 0x78, 0x80, 0x89, 0x89, 0x84, 0x7f, 0x7d, 0x7d, 0x7c,
  0x7d, 0x80, 0x81, 0x7d, 0x78, 0x7a, 0x84, 0x8a, 0x88, 0x82, 0x7d, 0x7c,
  0x7c, 0x7d, 0x7f, 0x82, 0x7f, 0x7a, 0x76, 0x7e, 0x88, 0x8a, 0x85, 0x7f,
  0x7c, 0x7c, 0x7d, 0x7f, 0x82, 0x81, 0x7b, 0x77, 0x79, 0x84, 0x8b, 0x88,
  0x82, 0x7d, 0x7c, 0x7e, 0x7f, 0x80, 0x81, 0x7e, 0x79, 0x77, 0x7e, 0x87,
  0x89, 0x85, 0x80, 0x7d, 0x7d, 0x7e, 0x7f, 0x81, 0x80, 0x7c, 0x78, 0x79,
  0x81, 0x89, 0x88, 0x83, 0x7f, 0x7d, 0x7d, 0x7e, 0x80, 0x81, 0x7f, 0x7a,
  0x77, 0x7b, 0x85, 0x89, 0x87, 0x82, 0x7e, 0x7c, 0x7d, 0x80, 0x81, 0x81,
  0x7d, 0x78, 0x77, 0x7e, 0x88, 0x8a, 0x86, 0x80, 0x7c, 0x7d, 0x7f, 0x81,
  0x81, 0x7f, 0x7b, 0x77, 0x79, 0x82, 0x89, 0x88, 0x84, 0x7e, 0x7c, 0x7d,
  0x80, 0x81, 0x81, 0x7e, 0x79, 0x77, 0x7b, 0x85, 0x8a, 0x88, 0x82, 0x7d,
  0x7c, 0x7f, 0x81, 0x81, 0x80, 0x7c, 0x77, 0x77, 0x7e, 0x87, 0x8a, 0x86,
  0x81, 0x7c, 0x7c, 0x7f, 0x81, 0x81, 0x7f, 0x7a, 0x76, 0x78, 0x82, 0x89,
  0x89, 0x84, 0x7f, 0x7c, 0x7d, 0x80, 0x82, 0x81, 0x7d, 0x78, 0x76, 0x7b,
  0x85, 0x8a, 0x88, 0x83, 0x7d, 0x7c, 0x7e, 0x81, 0x82, 0x7f, 0x7a, 0x77,
  0x77, 0x7f, 0x88, 0x89, 0x86, 0x81, 0x7e, 0x7d, 0x7f, 0x80, 0x7f, 0x7d,
  0x7a, 0x78, 0x7a, 0x81, 0x87, 0x88, 0x85, 0x81, 0x7f, 0x7e, 0x7e, 0x7e,
  0x7e, 0x7e, 0x7c, 0x79, 0x79, 0x7f, 0x86, 0x88, 0x86, 0x82, 0x7f, 0x7c,
  0x7d, 0x7f, 0x80, 0x7f, 0x7b, 0x77, 0x78, 0x80, 0x87, 0x89, 0x86, 0x81,
  0x7e, 0x7c, 0x7e, 0x80, 0x81, 0x80, 0x7b, 0x77, 0x7a, 0x81, 0x86, 0x87,
  0x85, 0x81, 0x7e, 0x7d, 0x7e, 0x80, 0x81, 0x7f, 0x7b, 0x79, 0x7a, 0x80,
  0x85, 0x86, 0x85, 0x82, 0x7f, 0x7d, 0x7e, 0x7f, 0x80, 0x80, 0x7d, 0x7a,
  0x7a, 0x7e, 0x83, 0x86, 0x86, 0x83, 0x80, 0x7d, 0x7d, 0x7f, 0x80, 0x80,
  0x7c, 0x79, 0x79, 0x7d, 0x84, 0x87, 0x86, 0x83, 0x7f, 0x7d, 0x7e, 0x80,
  0x81, 0x7f, 0x7b, 0x78, 0x79, 0x7e, 0x85, 0x87, 0x86, 0x83, 0x7f, 0x7e,
  0x80, 0x81, 0x80, 0x7d, 0x79, 0x77, 0x79, 0x7f, 0x86, 0x88, 0x86, 0x82,
  0x7e, 0x7e, 0x80, 0x81, 0x80, 0x7d, 0x78, 0x76, 0x79, 0x80, 0x87, 0x89,
  0x86, 0x81, 0x7d, 0x7d, 0x80, 0x82, 0x81, 0x7d, 0x78, 0x75, 0x78, 0x81,
  0x8a, 0x8b, 0x86, 0x80, 0x7b, 0x7b, 0x80, 0x82, 0x82, 0x7e, 0x77, 0x74,
  0x78, 0x81, 0x89, 0x8b, 0x86, 0x7f, 0x7b, 0x7b, 0x80, 0x83, 0x83, 0x7f,
  0x79, 0x75, 0x78, 0x7e, 0x86, 0x8a, 0x87, 0x81, 0x7d, 0x7c, 0x7f, 0x82,
  0x83, 0x81, 0x7c, 0x78, 0x76, 0x7a, 0x82, 0x87, 0x87, 0x84, 0x7f, 0x7c,
  0x7e, 0x81, 0x83, 0x83, 0x80, 0x7b, 0x77, 0x77, 0x7c, 0x83, 0x87, 0x86,
  0x83, 0x7e, 0x7c, 0x7e, 0x82, 0x85, 0x83, 0x7e, 0x78, 0x74, 0x77, 0x7e,
  0x86, 0x89, 0x87, 0x82, 0x7d, 0x7d, 0x81, 0x84, 0x85, 0x82, 0x7a, 0x74,
  0x73, 0x78, 0x82, 0x8a, 0x8b, 0x86, 0x7f, 0x7c, 0x7e, 0x82, 0x85, 0x84,
  0x7e, 0x76, 0x72, 0x74, 0x7e, 0x87, 0x8b, 0x89, 0x83, 0x7e, 0x7d, 0x80,
  0x83, 0x83, 0x80, 0x79, 0x74, 0x73, 0x79, 0x82, 0x89, 0x8a, 0x87, 0x81,
  0x7e, 0x7e, 0x81, 0x82, 0x82, 0x7d, 0x77, 0x74, 0x76, 0x7d, 0x86, 0x8a,
  0x89, 0x84, 0x7f, 0x7d, 0x7f, 0x82, 0x83, 0x80, 0x7a, 0x75, 0x74, 0x79,
  0x83, 0x89, 0x8a, 0x86, 0x7f, 0x7c, 0x7e, 0x81, 0x83, 0x83, 0x7d, 0x76,
  0x73, 0x77, 0x7f, 0x88, 0x8b, 0x87, 0x81, 0x7d, 0x7d, 0x81, 0x85, 0x84,
  0x80, 0x79, 0x73, 0x74, 0x7b, 0x84, 0x89, 0x88, 0x83, 0x7e, 0x7c, 0x80,
  0x84, 0x85, 0x83, 0x7c, 0x75, 0x73, 0x77, 0x80, 0x87, 0x89, 0x86, 0x80,
  0x7d, 0x7e, 0x83, 0x86, 0x85, 0x80, 0x78, 0x73, 0x73, 0x7a, 0x84, 0x89,
  0x88, 0x83, 0x7e, 0x7c, 0x80, 0x85, 0x86, 0x84, 0x7d, 0x75, 0x72, 0x76,
  0x7e, 0x87, 0x8a, 0x87, 0x81, 0x7d, 0x7d, 0x82, 0x86, 0x86, 0x80, 0x78,
  0x72, 0x72, 0x79, 0x83, 0x8a, 0x89, 0x85, 0x80, 0x7d, 0x80, 0x85, 0x86,
  0x83, 0x7d, 0x75, 0x71, 0x74, 0x7d, 0x86, 0x8b, 0x88, 0x83, 0x7e, 0x7e,
  0x81, 0x85, 0x85, 0x81, 0x7a, 0x74, 0x72, 0x77, 0x80, 0x88, 0x8a, 0x87,
  0x82, 0x7e, 0x7e, 0x82, 0x84, 0x84, 0x80, 0x78, 0x73, 0x73, 0x79, 0x81,
  0x88, 0x89, 0x85, 0x81, 0x7d, 0x7f, 0x83, 0x85, 0x84, 0x7f, 0x78, 0x73,
  0x74, 0x7a, 0x83, 0x89, 0x89, 0x85, 0x80, 0x7d, 0x7f, 0x83, 0x85, 0x83,
  0x7e, 0x77, 0x73, 0x74, 0x7b, 0x84, 0x89, 0x89, 0x84, 0x7f, 0x7d, 0x7f,
  0x83, 0x85, 0x83, 0x7c, 0x76, 0x72, 0x75, 0x7d, 0x86, 0x8a, 0x88, 0x83,
  0x7e, 0x7d, 0x81, 0x84, 0x85, 0x82, 0x7b, 0x74, 0x72, 0x76, 0x7e, 0x87,
  0x8a, 0x87, 0x82, 0x7f, 0x7f, 0x82, 0x85, 0x85, 0x80, 0x79, 0x74, 0x72,
  0x78, 0x80, 0x87, 0x89, 0x86, 0x82, 0x7f, 0x80, 0x83, 0x85, 0x84, 0x7f,
  0x79, 0x74, 0x74, 0x79, 0x81, 0x87, 0x88, 0x86, 0x82, 0x80, 0x80, 0x83,
  0x84, 0x83, 0x7e, 0x79, 0x75, 0x75, 0x7a, 0x81, 0x86, 0x88, 0x85, 0x82,
  0x7f, 0x80, 0x82, 0x83, 0x82, 0x7e, 0x79, 0x75, 0x75, 0x7b, 0x82, 0x87,
  0x88, 0x86, 0x82, 0x7f, 0x7f, 0x81, 0x83, 0x81, 0x7d, 0x78, 0x75, 0x76,
  0x7c, 0x83, 0x87, 0x88, 0x85, 0x81, 0x7e, 0x7f, 0x81, 0x82, 0x81, 0x7d,
  0x78, 0x76, 0x77, 0x7d, 0x84, 0x88, 0x88, 0x84, 0x80, 0x7e, 0x7f, 0x81,
  0x82, 0x81, 0x7c, 0x77, 0x75, 0x78, 0x7e, 0x85, 0x88, 0x88, 0x84, 0x80,
  0x7e, 0x7f, 0x81, 0x82, 0x80, 0x7b, 0x77, 0x76, 0x7a, 0x81, 0x86, 0x89,
  0x87, 0x82, 0x7e, 0x7e, 0x80, 0x82, 0x82, 0x7e, 0x79, 0x75, 0x76, 0x7c,
  0x84, 0x88, 0x89, 0x85, 0x80, 0x7e, 0x7f, 0x82, 0x83, 0x82, 0x7c, 0x77,
  0x74, 0x77, 0x7f, 0x86, 0x89, 0x88, 0x83, 0x7f, 0x7e, 0x80, 0x83, 0x83,
  0x7f, 0x7a, 0x75, 0x75, 0x7a, 0x82, 0x88, 0x89, 0x86, 0x82, 0x7e, 0x7e,
  0x81, 0x83, 0x82, 0x7e, 0x78, 0x75, 0x76, 0x7b, 0x83, 0x88, 0x89, 0x86,
  0x82, 0x7f, 0x7f, 0x81, 0x82, 0x81, 0x7d, 0x78, 0x75, 0x76, 0x7b, 0x83,
  0x88, 0x89, 0x86, 0x82, 0x7f, 0x7f, 0x81, 0x82, 0x81, 0x7d, 0x78, 0x75,
  0x76, 0x7b, 0x83, 0x88, 0x89, 0x86, 0x82, 0x7f, 0x7f, 0x81, 0x82, 0x81,
  0x7d, 0x78, 0x75, 0x76, 0x7b, 0x83, 0x89, 0x8a, 0x86, 0x81, 0x7e, 0x7e,
  0x81, 0x82, 0x81, 0x7d, 0x78, 0x75, 0x76, 0x7c, 0x84, 0x89, 0x8a, 0x86,
  0x81, 0x7e, 0x7f, 0x81, 0x83, 0x81, 0x7d, 0x77, 0x75, 0x76, 0x7c, 0x84,
  0x89, 0x89, 0x86, 0x81, 0x7e, 0x7f, 0x81, 0x82, 0x81, 0x7c, 0x77, 0x75,
  0x76, 0x7b, 0x83, 0x88, 0x8a, 0x87, 0x82, 0x7f, 0x7f, 0x81, 0x82, 0x81,
  0x7d, 0x78, 0x75, 0x76, 0x7a, 0x81, 0x88, 0x89, 0x87, 0x83, 0x7f, 0x7f,
  0x80, 0x82, 0x81, 0x7d, 0x78, 0x75, 0x75, 0x79, 0x81, 0x87, 0x8a, 0x88,
  0x84, 0x80, 0x7f, 0x80, 0x82, 0x81, 0x7e, 0x79, 0x75, 0x75, 0x78, 0x7f,
  0x86, 0x8a, 0x88, 0x84, 0x80, 0x7e, 0x80, 0x82, 0x82, 0x7f, 0x7a, 0x76,
  0x74, 0x77, 0x7e, 0x85, 0x8a, 0x89, 0x86, 0x81, 0x7e, 0x7f, 0x81, 0x82,
  0x80, 0x7c, 0x77, 0x74, 0x76, 0x7c, 0x83, 0x89, 0x8a, 0x87, 0x83, 0x7f,
  0x7e, 0x80, 0x81, 0x80, 0x7d, 0x79, 0x75, 0x75, 0x7a, 0x81, 0x88, 0x8b,
  0x89, 0x84, 0x80, 0x7e, 0x7f, 0x81, 0x81, 0x7f, 0x7a, 0x76, 0x75, 0x78,
  0x7f, 0x87, 0x8b, 0x8a, 0x86, 0x81, 0x7d, 0x7e, 0x80, 0x82, 0x80, 0x7c,
  0x77, 0x75, 0x76, 0x7c, 0x84, 0x8b, 0x8c, 0x88, 0x83, 0x7e, 0x7d, 0x7f,
  0x81, 0x81, 0x7e, 0x79, 0x75, 0x75, 0x7a, 0x81, 0x89, 0x8c, 0x89, 0x84,
  0x7f, 0x7d, 0x7e, 0x80, 0x81, 0x7f, 0x7a, 0x76, 0x75, 0x78, 0x7f, 0x86,
  0x8b, 0x8a, 0x86, 0x81, 0x7d, 0x7d, 0x7f, 0x80, 0x7f, 0x7c, 0x78, 0x76,
  0x78, 0x7d, 0x84, 0x89, 0x8a, 0x88, 0x83, 0x7f, 0x7d, 0x7e, 0x7f, 0x7f,
  0x7d, 0x79, 0x77, 0x77, 0x7b, 0x82, 0x88, 0x8a, 0x89, 0x84, 0x7f, 0x7d,
  0x7d, 0x7f, 0x7f, 0x7d, 0x7a, 0x77, 0x77, 0x7a, 0x81, 0x87, 0x8a, 0x89,
  0x84, 0x7f, 0x7d, 0x7d, 0x7f, 0x80, 0x7e, 0x7a, 0x77, 0x76, 0x79, 0x80,
  0x87, 0x8a, 0x89, 0x85, 0x80, 0x7d, 0x7e, 0x80, 0x80, 0x7e, 0x7a, 0x77,
  0x76, 0x79, 0x7f, 0x86, 0x8a, 0x89, 0x85, 0x81, 0x7e, 0x7e, 0x80, 0x81,
  0x7f, 0x7c, 0x78, 0x76, 0x78, 0x7d, 0x84, 0x8a, 0x8a, 0x87, 0x82, 0x7e,
  0x7d, 0x80, 0x81, 0x80, 0x7d, 0x79, 0x76, 0x76, 0x7b, 0x83, 0x89, 0x8b,
  0x88, 0x82, 0x7e, 0x7d, 0x7f, 0x82, 0x81, 0x7e, 0x79, 0x76, 0x76, 0x7a,
  0x80, 0x87, 0x8b, 0x89, 0x84, 0x7f, 0x7d, 0x7e, 0x81, 0x81, 0x7f, 0x7b,
  0x77, 0x76, 0x78, 0x7e, 0x85, 0x8a, 0x8a, 0x86, 0x81, 0x7d, 0x7d, 0x80,
  0x81, 0x80, 0x7c, 0x78, 0x76, 0x78, 0x7c, 0x83, 0x88, 0x8a, 0x88, 0x83,
  0x7f, 0x7d, 0x7f, 0x80, 0x80, 0x7d, 0x7a, 0x77, 0x77, 0x7a, 0x80, 0x86,
  0x89, 0x89, 0x86, 0x81, 0x7e, 0x7e, 0x7f, 0x80, 0x7e, 0x7b, 0x78, 0x77,
  0x79, 0x7d, 0x83, 0x87, 0x89, 0x88, 0x84, 0x7f, 0x7d, 0x7e, 0x7f, 0x7f,
  0x7d, 0x7a, 0x78, 0x78, 0x7b, 0x80, 0x85, 0x89, 0x89, 0x86, 0x82, 0x7e,
  0x7d, 0x7e, 0x7f, 0x7e, 0x7c, 0x79, 0x78, 0x79, 0x7d, 0x82, 0x87, 0x8a,
  0x88, 0x84, 0x7f, 0x7c, 0x7d, 0x7f, 0x7f, 0x7e, 0x7b, 0x79, 0x78, 0x7b,
  0x7f, 0x85, 0x89, 0x89, 0x86, 0x82, 0x7e, 0x7b, 0x7d, 0x7f, 0x7f, 0x7d,
  0x7b, 0x78, 0x79, 0x7c, 0x81, 0x86, 0x89, 0x88, 0x85, 0x80, 0x7c, 0x7b,
  0x7d, 0x7f, 0x7f, 0x7d, 0x7a, 0x78, 0x7a, 0x7e, 0x83, 0x87, 0x89, 0x87,
  0x83, 0x7f, 0x7c, 0x7c, 0x7e, 0x7f, 0x7d, 0x7b, 0x79, 0x7a, 0x7d, 0x80,
  0x84, 0x87, 0x88, 0x86, 0x83, 0x7f, 0x7d, 0x7d, 0x7e, 0x7e, 0x7c, 0x7b,
  0x7a, 0x7b, 0x7e, 0x81, 0x84, 0x87, 0x88, 0x86, 0x82, 0x7e, 0x7c, 0x7c,
  0x7d, 0x7d, 0x7c, 0x7b, 0x7b, 0x7c, 0x7f, 0x82, 0x85, 0x88, 0x87, 0x85,
  0x81, 0x7d, 0x7b, 0x7c, 0x7d, 0x7d, 0x7c, 0x7b, 0x7b, 0x7d, 0x80, 0x83,
  0x85, 0x87, 0x87, 0x85, 0x81, 0x7d, 0x7b, 0x7b, 0x7c, 0x7c, 0x7c, 0x7c,
  0x7d, 0x7e, 0x80, 0x82, 0x85, 0x87, 0x88, 0x85, 0x80, 0x7b, 0x79, 0x7a,
  0x7c, 0x7e, 0x7e, 0x7e, 0x7d, 0x7d, 0x7f, 0x83, 0x87, 0x89, 0x88, 0x83,
  0x7e, 0x79, 0x79, 0x7c, 0x7f, 0x7f, 0x7e, 0x7c, 0x7b, 0x7d, 0x80, 0x85,
  0x88, 0x89, 0x86, 0x80, 0x7b, 0x79, 0x7a, 0x7e, 0x80, 0x7f, 0x7d, 0x7b,
  0x7b, 0x7f, 0x83, 0x86, 0x89, 0x87, 0x83, 0x7e, 0x7b, 0x7a, 0x7c, 0x7e,
  0x7f, 0x7d, 0x7b, 0x7b, 0x7c, 0x80, 0x84, 0x87, 0x88, 0x86, 0x82, 0x7e,
  0x7b, 0x7a, 0x7c, 0x7e, 0x7e, 0x7c, 0x7b, 0x7c, 0x7e, 0x81, 0x85, 0x87,
  0x88, 0x85, 0x81, 0x7d, 0x7b, 0x7b, 0x7d, 0x7e, 0x7d, 0x7c, 0x7c, 0x7c,
  0x7f, 0x83, 0x86, 0x87, 0x87, 0x84, 0x80, 0x7d, 0x7b, 0x7c, 0x7d, 0x7e,
  0x7d, 0x7c, 0x7c, 0x7d, 0x81, 0x84, 0x86, 0x87, 0x86, 0x82, 0x7f, 0x7c,
  0x7b, 0x7c, 0x7d, 0x7d, 0x7c, 0x7c, 0x7d, 0x7e, 0x81, 0x84, 0x86, 0x86,
  0x85, 0x82, 0x7e, 0x7c, 0x7b, 0x7c, 0x7d, 0x7d, 0x7d, 0x7c, 0x7d, 0x7f,
  0x81, 0x84, 0x86, 0x86, 0x84, 0x81, 0x7d, 0x7b, 0x7c, 0x7d, 0x7e, 0x7e,
  0x7d, 0x7d, 0x7d, 0x7e, 0x81, 0x84, 0x87, 0x87, 0x84, 0x80, 0x7c, 0x7b,
  0x7c, 0x7e, 0x7f, 0x7e, 0x7d, 0x7c, 0x7c, 0x7e, 0x82, 0x85, 0x87, 0x86,
  0x83, 0x7f, 0x7c, 0x7c, 0x7d, 0x7f, 0x7f, 0x7d, 0x7c, 0x7b, 0x7c, 0x7f,
  0x83, 0x86, 0x87, 0x86, 0x82, 0x7f, 0x7c, 0x7c, 0x7e, 0x7f, 0x7e, 0x7d,
  0x7b, 0x7b, 0x7c, 0x80, 0x83, 0x86, 0x87, 0x86, 0x82, 0x7f, 0x7d, 0x7c,
  0x7e, 0x7e, 0x7e, 0x7c, 0x7b, 0x7b, 0x7d, 0x80, 0x83, 0x86, 0x87, 0x85,
  0x82, 0x7f, 0x7d, 0x7c, 0x7d, 0x7e, 0x7d, 0x7c, 0x7b, 0x7b, 0x7d, 0x80,
  0x83, 0x85, 0x86, 0x86, 0x83, 0x80, 0x7d, 0x7c, 0x7d, 0x7d, 0x7d, 0x7c,
  0x7b, 0x7c, 0x7d, 0x80, 0x83, 0x85, 0x87, 0x86, 0x84, 0x81, 0x7e, 0x7c,
  0x7c, 0x7d, 0x7d, 0x7c, 0x7c, 0x7c, 0x7d, 0x7f, 0x82, 0x85, 0x86, 0x86,
  0x84, 0x81, 0x7e, 0x7c, 0x7c, 0x7d, 0x7d, 0x7d, 0x7c, 0x7c, 0x7d, 0x7f,
  0x82, 0x85, 0x86, 0x86, 0x84, 0x81, 0x7e, 0x7c, 0x7c, 0x7d, 0x7d, 0x7d,
  0x7c, 0x7c, 0x7d, 0x7f, 0x82, 0x84, 0x86, 0x86, 0x84, 0x81, 0x7e, 0x7c,
  0x7c, 0x7d, 0x7e, 0x7d, 0x7d, 0x7c, 0x7d, 0x7f, 0x81, 0x84, 0x86, 0x86,
  0x84, 0x81, 0x7e, 0x7c, 0x7c, 0x7d, 0x7e, 0x7d, 0x7d, 0x7c, 0x7d, 0x7f,
  0x81, 0x84, 0x86, 0x86, 0x84, 0x81, 0x7e, 0x7c, 0x7c, 0x7d, 0x7e, 0x7d,
  0x7c, 0x7c, 0x7d, 0x7f, 0x81, 0x84, 0x86, 0x86, 0x84, 0x81, 0x7e, 0x7c,
  0x7c, 0x7d, 0x7d, 0x7d, 0x7d, 0x7c, 0x7d, 0x7f, 0x81, 0x84, 0x86, 0x86,
  0x84, 0x81, 0x7e, 0x7c, 0x7c, 0x7d, 0x7e, 0x7e, 0x7d, 0x7c, 0x7d, 0x7e,
  0x81, 0x84, 0x86, 0x86, 0x84, 0x81, 0x7e, 0x7c, 0x7c, 0x7d, 0x7e, 0x7e,
  0x7d, 0x7c, 0x7c, 0x7e, 0x81, 0x84, 0x86, 0x86, 0x84, 0x81, 0x7d, 0x7c,
  0x7c, 0x7d, 0x7e, 0x7e, 0x7d, 0x7c, 0x7c, 0x7e, 0x81, 0x84, 0x86, 0x87,
  0x84, 0x81, 0x7e, 0x7c, 0x7c, 0x7e, 0x7e, 0x7e, 0x7d, 0x7c, 0x7c, 0x7e,
  0x81, 0x84, 0x86, 0x86, 0x84, 0x81, 0x7d, 0x7c, 0x7c, 0x7d, 0x7e, 0x7d,
  0x7c, 0x7c, 0x7d, 0x7f, 0x81, 0x84, 0x86, 0x86, 0x84, 0x81, 0x7e, 0x7c,
  0x7c, 0x7d, 0x7d, 0x7d, 0x7c, 0x7c, 0x7d, 0x7f, 0x81, 0x84, 0x86, 0x86,
  0x84, 0x81, 0x7e, 0x7b, 0x7c, 0x7d, 0x7d, 0x7d, 0x7d, 0x7c, 0x7d, 0x7f,
  0x81, 0x84, 0x86, 0x87, 0x85, 0x81, 0x7d, 0x7b, 0x7b, 0x7d, 0x7e, 0x7e,
  0x7d, 0x7d, 0x7d, 0x7e, 0x81, 0x84, 0x87, 0x87, 0x84, 0x80, 0x7c, 0x7a,
  0x7b, 0x7d, 0x7e, 0x7e, 0x7d, 0x7c, 0x7c, 0x7e, 0x82, 0x85, 0x88, 0x87,
  0x84, 0x80, 0x7c, 0x7a, 0x7b, 0x7d, 0x7e, 0x7e, 0x7d, 0x7c, 0x7c, 0x7f,
  0x82, 0x86, 0x88, 0x87, 0x83, 0x7f, 0x7b, 0x7a, 0x7c, 0x7e, 0x7f, 0x7e,
  0x7d, 0x7c, 0x7c, 0x7f, 0x82, 0x86, 0x88, 0x87, 0x83, 0x7f, 0x7b, 0x7a,
  0x7c, 0x7e, 0x7e, 0x7e, 0x7d, 0x7c, 0x7d, 0x7f, 0x82, 0x86, 0x88, 0x86,
  0x83, 0x7e, 0x7b, 0x7a, 0x7c, 0x7e, 0x7e, 0x7e, 0x7d, 0x7c, 0x7d, 0x80,
  0x83, 0x86, 0x88, 0x86, 0x83, 0x7e, 0x7b, 0x7b, 0x7c, 0x7e, 0x7e, 0x7e,
  0x7d, 0x7c, 0x7d, 0x7f, 0x83, 0x86, 0x87, 0x86, 0x82, 0x7e, 0x7b, 0x7b,
  0x7c, 0x7d, 0x7e, 0x7e, 0x7d, 0x7d, 0x7d, 0x80, 0x83, 0x86, 0x87, 0x86,
  0x82, 0x7e, 0x7b, 0x7b, 0x7c, 0x7e, 0x7e, 0x7e, 0x7d, 0x7d, 0x7e, 0x80,
  0x83, 0x86, 0x87, 0x85, 0x82, 0x7e, 0x7b, 0x7b, 0x7c, 0x7e, 0x7f, 0x7e,
  0x7e, 0x7d, 0x7e, 0x80, 0x83, 0x86, 0x87, 0x85, 0x81, 0x7d, 0x7b, 0x7b,
  0x7c, 0x7e, 0x7f, 0x7e, 0x7e, 0x7d, 0x7e, 0x80, 0x83, 0x86, 0x87, 0x85,
  0x81, 0x7d, 0x7a, 0x7b, 0x7d, 0x7e, 0x7f, 0x7f, 0x7e, 0x7d, 0x7e, 0x80,
  0x83, 0x86, 0x87, 0x85, 0x81, 0x7d, 0x7a, 0x7b, 0x7d, 0x7e, 0x7f, 0x7f,
  0x7e, 0x7d, 0x7e, 0x80, 0x83, 0x86, 0x87, 0x85, 0x81, 0x7c, 0x7a, 0x7b,
  0x7d, 0x7f, 0x80, 0x7f, 0x7e, 0x7d, 0x7d, 0x7f, 0x83, 0x86, 0x87, 0x84,
  0x80, 0x7d, 0x7a, 0x7b, 0x7d, 0x7f, 0x7f, 0x7f, 0x7e, 0x7d, 0x7d, 0x7f,
  0x83, 0x86, 0x87, 0x84, 0x80, 0x7d, 0x7b, 0x7c, 0x7e, 0x7f, 0x80, 0x7f,
  0x7d, 0x7c, 0x7d, 0x7f, 0x83, 0x86, 0x87, 0x84, 0x80, 0x7d, 0x7b, 0x7c,
  0x7e, 0x7f, 0x80, 0x7f, 0x7d, 0x7c, 0x7d, 0x7f, 0x82, 0x86, 0x86, 0x85,
  0x81, 0x7d, 0x7b, 0x7c, 0x7d, 0x7f, 0x7f, 0x7f, 0x7d, 0x7d, 0x7d, 0x7f,
  0x82, 0x85, 0x86, 0x85, 0x82, 0x7e, 0x7b, 0x7c, 0x7d, 0x7f, 0x7f, 0x7f,
  0x7e, 0x7d, 0x7d, 0x7e, 0x81, 0x85, 0x86, 0x85, 0x82, 0x7e, 0x7c, 0x7b,
  0x7d, 0x7e, 0x7f, 0x7f, 0x7e, 0x7d, 0x7d, 0x7e, 0x81, 0x84, 0x86, 0x86,
  0x83, 0x7f, 0x7c, 0x7b, 0x7c, 0x7e, 0x7f, 0x7f, 0x7e, 0x7d, 0x7d, 0x7e,
  0x81, 0x84, 0x86, 0x86, 0x83, 0x7f, 0x7c, 0x7b, 0x7c, 0x7e, 0x7f, 0x7f,
  0x7f, 0x7d, 0x7d, 0x7e, 0x80, 0x84, 0x87, 0x86, 0x83, 0x7f, 0x7c, 0x7a,
  0x7b, 0x7d, 0x7f, 0x7f, 0x7f, 0x7e, 0x7d, 0x7e, 0x80, 0x84, 0x86, 0x87,
  0x84, 0x80, 0x7c, 0x7a, 0x7b, 0x7d, 0x7f, 0x80, 0x7f, 0x7e, 0x7d, 0x7d,
  0x7f, 0x83, 0x86, 0x86, 0x84, 0x81, 0x7d, 0x7a, 0x7b, 0x7d, 0x7e, 0x80,
  0x80, 0x7f, 0x7e, 0x7e, 0x7f, 0x81, 0x84, 0x86, 0x85, 0x81, 0x7e, 0x7b,
  0x7b, 0x7c, 0x7e, 0x80, 0x80, 0x80, 0x7f, 0x7e, 0x7e, 0x80, 0x83, 0x85,
  0x85, 0x82, 0x7f, 0x7c, 0x7b, 0x7c, 0x7e, 0x80, 0x80, 0x80, 0x7f, 0x7e,
  0x7d, 0x7f, 0x81, 0x83, 0x84, 0x83, 0x80, 0x7e, 0x7c, 0x7d, 0x7e, 0x80,
  0x80, 0x80, 0x7f, 0x7e, 0x7d, 0x7e, 0x7f, 0x81, 0x83, 0x83, 0x82, 0x80,
  0x7e, 0x7e, 0x7e, 0x7f, 0x80, 0x80, 0x7f, 0x7e, 0x7e, 0x7d, 0x7e, 0x7f,
  0x81, 0x83, 0x83, 0x82, 0x81, 0x7f, 0x7f, 0x7f, 0x7f, 0x7f, 0x7f, 0x7f,
  0x7e, 0x7d, 0x7d, 0x7d, 0x7f, 0x81, 0x84, 0x84, 0x83, 0x82, 0x80, 0x7e,
  0x7e, 0x7e, 0x7f, 0x7f, 0x7e, 0x7d, 0x7c, 0x7b, 0x7d, 0x80, 0x84, 0x86,
  0x85, 0x83, 0x81, 0x7e, 0x7e, 0x7e, 0x7e, 0x7f, 0x7e, 0x7c, 0x7b, 0x7b,
  0x7c, 0x80, 0x83, 0x86, 0x86, 0x85, 0x82, 0x7f, 0x7e, 0x7e, 0x7e, 0x7e,
  0x7e, 0x7c, 0x7b, 0x7a, 0x7c, 0x7f, 0x82, 0x85, 0x86, 0x85, 0x83, 0x80,
  0x7e, 0x7e, 0x7e, 0x7e, 0x7e, 0x7d, 0x7c, 0x7b, 0x7b, 0x7e, 0x81, 0x83,
  0x85, 0x85, 0x83, 0x81, 0x7f, 0x7e, 0x7e, 0x7e, 0x7e, 0x7e, 0x7e, 0x7d,
  0x7c, 0x7d, 0x7f, 0x81, 0x84, 0x85, 0x84, 0x82, 0x7f, 0x7e, 0x7d, 0x7e,
  0x7f, 0x7f, 0x7f, 0x7f, 0x7e, 0x7d, 0x7e, 0x80, 0x82, 0x83, 0x83, 0x82,
  0x80, 0x7e, 0x7e, 0x7e, 0x7f, 0x80, 0x80, 0x7f, 0x7f, 0x7e, 0x7e, 0x7f,
  0x80, 0x81, 0x81, 0x81, 0x80, 0x7f, 0x7f, 0x7f, 0x7f, 0x7f, 0x7f, 0x80,
  0x80, 0x80, 0x80, 0x80, 0x7f, 0x7f, 0x7f, 0x7f, 0x7f, 0x80, 0x80, 0x80,
  0x80, 0x7f, 0x7e, 0x7f, 0x80, 0x81, 0x82, 0x81, 0x7f, 0x7d, 0x7d, 0x7d,
  0x7e, 0x80, 0x81, 0x81, 0x80, 0x7f, 0x7f, 0x7f, 0x81, 0x82, 0x82, 0x81,
  0x80, 0x7d, 0x7c, 0x7c, 0x7d, 0x7f, 0x81, 0x82, 0x81, 0x80, 0x80, 0x80,
  0x81, 0x82, 0x82, 0x81, 0x7f, 0x7e, 0x7c, 0x7b, 0x7d, 0x7e, 0x7f, 0x81,
  0x82, 0x81, 0x81, 0x81, 0x81, 0x81, 0x81, 0x81, 0x7f, 0x7e, 0x7d, 0x7c,
  0x7c, 0x7d, 0x7e, 0x80, 0x82, 0x82, 0x82, 0x82, 0x82, 0x81, 0x81, 0x81,
  0x80, 0x7e, 0x7d, 0x7c, 0x7b, 0x7b, 0x7d, 0x7f, 0x81, 0x83, 0x83, 0x82,
  0x82, 0x81, 0x80, 0x81, 0x81, 0x80, 0x7e, 0x7d, 0x7b, 0x7a, 0x7b, 0x7e,
  0x80, 0x82, 0x83, 0x83, 0x81, 0x81, 0x81, 0x81, 0x81, 0x81, 0x80, 0x7e,
  0x7c, 0x7b, 0x7b, 0x7c, 0x7f, 0x80, 0x82, 0x82, 0x82, 0x81, 0x81, 0x81,
  0x81, 0x81, 0x81, 0x80, 0x7e, 0x7d, 0x7c, 0x7b, 0x7c, 0x7e, 0x80, 0x82,
  0x82, 0x82, 0x81, 0x81, 0x80, 0x81, 0x81, 0x81, 0x80, 0x7f, 0x7e, 0x7c,
  0x7b, 0x7c, 0x7e, 0x80, 0x82, 0x82, 0x81, 0x80, 0x80, 0x80, 0x81, 0x81,
  0x82, 0x81, 0x7f, 0x7d, 0x7c, 0x7b, 0x7d, 0x7f, 0x81, 0x82, 0x81, 0x81,
  0x80, 0x80, 0x80, 0x81, 0x82, 0x82, 0x80, 0x7f, 0x7d, 0x7c, 0x7c, 0x7d,
  0x80, 0x81, 0x81, 0x81, 0x80, 0x80, 0x80, 0x80, 0x81, 0x81, 0x81, 0x80,
  0x7d, 0x7c, 0x7b, 0x7c, 0x7e, 0x80, 0x81, 0x81, 0x81, 0x80, 0x80, 0x80,
  0x81, 0x81, 0x81, 0x80, 0x7e, 0x7c, 0x7b, 0x7c, 0x7d, 0x7f, 0x81, 0x82,
  0x81, 0x81, 0x80, 0x80, 0x81, 0x82, 0x82, 0x81, 0x7f, 0x7c, 0x7b, 0x7b,
  0x7d, 0x7f, 0x81, 0x81, 0x81, 0x81, 0x80, 0x81, 0x82, 0x82, 0x82, 0x81,
  0x7f, 0x7c, 0x7b, 0x7c, 0x7d, 0x7f, 0x80, 0x81, 0x80, 0x80, 0x80, 0x81,
  0x82, 0x83, 0x82, 0x81, 0x7f, 0x7c, 0x7c, 0x7c, 0x7e, 0x7f, 0x80, 0x80,
  0x7f, 0x7f, 0x80, 0x81, 0x82, 0x83, 0x82, 0x81, 0x7e, 0x7d, 0x7c, 0x7d,
  0x7f, 0x80, 0x80, 0x7f, 0x7e, 0x7e, 0x7f, 0x81, 0x82, 0x83, 0x82, 0x80,
  0x7e, 0x7d, 0x7d, 0x7f, 0x80, 0x81, 0x80, 0x7f, 0x7e, 0x7e, 0x7f, 0x81,
  0x82, 0x82, 0x80, 0x7e, 0x7d, 0x7d, 0x7e, 0x80, 0x81, 0x81, 0x80, 0x7f,
  0x7f, 0x7f, 0x81, 0x82, 0x82, 0x80, 0x7e, 0x7d, 0x7c, 0x7d, 0x7f, 0x80,
  0x81, 0x80, 0x80, 0x7f, 0x80, 0x81, 0x82, 0x82, 0x81, 0x7f, 0x7d, 0x7c,
  0x7c, 0x7e, 0x7f, 0x80, 0x80, 0x7f, 0x7f, 0x80, 0x81, 0x83, 0x83, 0x83,
  0x81, 0x7f, 0x7d, 0x7c, 0x7d, 0x7e, 0x7f, 0x7f, 0x7e, 0x7e, 0x7e, 0x80,
  0x82, 0x83, 0x83, 0x82, 0x80, 0x7f, 0x7e, 0x7e, 0x7f, 0x80, 0x7f, 0x7e,
  0x7d, 0x7d, 0x7e, 0x80, 0x81, 0x82, 0x82, 0x80, 0x7f, 0x7e, 0x7f, 0x80,
  0x81, 0x81, 0x80, 0x7f, 0x7e, 0x7e, 0x7f, 0x80, 0x81, 0x80, 0x7f, 0x7e,
  0x7d, 0x7e, 0x7f, 0x81, 0x82, 0x81, 0x80, 0x80, 0x80, 0x80, 0x81, 0x81,
  0x81, 0x7f, 0x7d, 0x7b, 0x7c, 0x7d, 0x7f, 0x80, 0x80, 0x80, 0x80, 0x80,
  0x82, 0x83, 0x84, 0x83, 0x81, 0x7e, 0x7c, 0x7c, 0x7d, 0x7e, 0x7f, 0x7f,
  0x7e, 0x7d, 0x7e, 0x80, 0x82, 0x84, 0x84, 0x83, 0x80, 0x7e, 0x7e, 0x7e,
  0x80, 0x80, 0x7f, 0x7e, 0x7c, 0x7c, 0x7e, 0x80, 0x81, 0x82, 0x81, 0x80,
  0x7f, 0x7f, 0x80, 0x81, 0x82, 0x81, 0x80, 0x7e, 0x7e, 0x7e, 0x7f, 0x80,
  0x80, 0x7f, 0x7e, 0x7d, 0x7d, 0x7f, 0x81, 0x82, 0x82, 0x81, 0x80, 0x80,
  0x80, 0x81, 0x81, 0x80, 0x7f, 0x7d, 0x7c, 0x7c, 0x7d, 0x7e, 0x7f, 0x80,
  0x80, 0x80, 0x81, 0x82, 0x83, 0x83, 0x82, 0x81, 0x7f, 0x7e, 0x7d, 0x7d,
  0x7e, 0x7e, 0x7e, 0x7e, 0x7e, 0x7f, 0x80, 0x82, 0x82, 0x83, 0x82, 0x81,
  0x80, 0x80, 0x7f, 0x7f, 0x7f, 0x7e, 0x7e, 0x7d, 0x7e, 0x7e, 0x7f, 0x80,
  0x80, 0x80, 0x80, 0x80, 0x81, 0x81, 0x81, 0x81, 0x80, 0x7f, 0x7f, 0x7f,
  0x7f, 0x7f, 0x7f, 0x7f, 0x7e, 0x7d, 0x7d, 0x7e, 0x7f, 0x81, 0x82, 0x82,
  0x82, 0x81, 0x80, 0x80, 0x80, 0x81, 0x81, 0x80, 0x7e, 0x7c, 0x7c, 0x7c,
  0x7d, 0x7f, 0x81, 0x82, 0x82, 0x81, 0x81, 0x80, 0x80, 0x81, 0x82, 0x82,
  0x80, 0x7e, 0x7c, 0x7b, 0x7c, 0x7d, 0x7f, 0x80, 0x81, 0x81, 0x80, 0x80,
  0x7f, 0x80, 0x81, 0x82, 0x82, 0x81, 0x80, 0x7e, 0x7c, 0x7c, 0x7d, 0x7f,
  0x80, 0x81, 0x80, 0x7f, 0x7e, 0x7e, 0x7f, 0x80, 0x82, 0x83, 0x82, 0x81,
  0x7f, 0x7e, 0x7e, 0x7f, 0x80, 0x81, 0x81, 0x80, 0x7e, 0x7d, 0x7d, 0x7e,
  0x7f, 0x80, 0x81, 0x81, 0x81, 0x80, 0x7f, 0x7f, 0x80, 0x80, 0x81, 0x81,
  0x80, 0x7f, 0x7e, 0x7d, 0x7d, 0x7e, 0x7f, 0x80, 0x80, 0x80, 0x81, 0x81,
  0x81, 0x80, 0x80, 0x80, 0x81, 0x81, 0x80, 0x7f, 0x7e, 0x7d, 0x7d, 0x7d,
  0x7e, 0x7e, 0x7f, 0x80, 0x81, 0x81, 0x81, 0x80, 0x80, 0x80, 0x81, 0x81,
  0x81, 0x81, 0x7f, 0x7e, 0x7d, 0x7d, 0x7d, 0x7e, 0x7f, 0x7f, 0x80, 0x80,
  0x80, 0x80, 0x80, 0x80, 0x81, 0x82, 0x82, 0x82, 0x80, 0x7f, 0x7d, 0x7c,
  0x7d, 0x7e, 0x7e, 0x7f, 0x7f, 0x7f, 0x7f, 0x7f, 0x7f, 0x81, 0x82, 0x83,
  0x84, 0x82, 0x80, 0x7e, 0x7d, 0x7d, 0x7d, 0x7e, 0x7f, 0x7e, 0x7e, 0x7d,
  0x7e, 0x7e, 0x80, 0x81, 0x83, 0x84, 0x84, 0x82, 0x80, 0x7e, 0x7d, 0x7d,
  0x7e, 0x7f, 0x7f, 0x7e, 0x7e, 0x7d, 0x7d, 0x7e, 0x80, 0x82, 0x84, 0x84,
  0x83, 0x82, 0x80, 0x7e, 0x7e, 0x7f, 0x7f, 0x7f, 0x7e, 0x7d, 0x7b, 0x7b,
  0x7d, 0x7f, 0x81, 0x82, 0x83, 0x83, 0x82, 0x81, 0x81, 0x81, 0x82, 0x82,
  0x81, 0x7f, 0x7d, 0x7b, 0x7b, 0x7b, 0x7d, 0x7e, 0x7f, 0x7f, 0x7f, 0x7f,
  0x80, 0x81, 0x82, 0x83, 0x84, 0x83, 0x82, 0x80, 0x7f, 0x7e, 0x7d, 0x7e,
  0x7e, 0x7e, 0x7e, 0x7e, 0x7e, 0x7e, 0x7f, 0x81, 0x82, 0x82, 0x82, 0x82,
  0x81, 0x80, 0x7f, 0x7f, 0x7e, 0x7e, 0x7e, 0x7e, 0x7e, 0x7e, 0x7e, 0x7f,
  0x7f, 0x80, 0x81, 0x81, 0x82, 0x82, 0x81, 0x81, 0x80, 0x7f, 0x7f, 0x7f,
  0x7f, 0x7f, 0x7e, 0x7e, 0x7e, 0x7e, 0x7f, 0x7f, 0x80, 0x80, 0x80, 0x80,
  0x80, 0x80, 0x80, 0x80, 0x80, 0x80, 0x80, 0x7f, 0x7f, 0x7f, 0x7f, 0x7f,
  0x7f, 0x7f, 0x7f, 0x7f, 0x7f, 0x80, 0x80, 0x80, 0x80, 0x80, 0x80, 0x80,
  0x80, 0x7f, 0x7f, 0x7f, 0x7f, 0x7f, 0x80, 0x80, 0x80, 0x80, 0x80, 0x7f,
  0x7f, 0x80, 0x80, 0x80, 0x80, 0x80, 0x7f, 0x7f, 0x7f, 0x7f, 0x7f, 0x80,
  0x80, 0x80, 0x7f, 0x7f, 0x7f, 0x7f, 0x7f, 0x7f, 0x7f, 0x80, 0x80, 0x80,
  0x80, 0x80, 0x80, 0x80, 0x80, 0x80, 0x80, 0x80, 0x80, 0x7f, 0x7f, 0x7f,
  0x7f, 0x7f, 0x7f, 0x80, 0x80, 0x80, 0x80, 0x80, 0x7f, 0x7f, 0x80, 0x80,
  0x80, 0x80, 0x80, 0x7f, 0x7f, 0x7f, 0x7f, 0x7f, 0x7f, 0x7f, 0x7f, 0x7f,
  0x80, 0x80, 0x80, 0x80, 0x80, 0x80, 0x80, 0x80, 0x80, 0x7f, 0x7f, 0x7f,
  0x7f, 0x7f, 0x7f, 0x7f, 0x7f, 0x7f, 0x7f, 0x7f, 0x80, 0x80, 0x80, 0x80,
  0x80, 0x80, 0x7f, 0x7f, 0x7f, 0x7f, 0x7f, 0x7f, 0x7f, 0x7f, 0x7f, 0x7f,
  0x7f, 0x80, 0x80, 0x80, 0x80, 0x80, 0x80, 0x80, 0x80, 0x80, 0x80, 0x80,
  0x7f, 0x7f, 0x7f, 0x7f, 0x7f, 0x80, 0x80, 0x80, 0x80, 0x80, 0x80, 0x80,
  0x80, 0x80, 0x80, 0x80, 0x7f, 0x7f, 0x7f, 0x7f, 0x7f, 0x7f, 0x7f, 0x7f,
  0x7f, 0x7f, 0x7f, 0x80, 0x80, 0x80, 0x80, 0x80, 0x80, 0x80, 0x80, 0x80,
  0x80, 0x7f, 0x7f, 0x7f, 0x7f, 0x7f, 0x7f, 0x80, 0x80, 0x80, 0x80, 0x80,
  0x80, 0x80, 0x80, 0x80, 0x80, 0x80, 0x7f, 0x7f, 0x7f, 0x7f, 0x7f, 0x7f,
  0x7f, 0x80, 0x80, 0x80, 0x80, 0x80, 0x80, 0x80, 0x80, 0x80, 0x80, 0x7f,
  0x7f, 0x7f, 0x7f, 0x7f, 0x7f, 0x7f, 0x7f, 0x80, 0x80, 0x80, 0x80, 0x80,
  0x80, 0x80, 0x80, 0x80, 0x80, 0x7f, 0x7f, 0x7f, 0x7f, 0x7f, 0x7f, 0x80,
  0x80, 0x80, 0x80, 0x80, 0x80, 0x80, 0x80, 0x80, 0x7f, 0x7f, 0x7f, 0x7f,
  0x7f, 0x7f, 0x7f, 0x7f, 0x7f, 0x7f, 0x7f, 0x80, 0x80, 0x80, 0x80, 0x80,
  0x80, 0x80, 0x80, 0x80, 0x80, 0x7f, 0x7f, 0x7f, 0x7f, 0x7f, 0x7f, 0x7f,
  0x80, 0x80, 0x80, 0x80, 0x80, 0x80, 0x80, 0x80, 0x80, 0x80, 0x7f, 0x7f,
  0x7f, 0x7f, 0x7f, 0x7f, 0x7f, 0x7f, 0x7f, 0x7f, 0x7f, 0x7f, 0x80, 0x80,
  0x80, 0x80, 0x80, 0x80, 0x80, 0x7f, 0x7f, 0x7f, 0x7f, 0x7f, 0x7f, 0x7f,
  0x7f, 0x7f, 0x7f, 0x7f, 0x80, 0x80, 0x80, 0x80, 0x80, 0x7f, 0x7f, 0x7f,
  0x7f, 0x80, 0x80, 0x80, 0x80, 0x80, 0x7f, 0x7f, 0x7f, 0x7f, 0x7f, 0x7f,
  0x7f, 0x7f, 0x7f, 0x7f, 0x7f, 0x80, 0x80, 0x80, 0x80, 0x80, 0x80, 0x80,
  0x80, 0x80, 0x80, 0x80, 0x80, 0x7f, 0x7f, 0x7f, 0x7f, 0x7f, 0x7f, 0x7f,
  0x80, 0x80, 0x80, 0x80, 0x80, 0x80, 0x80, 0x80, 0x80, 0x7f, 0x7f, 0x7f,
  0x7f, 0x7f, 0x7f, 0x7f, 0x7f, 0x7f, 0x80, 0x80, 0x80, 0x80, 0x80, 0x80,
  0x80, 0x80, 0x80, 0x80, 0x7f, 0x7f, 0x7f, 0x7f, 0x7f, 0x7f, 0x7f, 0x80,
  0x80, 0x80, 0x80, 0x80, 0x80, 0x80, 0x80, 0x80, 0x80, 0x7f, 0x7f, 0x7f,
  0x7f, 0x7f, 0x7f, 0x7f, 0x7f, 0x80, 0x80, 0x80, 0x80, 0x80, 0x80, 0x80,
  0x80, 0x80, 0x80, 0x80, 0x80, 0x7f, 0x7f, 0x7f, 0x7f, 0x7f, 0x7f, 0x7f,
  0x7f, 0x80, 0x80, 0x80, 0x80, 0x80, 0x80, 0x80, 0x80, 0x80, 0x80, 0x7f,
  0x7f, 0x7f, 0x7f, 0x7f, 0x7f, 0x7f, 0x80, 0x80, 0x80, 0x80, 0x80, 0x80,
  0x80, 0x80, 0x80, 0x80, 0x80, 0x7f, 0x7f, 0x7f, 0x7f, 0x7f, 0x7f, 0x7f,
  0x7f, 0x7f, 0x80, 0x80, 0x80, 0x80, 0x80, 0x80, 0x80, 0x80, 0x7f, 0x7f,
  0x7f, 0x7f, 0x7f, 0x7f, 0x7f, 0x7f, 0x7f, 0x80, 0x80, 0x80, 0x80, 0x80,
  0x80, 0x80, 0x80, 0x80, 0x80, 0x80, 0x7f, 0x7f, 0x7f, 0x7f, 0x7f, 0x7f,
  0x7f, 0x80, 0x80, 0x80, 0x80, 0x80, 0x80, 0x80, 0x80, 0x80, 0x80, 0x80,
  0x7f, 0x7f, 0x7f, 0x7f, 0x7f, 0x80, 0x7f, 0x7f, 0x7f, 0x7f, 0x7f, 0x7f,
  0x7f, 0x7f, 0x7f, 0x7f, 0x80, 0x80, 0x80, 0x80, 0x80, 0x80, 0x80, 0x80,
  0x80, 0x80, 0x80, 0x80, 0x80, 0x80, 0x80, 0x80, 0x7f, 0x80, 0x80, 0x80,
  0x80, 0x80, 0x80, 0x80, 0x80, 0x7f, 0x7f, 0x7f, 0x7f, 0x80, 0x80, 0x80,
  0x80, 0x7f, 0x7f, 0x80, 0x80, 0x7f, 0x7f, 0x80, 0x80, 0x7f, 0x80, 0x80,
  0x80, 0x80, 0x80, 0x80, 0x80, 0x80, 0x80, 0x7f, 0x80, 0x80, 0x7f, 0x80,
  0x7f, 0x80, 0x80, 0x80, 0x80, 0x80, 0x80, 0x80, 0x80, 0x7f, 0x7f, 0x7f,
  0x7f, 0x80, 0x80, 0x7f, 0x7f, 0x7f, 0x7f, 0x80, 0x80, 0x80, 0x80, 0x80,
  0x80, 0x80, 0x80, 0x80, 0x80, 0x80, 0x80, 0x80, 0x80, 0x80, 0x7f, 0x80,
  0x7f, 0x7f, 0x7f, 0x7f, 0x7f, 0x80, 0x80, 0x80, 0x80, 0x80, 0x80, 0x80,
  0x80, 0x7f, 0x7f, 0x7f, 0x7f, 0x7f, 0x7f, 0x7f, 0x7f, 0x7f, 0x7f, 0x7f,
  0x80, 0x7f, 0x80, 0x80, 0x80, 0x80, 0x80, 0x80, 0x80, 0x80, 0x80, 0x80,
  0x80, 0x80, 0x80, 0x80, 0x80, 0x80, 0x80, 0x80, 0x80, 0x80, 0x80, 0x80,
  0x80, 0x80, 0x80, 0x80, 0x80, 0x80, 0x80, 0x7f, 0x7f, 0x7f, 0x7f, 0x7f,
  0x7f, 0x7f, 0x7f, 0x7f, 0x7f, 0x7f, 0x80, 0x80, 0x80, 0x80, 0x80, 0x80,
  0x80, 0x80, 0x80, 0x80, 0x80, 0x80, 0x80, 0x80, 0x80, 0x80, 0x80, 0x80,
  0x80, 0x80, 0x80, 0x80, 0x80, 0x80, 0x80, 0x80, 0x80, 0x7f, 0x7f, 0x80,
  0x80, 0x80, 0x80, 0x80, 0x7f, 0x7f, 0x7f, 0x7f, 0x80, 0x80, 0x80, 0x80,
  0x80, 0x80, 0x80, 0x80, 0x80, 0x80, 0x80, 0x80, 0x80, 0x80, 0x80, 0x80,
  0x80, 0x80, 0x7f, 0x7f, 0x7f, 0x7f, 0x80, 0x80, 0x80, 0x80, 0x80, 0x80,
  0x7f, 0x7f, 0x7f, 0x80, 0x7f, 0x80, 0x80, 0x80, 0x80, 0x80, 0x80, 0x80,
  0x80, 0x80, 0x80, 0x80, 0x80, 0x80, 0x80, 0x80, 0x80, 0x80, 0x80, 0x80,
  0x80, 0x80, 0x80, 0x7f, 0x7f, 0x7f, 0x7f, 0x7f, 0x7f, 0x7f, 0x7f, 0x80,
  0x7f, 0x80, 0x80, 0x80, 0x80, 0x7f, 0x7f, 0x80, 0x7f, 0x80, 0x80, 0x80,
  0x7f, 0x7f, 0x7f, 0x80, 0x80, 0x80, 0x80, 0x80, 0x80, 0x80, 0x80, 0x80,
  0x80, 0x80, 0x80, 0x80, 0x80, 0x80, 0x80, 0x7f, 0x7f, 0x7f, 0x7f, 0x7f,
  0x7f, 0x7f, 0x7f, 0x80, 0x7f, 0x80, 0x80, 0x80, 0x80, 0x80, 0x80, 0x80,
  0x7f, 0x7f, 0x7f, 0x7f, 0x7f, 0x7f, 0x7f, 0x80, 0x80, 0x80, 0x80, 0x80,
  0x80, 0x80, 0x80, 0x80, 0x80, 0x80, 0x80, 0x80, 0x80, 0x80, 0x80, 0x80,
  0x7f, 0x7f, 0x7f, 0x7f, 0x7f, 0x7f, 0x7f, 0x7f, 0x7f, 0x80, 0x80, 0x7f,
  0x80, 0x7f, 0x80, 0x80, 0x7f, 0x80, 0x80, 0x7f, 0x7f, 0x7f, 0x7f, 0x80,
  0x80, 0x80, 0x80, 0x80, 0x80, 0x80, 0x80, 0x80, 0x80, 0x80, 0x80, 0x80,
  0x80, 0x80, 0x80, 0x80, 0x7f, 0x7f, 0x7f, 0x7f, 0x7f, 0x7f, 0x7f, 0x7f,
  0x7f, 0x80, 0x80, 0x7f, 0x7f, 0x7f, 0x7f, 0x7f, 0x7f, 0x80, 0x80, 0x7f,
  0x7f, 0x80, 0x80, 0x80, 0x80, 0x80, 0x80, 0x80, 0x80, 0x80, 0x80, 0x80,
  0x80, 0x80, 0x80, 0x80, 0x80, 0x80, 0x80, 0x80, 0x7f, 0x7f, 0x7f, 0x7f,
  0x7f, 0x80, 0x7f, 0x7f, 0x7f, 0x80, 0x80, 0x7f, 0x80, 0x7f, 0x7f, 0x7f,
  0x7f, 0x7f, 0x7f, 0x7f, 0x7f, 0x7f, 0x80, 0x80, 0x80, 0x80, 0x80, 0x80,
  0x80, 0x80, 0x80, 0x80, 0x80, 0x80, 0x80, 0x80, 0x80, 0x80, 0x80, 0x80,
  0x7f, 0x80, 0x7f, 0x7f, 0x7f, 0x7f, 0x7f, 0x7f, 0x7f, 0x7f, 0x7f, 0x7f,
  0x7f, 0x80, 0x80, 0x80, 0x80, 0x80, 0x7f, 0x7f, 0x80, 0x80, 0x80, 0x80,
  0x80, 0x80, 0x7f, 0x7f, 0x7f, 0x7f, 0x7f, 0x7f, 0x80, 0x7f, 0x7f, 0x80,
  0x80, 0x7f, 0x80, 0x80
};
const unsigned int SAD_SOUND_LEN = 16000;

// ---- SCARED (30000 bytes, 3.75s @ 8000Hz -- trimmed 0.25s off the tail
// to fit the default ESP32 partition; the original 32000-byte/4.0s clip
// is gone from this file, not just unlinked, so keep the source WAV if
// you want the full-length version back)
const uint8_t SCARED_SOUND[] PROGMEM = {
  0x7b, 0x81, 0x79, 0x58, 0x5e, 0x7e, 0x94, 0x91, 0x76, 0x64, 0x6c, 0x7a,
  0x91, 0x9d, 0x7c, 0x59, 0x59, 0x77, 0x92, 0x8a, 0x69, 0x5b, 0x5c, 0x6c,
  0x86, 0x97, 0x7d, 0x4f, 0x52, 0x77, 0x8f, 0x87, 0x68, 0x5b, 0x64, 0x70,
  0x8c, 0x94, 0x76, 0x51, 0x60, 0x84, 0x9c, 0x8b, 0x6a, 0x65, 0x6d, 0x79,
  0x8e, 0x90, 0x6c, 0x48, 0x62, 0x87, 0x9e, 0x87, 0x65, 0x61, 0x66, 0x73,
  0x98, 0x96, 0x62, 0x4a, 0x5b, 0x92, 0xac, 0x8d, 0x6b, 0x61, 0x5d, 0x7c,
  0xa1, 0x9c, 0x6a, 0x42, 0x5c, 0x8f, 0xae, 0x8f, 0x6e, 0x57, 0x5a, 0x86,
  0xad, 0xa0, 0x5b, 0x39, 0x71, 0xaa, 0xae, 0x7b, 0x52, 0x5a, 0x73, 0x98,
  0xaf, 0x89, 0x46, 0x52, 0x91, 0xb1, 0xa0, 0x62, 0x59, 0x74, 0x81, 0xa8,
  0xa6, 0x64, 0x41, 0x6e, 0xb2, 0xb9, 0x7c, 0x52, 0x77, 0x86, 0x94, 0xa6,
  0x88, 0x49, 0x45, 0x92, 0xc8, 0xa9, 0x5f, 0x5c, 0x97, 0xa2, 0xb2, 0xb0,
  0x6e, 0x44, 0x64, 0xaf, 0xca, 0x7c, 0x42, 0x6e, 0x9e, 0xad, 0xbc, 0x8d,
  0x4a, 0x5b, 0x99, 0xd6, 0xb5, 0x54, 0x55, 0x94, 0xae, 0xba, 0xae, 0x58,
  0x3f, 0x7e, 0xb5, 0xd2, 0x77, 0x3b, 0x82, 0xb2, 0xbc, 0xc6, 0x78, 0x3b,
  0x6c, 0xa3, 0xcd, 0x99, 0x30, 0x5b, 0xac, 0xb3, 0xc0, 0x90, 0x45, 0x64,
  0x94, 0xbc, 0xb8, 0x55, 0x51, 0xa5, 0xb8, 0xbd, 0xa4, 0x4d, 0x58, 0x94,
  0xad, 0xbc, 0x6c, 0x4b, 0x9f, 0xba, 0xb6, 0xae, 0x5f, 0x52, 0x90, 0xa1,
  0xb3, 0x7a, 0x40, 0x8f, 0xbd, 0xb1, 0xad, 0x6c, 0x52, 0x8c, 0x9d, 0xa6,
  0x8e, 0x48, 0x7c, 0xbb, 0xa5, 0xb1, 0x7f, 0x4c, 0x88, 0x97, 0x9c, 0x9f,
  0x5e, 0x72, 0xae, 0x9e, 0xaf, 0x99, 0x4c, 0x71, 0x9d, 0x97, 0x9f, 0x6e,
  0x6a, 0xa6, 0x99, 0xa8, 0xab, 0x5b, 0x61, 0x95, 0x9d, 0xa4, 0x76, 0x5f,
  0x96, 0x97, 0xa0, 0xb6, 0x67, 0x50, 0x87, 0x9d, 0xb0, 0x7d, 0x57, 0x92,
  0x99, 0x98, 0xb0, 0x71, 0x51, 0x7e, 0x98, 0xab, 0x83, 0x58, 0x90, 0x9a,
  0x90, 0xa9, 0x7d, 0x56, 0x7a, 0x97, 0xa8, 0x84, 0x59, 0x8f, 0xa2, 0x84,
  0x98, 0x80, 0x5e, 0x80, 0x90, 0x98, 0x8b, 0x5e, 0x87, 0xa9, 0x84, 0x8b,
  0x7a, 0x61, 0x8b, 0x8d, 0x83, 0x8d, 0x6b, 0x7f, 0xa3, 0x82, 0x8b, 0x7b,
  0x5a, 0x8f, 0x95, 0x7b, 0x8b, 0x75, 0x80, 0x9c, 0x7f, 0x8f, 0x7f, 0x53,
  0x87, 0x9b, 0x7c, 0x7f, 0x71, 0x88, 0x99, 0x75, 0x8a, 0x83, 0x58, 0x80,
  0x95, 0x83, 0x81, 0x6d, 0x87, 0x98, 0x74, 0x87, 0x81, 0x5f, 0x80, 0x88,
  0x85, 0x89, 0x6c, 0x86, 0x94, 0x78, 0x8b, 0x7b, 0x63, 0x84, 0x86, 0x86,
  0x88, 0x6c, 0x88, 0x8e, 0x75, 0x8f, 0x76, 0x64, 0x88, 0x82, 0x89, 0x84,
  0x6a, 0x90, 0x8b, 0x76, 0x8f, 0x71, 0x6c, 0x8b, 0x80, 0x8c, 0x81, 0x6d,
  0x95, 0x87, 0x78, 0x8f, 0x6d, 0x72, 0x8a, 0x7b, 0x8f, 0x7c, 0x6d, 0x92,
  0x80, 0x80, 0x88, 0x62, 0x7b, 0x8d, 0x7c, 0x8c, 0x74, 0x78, 0x96, 0x7b,
  0x86, 0x7f, 0x61, 0x89, 0x89, 0x7b, 0x87, 0x6e, 0x86, 0x93, 0x74, 0x88,
  0x74, 0x68, 0x91, 0x7f, 0x7d, 0x84, 0x6d, 0x8c, 0x8d, 0x76, 0x87, 0x6b,
  0x71, 0x92, 0x77, 0x82, 0x80, 0x6c, 0x91, 0x88, 0x7a, 0x82, 0x65, 0x7e,
  0x92, 0x71, 0x81, 0x7d, 0x72, 0x93, 0x80, 0x7b, 0x80, 0x62, 0x84, 0x92,
  0x6d, 0x80, 0x7c, 0x7b, 0x91, 0x76, 0x80, 0x7f, 0x63, 0x8a, 0x87, 0x70,
  0x86, 0x75, 0x7f, 0x8c, 0x76, 0x88, 0x73, 0x68, 0x91, 0x80, 0x77, 0x80,
  0x75, 0x87, 0x81, 0x7d, 0x86, 0x63, 0x76, 0x94, 0x78, 0x7b, 0x78, 0x7b,
  0x8e, 0x76, 0x84, 0x80, 0x5f, 0x89, 0x89, 0x77, 0x81, 0x6e, 0x87, 0x8a,
  0x71, 0x8d, 0x6d, 0x67, 0x96, 0x7b, 0x7d, 0x7f, 0x6d, 0x8f, 0x80, 0x7d,
  0x89, 0x5d, 0x7d, 0x94, 0x75, 0x7f, 0x73, 0x7a, 0x90, 0x77, 0x89, 0x76,
  0x5f, 0x92, 0x85, 0x76, 0x7f, 0x6e, 0x89, 0x86, 0x7b, 0x8b, 0x62, 0x77,
  0x97, 0x78, 0x82, 0x76, 0x77, 0x91, 0x7a, 0x88, 0x7b, 0x5e, 0x8d, 0x89,
  0x76, 0x7d, 0x6f, 0x86, 0x87, 0x7a, 0x8a, 0x64, 0x71, 0x93, 0x7d, 0x7c,
  0x72, 0x79, 0x8f, 0x7b, 0x84, 0x7a, 0x64, 0x8b, 0x87, 0x7a, 0x7c, 0x70,
  0x88, 0x84, 0x7e, 0x86, 0x62, 0x79, 0x92, 0x7a, 0x7c, 0x74, 0x7f, 0x8c,
  0x77, 0x88, 0x78, 0x61, 0x8d, 0x88, 0x77, 0x78, 0x74, 0x8c, 0x82, 0x78,
  0x87, 0x69, 0x75, 0x90, 0x7a, 0x7c, 0x77, 0x78, 0x90, 0x7c, 0x84, 0x75,
  0x62, 0x91, 0x86, 0x71, 0x7f, 0x75, 0x86, 0x84, 0x7a, 0x8c, 0x5e, 0x70,
  0x9d, 0x76, 0x76, 0x75, 0x7a, 0x94, 0x70, 0x84, 0x7d, 0x5b, 0x90, 0x88,
  0x72, 0x84, 0x6c, 0x89, 0x8c, 0x74, 0x8b, 0x5f, 0x75, 0x9b, 0x6e, 0x7d,
  0x7c, 0x76, 0x91, 0x74, 0x8c, 0x76, 0x57, 0x9a, 0x85, 0x70, 0x80, 0x6e,
  0x92, 0x7d, 0x73, 0x91, 0x56, 0x77, 0x98, 0x6d, 0x87, 0x6d, 0x7b, 0x9a,
  0x6f, 0x8c, 0x73, 0x5e, 0x9e, 0x7c, 0x74, 0x84, 0x6c, 0x93, 0x7e, 0x7b,
  0x8e, 0x55, 0x7f, 0x99, 0x6f, 0x82, 0x6e, 0x81, 0x95, 0x70, 0x8b, 0x70,
  0x64, 0x97, 0x7b, 0x7e, 0x7e, 0x6e, 0x94, 0x7f, 0x82, 0x84, 0x5a, 0x8b,
  0x90, 0x72, 0x84, 0x73, 0x83, 0x8a, 0x78, 0x8d, 0x67, 0x67, 0x99, 0x7b,
  0x7c, 0x7b, 0x73, 0x92, 0x7b, 0x82, 0x81, 0x5a, 0x89, 0x8d, 0x72, 0x85,
  0x70, 0x82, 0x8b, 0x7d, 0x8a, 0x62, 0x6f, 0x99, 0x7c, 0x78, 0x7b, 0x79,
  0x8c, 0x7d, 0x86, 0x7c, 0x5d, 0x86, 0x8c, 0x79, 0x7a, 0x73, 0x86, 0x87,
  0x81, 0x83, 0x64, 0x77, 0x8e, 0x7e, 0x7f, 0x76, 0x7b, 0x89, 0x82, 0x8b,
  0x6f, 0x64, 0x8e, 0x86, 0x77, 0x7d, 0x74, 0x86, 0x82, 0x80, 0x8a, 0x60,
  0x73, 0x92, 0x7b, 0x7d, 0x73, 0x7a, 0x8d, 0x79, 0x8c, 0x74, 0x5e, 0x90,
  0x82, 0x7a, 0x82, 0x70, 0x89, 0x83, 0x82, 0x8b, 0x5e, 0x79, 0x94, 0x76,
  0x7e, 0x76, 0x7d, 0x8d, 0x75, 0x94, 0x79, 0x5a, 0x95, 0x84, 0x77, 0x82,
  0x6f, 0x8b, 0x82, 0x7b, 0x93, 0x5d, 0x73, 0x98, 0x70, 0x82, 0x79, 0x75,
  0x90, 0x75, 0x90, 0x7d, 0x58, 0x95, 0x84, 0x72, 0x89, 0x70, 0x88, 0x83,
  0x7b, 0x95, 0x5f, 0x70, 0x9c, 0x70, 0x80, 0x7f, 0x73, 0x8e, 0x77, 0x8b,
  0x81, 0x58, 0x8e, 0x8a, 0x71, 0x88, 0x73, 0x84, 0x89, 0x7d, 0x92, 0x68,
  0x70, 0x9b, 0x77, 0x7f, 0x81, 0x75, 0x8d, 0x79, 0x8b, 0x85, 0x58, 0x8b,
  0x8d, 0x70, 0x87, 0x71, 0x82, 0x8a, 0x75, 0x94, 0x6b, 0x65, 0x9b, 0x74,
  0x7d, 0x85, 0x6d, 0x91, 0x7c, 0x85, 0x8c, 0x58, 0x84, 0x92, 0x6f, 0x89,
  0x75, 0x7b, 0x8f, 0x78, 0x92, 0x74, 0x5e, 0x99, 0x80, 0x76, 0x87, 0x6e,
  0x8a, 0x85, 0x7f, 0x8e, 0x60, 0x77, 0x98, 0x73, 0x80, 0x7e, 0x77, 0x8a,
  0x7d, 0x8c, 0x7c, 0x5d, 0x8e, 0x89, 0x71, 0x85, 0x77, 0x82, 0x85, 0x7f,
  0x8f, 0x67, 0x6f, 0x97, 0x78, 0x7e, 0x7f, 0x76, 0x8a, 0x7d, 0x89, 0x84,
  0x5d, 0x87, 0x8d, 0x70, 0x85, 0x77, 0x7e, 0x89, 0x79, 0x90, 0x74, 0x64,
  0x97, 0x7b, 0x78, 0x89, 0x71, 0x8a, 0x80, 0x7e, 0x90, 0x63, 0x7c, 0x94,
  0x6e, 0x87, 0x7e, 0x76, 0x90, 0x78, 0x88, 0x84, 0x61, 0x8e, 0x85, 0x71,
  0x8c, 0x76, 0x7f, 0x8b, 0x78, 0x8e, 0x73, 0x6e, 0x94, 0x77, 0x7c, 0x88,
  0x74, 0x88, 0x82, 0x7f, 0x8b, 0x69, 0x7f, 0x8d, 0x71, 0x85, 0x80, 0x76,
  0x8b, 0x7c, 0x85, 0x81, 0x68, 0x8d, 0x83, 0x73, 0x8b, 0x78, 0x7e, 0x8a,
  0x7b, 0x8d, 0x75, 0x71, 0x93, 0x79, 0x7c, 0x89, 0x74, 0x86, 0x84, 0x7d,
  0x8c, 0x6a, 0x7b, 0x92, 0x71, 0x82, 0x84, 0x74, 0x8a, 0x7f, 0x82, 0x88,
  0x69, 0x85, 0x8d, 0x71, 0x85, 0x80, 0x77, 0x8a, 0x7d, 0x86, 0x80, 0x6b,
  0x8c, 0x86, 0x73, 0x87, 0x7b, 0x7e, 0x89, 0x7a, 0x8b, 0x79, 0x6e, 0x93,
  0x7f, 0x76, 0x88, 0x77, 0x83, 0x87, 0x78, 0x8d, 0x73, 0x73, 0x95, 0x77,
  0x7a, 0x89, 0x74, 0x87, 0x83, 0x7a, 0x8e, 0x6e, 0x7a, 0x95, 0x72, 0x7e,
  0x8a, 0x71, 0x8a, 0x82, 0x7a, 0x8c, 0x6c, 0x7f, 0x92, 0x6f, 0x7f, 0x89,
  0x73, 0x89, 0x83, 0x7c, 0x89, 0x6e, 0x82, 0x90, 0x70, 0x80, 0x89, 0x74,
  0x88, 0x81, 0x7f, 0x88, 0x70, 0x83, 0x8e, 0x71, 0x80, 0x87, 0x76, 0x88,
  0x7d, 0x82, 0x88, 0x6d, 0x85, 0x8c, 0x71, 0x84, 0x84, 0x76, 0x8b, 0x79,
  0x85, 0x88, 0x69, 0x88, 0x89, 0x6f, 0x88, 0x7f, 0x78, 0x8d, 0x74, 0x89,
  0x89, 0x67, 0x8c, 0x87, 0x6f, 0x8c, 0x7c, 0x7a, 0x8d, 0x72, 0x8b, 0x87,
  0x67, 0x8c, 0x86, 0x71, 0x8c, 0x7b, 0x7a, 0x8e, 0x73, 0x8b, 0x88, 0x69,
  0x8c, 0x86, 0x72, 0x8c, 0x7c, 0x7c, 0x8d, 0x74, 0x8c, 0x87, 0x6a, 0x8b,
  0x87, 0x72, 0x8b, 0x7d, 0x7c, 0x8b, 0x73, 0x8c, 0x87, 0x6a, 0x88, 0x88,
  0x73, 0x89, 0x7e, 0x7c, 0x8b, 0x74, 0x8a, 0x89, 0x6b, 0x85, 0x89, 0x73,
  0x87, 0x7f, 0x7d, 0x89, 0x75, 0x88, 0x8a, 0x6d, 0x83, 0x89, 0x75, 0x84,
  0x7f, 0x7e, 0x87, 0x76, 0x86, 0x8b, 0x6e, 0x80, 0x8b, 0x76, 0x83, 0x82,
  0x7f, 0x86, 0x78, 0x84, 0x8e, 0x70, 0x7a, 0x90, 0x74, 0x80, 0x86, 0x7d,
  0x86, 0x79, 0x80, 0x91, 0x74, 0x72, 0x93, 0x76, 0x7b, 0x8a, 0x7a, 0x88,
  0x7b, 0x7c, 0x93, 0x79, 0x6e, 0x93, 0x7d, 0x74, 0x8e, 0x79, 0x87, 0x7d,
  0x77, 0x95, 0x7d, 0x6a, 0x8d, 0x85, 0x70, 0x8a, 0x7e, 0x82, 0x82, 0x71,
  0x93, 0x84, 0x6a, 0x85, 0x8b, 0x73, 0x83, 0x82, 0x7f, 0x88, 0x70, 0x8a,
  0x8d, 0x6c, 0x7c, 0x8d, 0x76, 0x7d, 0x85, 0x7b, 0x8a, 0x75, 0x7e, 0x91,
  0x75, 0x74, 0x8c, 0x7f, 0x75, 0x89, 0x7a, 0x86, 0x80, 0x74, 0x90, 0x7f,
  0x6e, 0x87, 0x88, 0x71, 0x89, 0x7f, 0x7c, 0x8b, 0x71, 0x86, 0x8c, 0x6d,
  0x7c, 0x8f, 0x73, 0x7f, 0x89, 0x75, 0x8c, 0x78, 0x7a, 0x91, 0x76, 0x72,
  0x8c, 0x80, 0x72, 0x8f, 0x78, 0x82, 0x86, 0x70, 0x8e, 0x82, 0x6f, 0x83,
  0x89, 0x71, 0x87, 0x85, 0x77, 0x8c, 0x74, 0x82, 0x8b, 0x74, 0x77, 0x8d,
  0x7a, 0x77, 0x90, 0x75, 0x88, 0x7d, 0x76, 0x8f, 0x7d, 0x72, 0x83, 0x8b,
  0x6f, 0x8a, 0x82, 0x7b, 0x89, 0x71, 0x87, 0x88, 0x74, 0x76, 0x8e, 0x78,
  0x77, 0x8f, 0x75, 0x89, 0x7a, 0x7b, 0x8c, 0x7f, 0x73, 0x82, 0x8c, 0x6b,
  0x8d, 0x7f, 0x7b, 0x88, 0x72, 0x88, 0x86, 0x79, 0x73, 0x90, 0x77, 0x79,
  0x8f, 0x71, 0x8d, 0x77, 0x7a, 0x8e, 0x7f, 0x6f, 0x82, 0x8b, 0x6a, 0x8f,
  0x79, 0x7c, 0x8a, 0x6e, 0x88, 0x89, 0x77, 0x6f, 0x92, 0x77, 0x78, 0x8e,
  0x70, 0x8f, 0x79, 0x77, 0x90, 0x82, 0x6f, 0x81, 0x8b, 0x6e, 0x8c, 0x7a,
  0x7d, 0x8d, 0x6f, 0x84, 0x90, 0x75, 0x6f, 0x92, 0x78, 0x79, 0x8c, 0x6f,
  0x8e, 0x7e, 0x73, 0x8f, 0x85, 0x6f, 0x7a, 0x92, 0x6e, 0x86, 0x7f, 0x79,
  0x8f, 0x6f, 0x84, 0x8c, 0x7d, 0x6d, 0x88, 0x87, 0x71, 0x8c, 0x75, 0x88,
  0x82, 0x71, 0x8c, 0x87, 0x76, 0x6e, 0x92, 0x78, 0x7a, 0x88, 0x76, 0x8e,
  0x75, 0x7f, 0x8b, 0x86, 0x70, 0x77, 0x97, 0x6e, 0x82, 0x84, 0x7d, 0x87,
  0x76, 0x84, 0x89, 0x82, 0x6a, 0x89, 0x8c, 0x6e, 0x88, 0x80, 0x80, 0x82,
  0x79, 0x84, 0x89, 0x7a, 0x6d, 0x90, 0x81, 0x70, 0x8a, 0x7e, 0x81, 0x81,
  0x79, 0x89, 0x86, 0x75, 0x74, 0x93, 0x77, 0x78, 0x8b, 0x7b, 0x85, 0x7b,
  0x7f, 0x8a, 0x7f, 0x75, 0x7a, 0x91, 0x71, 0x7d, 0x8c, 0x79, 0x85, 0x7b,
  0x82, 0x88, 0x7f, 0x76, 0x82, 0x8d, 0x6f, 0x87, 0x85, 0x79, 0x8b, 0x76,
  0x84, 0x86, 0x7d, 0x78, 0x81, 0x8e, 0x6e, 0x81, 0x8d, 0x73, 0x8a, 0x77,
  0x83, 0x89, 0x71, 0x80, 0x86, 0x82, 0x72, 0x81, 0x8c, 0x70, 0x88, 0x80,
  0x78, 0x8a, 0x73, 0x81, 0x83, 0x81, 0x7f, 0x73, 0x89, 0x81, 0x76, 0x8a,
  0x7a, 0x82, 0x7a, 0x7c, 0x83, 0x80, 0x83, 0x74, 0x81, 0x84, 0x7a, 0x83,
  0x80, 0x7f, 0x7f, 0x75, 0x84, 0x7d, 0x87, 0x74, 0x7d, 0x87, 0x74, 0x82,
  0x88, 0x75, 0x88, 0x78, 0x78, 0x82, 0x85, 0x7d, 0x74, 0x8b, 0x7c, 0x73,
  0x86, 0x86, 0x79, 0x7e, 0x7c, 0x7e, 0x7c, 0x83, 0x82, 0x76, 0x86, 0x7f,
  0x75, 0x87, 0x86, 0x75, 0x80, 0x7f, 0x7c, 0x7a, 0x86, 0x81, 0x79, 0x81,
  0x85, 0x73, 0x87, 0x85, 0x73, 0x83, 0x7e, 0x7b, 0x7b, 0x89, 0x7f, 0x78,
  0x82, 0x86, 0x71, 0x83, 0x8b, 0x72, 0x80, 0x7e, 0x7c, 0x7a, 0x85, 0x84,
  0x79, 0x7e, 0x87, 0x73, 0x80, 0x8a, 0x76, 0x7e, 0x7f, 0x7e, 0x76, 0x89,
  0x80, 0x7e, 0x7d, 0x82, 0x7a, 0x78, 0x8f, 0x78, 0x7c, 0x7d, 0x81, 0x74,
  0x83, 0x89, 0x78, 0x7d, 0x80, 0x82, 0x69, 0x91, 0x83, 0x72, 0x7e, 0x83,
  0x78, 0x79, 0x8c, 0x7d, 0x7c, 0x7b, 0x86, 0x6f, 0x82, 0x8e, 0x74, 0x7c,
  0x82, 0x80, 0x74, 0x88, 0x86, 0x7c, 0x78, 0x87, 0x7a, 0x72, 0x95, 0x7a,
  0x79, 0x7f, 0x86, 0x73, 0x7e, 0x91, 0x76, 0x7c, 0x80, 0x86, 0x69, 0x8b,
  0x8c, 0x6f, 0x80, 0x86, 0x7c, 0x72, 0x92, 0x81, 0x78, 0x7c, 0x8d, 0x70,
  0x78, 0x9a, 0x72, 0x7c, 0x81, 0x83, 0x70, 0x85, 0x8c, 0x76, 0x7d, 0x82,
  0x83, 0x69, 0x94, 0x84, 0x73, 0x86, 0x7e, 0x7b, 0x78, 0x8e, 0x7c, 0x7a,
  0x81, 0x86, 0x6e, 0x83, 0x94, 0x6f, 0x82, 0x82, 0x7e, 0x70, 0x8c, 0x83,
  0x7c, 0x7a, 0x85, 0x7e, 0x6c, 0x97, 0x7e, 0x78, 0x81, 0x83, 0x78, 0x7d,
  0x88, 0x82, 0x7c, 0x7a, 0x8d, 0x69, 0x88, 0x8f, 0x72, 0x84, 0x81, 0x80,
  0x74, 0x8a, 0x83, 0x7e, 0x77, 0x8b, 0x79, 0x6e, 0x9c, 0x78, 0x7a, 0x84,
  0x80, 0x78, 0x7e, 0x87, 0x80, 0x7a, 0x82, 0x87, 0x66, 0x93, 0x8b, 0x6d,
  0x88, 0x83, 0x7d, 0x71, 0x90, 0x83, 0x7a, 0x7d, 0x8a, 0x74, 0x74, 0x9e,
  0x6e, 0x82, 0x88, 0x7b, 0x75, 0x87, 0x8b, 0x73, 0x82, 0x85, 0x83, 0x62,
  0x9c, 0x86, 0x68, 0x92, 0x7f, 0x76, 0x7c, 0x8f, 0x77, 0x84, 0x7c, 0x87,
  0x73, 0x7b, 0xa0, 0x60, 0x8e, 0x8b, 0x72, 0x74, 0x90, 0x83, 0x74, 0x84,
  0x7f, 0x85, 0x69, 0x98, 0x7c, 0x74, 0x95, 0x74, 0x78, 0x85, 0x8a, 0x72,
  0x88, 0x7e, 0x84, 0x76, 0x7c, 0x98, 0x68, 0x8d, 0x82, 0x7a, 0x7c, 0x88,
  0x80, 0x7c, 0x88, 0x7b, 0x87, 0x6d, 0x92, 0x82, 0x70, 0x8f, 0x7c, 0x7c,
  0x7c, 0x8a, 0x7c, 0x83, 0x7b, 0x87, 0x7d, 0x71, 0x9f, 0x6b, 0x81, 0x8b,
  0x7c, 0x78, 0x85, 0x89, 0x77, 0x81, 0x84, 0x87, 0x66, 0x90, 0x8e, 0x65,
  0x8f, 0x84, 0x78, 0x7b, 0x8d, 0x7d, 0x7a, 0x85, 0x88, 0x74, 0x71, 0xa0,
  0x6d, 0x7a, 0x94, 0x76, 0x7a, 0x87, 0x89, 0x73, 0x86, 0x85, 0x81, 0x6b,
  0x8a, 0x92, 0x65, 0x8d, 0x86, 0x77, 0x7d, 0x8c, 0x7e, 0x7b, 0x85, 0x82,
  0x7d, 0x6e, 0x97, 0x7a, 0x74, 0x90, 0x79, 0x79, 0x85, 0x88, 0x77, 0x83,
  0x81, 0x87, 0x6f, 0x7e, 0x97, 0x6b, 0x85, 0x88, 0x7a, 0x79, 0x8b, 0x81,
  0x79, 0x85, 0x80, 0x84, 0x69, 0x94, 0x81, 0x72, 0x8c, 0x83, 0x75, 0x80,
  0x8f, 0x72, 0x86, 0x80, 0x85, 0x77, 0x77, 0x97, 0x6e, 0x83, 0x8c, 0x78,
  0x76, 0x8f, 0x80, 0x73, 0x8e, 0x7a, 0x86, 0x6f, 0x89, 0x8a, 0x6e, 0x8c,
  0x82, 0x76, 0x7e, 0x8c, 0x73, 0x87, 0x82, 0x7a, 0x89, 0x6c, 0x92, 0x7c,
  0x77, 0x8d, 0x78, 0x7c, 0x80, 0x86, 0x76, 0x8a, 0x79, 0x85, 0x7a, 0x75,
  0x95, 0x73, 0x7f, 0x89, 0x7b, 0x79, 0x86, 0x81, 0x7a, 0x88, 0x7a, 0x89,
  0x6d, 0x87, 0x8d, 0x6c, 0x89, 0x87, 0x77, 0x7b, 0x8e, 0x75, 0x84, 0x82,
  0x80, 0x83, 0x6f, 0x93, 0x7b, 0x77, 0x8e, 0x7b, 0x79, 0x88, 0x80, 0x77,
  0x8b, 0x7b, 0x86, 0x76, 0x7c, 0x92, 0x70, 0x80, 0x8a, 0x7b, 0x76, 0x8c,
  0x7b, 0x7c, 0x87, 0x7a, 0x8d, 0x6a, 0x89, 0x8e, 0x6b, 0x88, 0x87, 0x79,
  0x79, 0x8f, 0x75, 0x81, 0x83, 0x81, 0x82, 0x6a, 0x96, 0x7d, 0x6f, 0x8e,
  0x83, 0x72, 0x82, 0x8c, 0x6b, 0x8a, 0x7d, 0x88, 0x72, 0x76, 0x9b, 0x69,
  0x80, 0x89, 0x7f, 0x6f, 0x8d, 0x81, 0x70, 0x8d, 0x7a, 0x8b, 0x6c, 0x81,
  0x91, 0x6d, 0x84, 0x84, 0x7f, 0x74, 0x8e, 0x78, 0x7a, 0x8c, 0x7b, 0x8a,
  0x6c, 0x8a, 0x88, 0x71, 0x87, 0x83, 0x7a, 0x79, 0x91, 0x71, 0x81, 0x87,
  0x7e, 0x87, 0x69, 0x95, 0x7d, 0x73, 0x8b, 0x7f, 0x78, 0x7f, 0x8c, 0x6f,
  0x87, 0x81, 0x81, 0x83, 0x6a, 0x98, 0x74, 0x7a, 0x8b, 0x79, 0x7e, 0x7e,
  0x8c, 0x6e, 0x89, 0x80, 0x82, 0x80, 0x70, 0x93, 0x74, 0x7e, 0x87, 0x7d,
  0x7a, 0x83, 0x87, 0x70, 0x8b, 0x7d, 0x86, 0x7c, 0x75, 0x92, 0x71, 0x83,
  0x84, 0x7c, 0x79, 0x85, 0x83, 0x70, 0x8c, 0x7a, 0x87, 0x79, 0x78, 0x90,
  0x6f, 0x87, 0x81, 0x7f, 0x77, 0x87, 0x82, 0x71, 0x8c, 0x7a, 0x88, 0x75,
  0x7d, 0x8d, 0x74, 0x84, 0x82, 0x81, 0x74, 0x8c, 0x7d, 0x73, 0x8e, 0x78,
  0x8b, 0x70, 0x80, 0x8c, 0x71, 0x88, 0x7c, 0x84, 0x71, 0x8e, 0x7b, 0x73,
  0x91, 0x73, 0x8e, 0x6d, 0x85, 0x89, 0x73, 0x88, 0x7c, 0x84, 0x71, 0x90,
  0x75, 0x7d, 0x8a, 0x77, 0x92, 0x67, 0x8b, 0x86, 0x76, 0x84, 0x7f, 0x85,
  0x6f, 0x92, 0x73, 0x7f, 0x85, 0x7c, 0x8d, 0x64, 0x90, 0x81, 0x79, 0x82,
  0x80, 0x83, 0x6f, 0x94, 0x71, 0x7e, 0x87, 0x7c, 0x87, 0x6a, 0x8e, 0x7e,
  0x7e, 0x7e, 0x82, 0x82, 0x71, 0x96, 0x6c, 0x83, 0x86, 0x7c, 0x89, 0x69,
  0x90, 0x7d, 0x7f, 0x7e, 0x82, 0x80, 0x74, 0x95, 0x6b, 0x87, 0x81, 0x80,
  0x85, 0x68, 0x94, 0x79, 0x7f, 0x82, 0x7d, 0x83, 0x74, 0x93, 0x6e, 0x80,
  0x89, 0x7f, 0x7e, 0x74, 0x8d, 0x79, 0x85, 0x7b, 0x83, 0x7d, 0x78, 0x93,
  0x69, 0x86, 0x85, 0x7e, 0x80, 0x74, 0x8b, 0x7a, 0x84, 0x7d, 0x81, 0x7f,
  0x7a, 0x90, 0x6c, 0x86, 0x85, 0x7e, 0x81, 0x73, 0x8c, 0x79, 0x86, 0x7a,
  0x81, 0x81, 0x76, 0x91, 0x6d, 0x84, 0x83, 0x83, 0x7e, 0x72, 0x8f, 0x77,
  0x86, 0x7c, 0x80, 0x81, 0x76, 0x92, 0x6e, 0x80, 0x8a, 0x7f, 0x7e, 0x74,
  0x8b, 0x7b, 0x82, 0x7e, 0x7e, 0x82, 0x76, 0x90, 0x70, 0x80, 0x88, 0x7f,
  0x81, 0x72, 0x8a, 0x7d, 0x83, 0x7b, 0x80, 0x84, 0x72, 0x92, 0x71, 0x7e,
  0x86, 0x80, 0x85, 0x6b, 0x8d, 0x82, 0x7b, 0x81, 0x81, 0x82, 0x74, 0x92,
  0x75, 0x7a, 0x88, 0x81, 0x83, 0x6d, 0x8b, 0x82, 0x7b, 0x82, 0x7e, 0x83,
  0x74, 0x8e, 0x7a, 0x78, 0x86, 0x81, 0x87, 0x6c, 0x88, 0x86, 0x78, 0x85,
  0x7b, 0x88, 0x70, 0x8c, 0x80, 0x71, 0x8b, 0x7d, 0x8b, 0x6c, 0x86, 0x8a,
  0x76, 0x86, 0x7b, 0x88, 0x71, 0x8b, 0x81, 0x71, 0x8a, 0x7b, 0x89, 0x73,
  0x7e, 0x8a, 0x7a, 0x81, 0x7d, 0x85, 0x75, 0x86, 0x83, 0x74, 0x89, 0x77,
  0x90, 0x70, 0x7b, 0x8d, 0x77, 0x86, 0x76, 0x8b, 0x75, 0x80, 0x8b, 0x70,
  0x89, 0x77, 0x8f, 0x76, 0x74, 0x90, 0x78, 0x85, 0x77, 0x8a, 0x78, 0x7c,
  0x8e, 0x71, 0x89, 0x79, 0x8a, 0x7f, 0x70, 0x8c, 0x81, 0x7d, 0x7b, 0x86,
  0x7b, 0x7a, 0x8c, 0x74, 0x85, 0x79, 0x89, 0x83, 0x6a, 0x90, 0x7f, 0x7f,
  0x7b, 0x83, 0x83, 0x71, 0x90, 0x76, 0x7e, 0x80, 0x85, 0x87, 0x69, 0x8c,
  0x84, 0x7c, 0x7d, 0x82, 0x84, 0x71, 0x90, 0x79, 0x7a, 0x85, 0x7f, 0x8c,
  0x67, 0x89, 0x8a, 0x76, 0x80, 0x7f, 0x86, 0x72, 0x8b, 0x7f, 0x77, 0x83,
  0x7f, 0x92, 0x66, 0x81, 0x91, 0x75, 0x7f, 0x7d, 0x8a, 0x72, 0x83, 0x89,
  0x76, 0x7d, 0x81, 0x93, 0x6b, 0x78, 0x93, 0x7e, 0x77, 0x7d, 0x8c, 0x74,
  0x7e, 0x8b, 0x77, 0x7e, 0x7d, 0x8f, 0x7a, 0x6c, 0x91, 0x87, 0x73, 0x7e,
  0x8b, 0x76, 0x7c, 0x8a, 0x79, 0x82, 0x74, 0x93, 0x80, 0x63, 0x95, 0x83,
  0x77, 0x7f, 0x82, 0x80, 0x77, 0x87, 0x80, 0x7d, 0x7a, 0x8c, 0x87, 0x66,
  0x88, 0x8e, 0x76, 0x7d, 0x81, 0x87, 0x72, 0x86, 0x83, 0x7b, 0x7c, 0x84,
  0x8e, 0x6a, 0x7d, 0x92, 0x7b, 0x79, 0x7f, 0x87, 0x77, 0x80, 0x82, 0x81,
  0x7b, 0x7c, 0x96, 0x6b, 0x76, 0x96, 0x78, 0x7e, 0x7c, 0x85, 0x7d, 0x7c,
  0x83, 0x80, 0x81, 0x76, 0x96, 0x73, 0x70, 0x95, 0x7b, 0x81, 0x77, 0x86,
  0x7e, 0x79, 0x8a, 0x78, 0x85, 0x78, 0x8d, 0x80, 0x66, 0x92, 0x84, 0x79,
  0x7a, 0x85, 0x82, 0x79, 0x85, 0x7b, 0x89, 0x74, 0x86, 0x90, 0x5f, 0x8b,
  0x8d, 0x76, 0x80, 0x7c, 0x87, 0x7c, 0x7d, 0x80, 0x85, 0x79, 0x7e, 0x95,
  0x64, 0x7f, 0x94, 0x74, 0x7f, 0x7d, 0x86, 0x7f, 0x75, 0x87, 0x85, 0x76,
  0x7c, 0x96, 0x6b, 0x76, 0x96, 0x7c, 0x7b, 0x7a, 0x8a, 0x7f, 0x74, 0x86,
  0x85, 0x7d, 0x72, 0x97, 0x77, 0x68, 0x98, 0x81, 0x77, 0x79, 0x87, 0x88,
  0x6e, 0x84, 0x88, 0x80, 0x6d, 0x91, 0x89, 0x5e, 0x8f, 0x8d, 0x79, 0x75,
  0x80, 0x92, 0x72, 0x78, 0x8a, 0x89, 0x6d, 0x82, 0x93, 0x66, 0x80, 0x90,
  0x7f, 0x77, 0x76, 0x92, 0x7e, 0x72, 0x82, 0x92, 0x74, 0x74, 0x98, 0x6d,
  0x77, 0x91, 0x81, 0x7c, 0x70, 0x8a, 0x89, 0x72, 0x7d, 0x8f, 0x82, 0x69,
  0x98, 0x79, 0x69, 0x97, 0x80, 0x82, 0x71, 0x7d, 0x94, 0x74, 0x78, 0x88,
  0x8a, 0x6c, 0x8a, 0x86, 0x65, 0x90, 0x85, 0x83, 0x77, 0x70, 0x97, 0x7f,
  0x71, 0x83, 0x8e, 0x76, 0x7d, 0x89, 0x6d, 0x85, 0x8a, 0x81, 0x7d, 0x70,
  0x8b, 0x88, 0x74, 0x7d, 0x8e, 0x7b, 0x76, 0x90, 0x6e, 0x7a, 0x90, 0x81,
  0x7f, 0x70, 0x83, 0x89, 0x7a, 0x78, 0x88, 0x85, 0x6f, 0x92, 0x76, 0x6d,
  0x97, 0x80, 0x82, 0x74, 0x78, 0x92, 0x7b, 0x79, 0x82, 0x87, 0x78, 0x89,
  0x7a, 0x69, 0x95, 0x88, 0x7c, 0x79, 0x75, 0x90, 0x7e, 0x77, 0x82, 0x86,
  0x7c, 0x84, 0x83, 0x68, 0x8a, 0x92, 0x7a, 0x79, 0x75, 0x8c, 0x82, 0x77,
  0x82, 0x84, 0x7e, 0x7d, 0x89, 0x6c, 0x7c, 0x97, 0x7d, 0x7c, 0x72, 0x87,
  0x86, 0x79, 0x81, 0x7c, 0x89, 0x7c, 0x86, 0x73, 0x6e, 0xa0, 0x82, 0x72,
  0x78, 0x82, 0x8b, 0x76, 0x7e, 0x83, 0x86, 0x78, 0x87, 0x7d, 0x65, 0x99,
  0x8c, 0x73, 0x78, 0x7b, 0x8f, 0x7c, 0x76, 0x83, 0x87, 0x7e, 0x7f, 0x81,
  0x68, 0x8c, 0x97, 0x76, 0x75, 0x76, 0x90, 0x85, 0x6f, 0x83, 0x85, 0x80,
  0x81, 0x82, 0x6a, 0x7d, 0x9d, 0x81, 0x70, 0x73, 0x8b, 0x8d, 0x73, 0x7a,
  0x83, 0x86, 0x7f, 0x83, 0x73, 0x71, 0x98, 0x8d, 0x73, 0x6e, 0x80, 0x94,
  0x81, 0x71, 0x7c, 0x8e, 0x7f, 0x83, 0x78, 0x69, 0x93, 0x94, 0x77, 0x6d,
  0x75, 0x95, 0x8c, 0x6e, 0x78, 0x8a, 0x82, 0x88, 0x7a, 0x66, 0x88, 0x99,
  0x84, 0x6b, 0x6c, 0x90, 0x92, 0x78, 0x6f, 0x82, 0x89, 0x83, 0x82, 0x6a,
  0x79, 0x9b, 0x8b, 0x72, 0x66, 0x83, 0x9b, 0x83, 0x6d, 0x77, 0x8d, 0x8a,
  0x7f, 0x6d, 0x74, 0x98, 0x90, 0x75, 0x66, 0x7a, 0x97, 0x8e, 0x71, 0x6d,
  0x88, 0x89, 0x87, 0x77, 0x66, 0x8f, 0x98, 0x80, 0x68, 0x6f, 0x90, 0x98,
  0x7d, 0x68, 0x7b, 0x89, 0x8c, 0x82, 0x63, 0x7d, 0x9a, 0x8c, 0x70, 0x66,
  0x81, 0x9a, 0x8d, 0x6b, 0x6e, 0x85, 0x8e, 0x8b, 0x69, 0x70, 0x95, 0x91,
  0x77, 0x65, 0x76, 0x99, 0x94, 0x76, 0x68, 0x7e, 0x91, 0x8c, 0x74, 0x6c,
  0x87, 0x99, 0x7e, 0x65, 0x72, 0x8e, 0x9a, 0x7d, 0x65, 0x7b, 0x89, 0x8d,
  0x80, 0x6d, 0x7c, 0x95, 0x8c, 0x6c, 0x6a, 0x85, 0x99, 0x8d, 0x6b, 0x6b,
  0x85, 0x90, 0x88, 0x70, 0x70, 0x8f, 0x92, 0x76, 0x67, 0x78, 0x94, 0x95,
  0x78, 0x66, 0x7a, 0x91, 0x8e, 0x75, 0x6b, 0x87, 0x97, 0x82, 0x66, 0x71,
  0x91, 0x97, 0x82, 0x68, 0x71, 0x8f, 0x8f, 0x7c, 0x6b, 0x7d, 0x95, 0x8e,
  0x6b, 0x68, 0x84, 0x98, 0x8f, 0x71, 0x68, 0x83, 0x93, 0x87, 0x6f, 0x70,
  0x8b, 0x98, 0x7b, 0x65, 0x76, 0x91, 0x98, 0x7e, 0x64, 0x74, 0x91, 0x91,
  0x7a, 0x69, 0x7c, 0x97, 0x8e, 0x6a, 0x67, 0x85, 0x9c, 0x8e, 0x69, 0x65,
  0x89, 0x98, 0x84, 0x6d, 0x70, 0x8e, 0x98, 0x7a, 0x63, 0x76, 0x93, 0x99,
  0x79, 0x63, 0x76, 0x95, 0x90, 0x76, 0x6b, 0x7f, 0x96, 0x8c, 0x6b, 0x6b,
  0x83, 0x99, 0x8f, 0x6c, 0x67, 0x86, 0x96, 0x87, 0x71, 0x6e, 0x86, 0x97,
  0x82, 0x6b, 0x71, 0x88, 0x9a, 0x85, 0x68, 0x6f, 0x88, 0x91, 0x87, 0x71,
  0x70, 0x89, 0x8f, 0x80, 0x70, 0x73, 0x8b, 0x93, 0x80, 0x6c, 0x73, 0x87,
  0x92, 0x88, 0x70, 0x71, 0x86, 0x8a, 0x83, 0x75, 0x78, 0x89, 0x8d, 0x7d,
  0x70, 0x77, 0x87, 0x91, 0x83, 0x72, 0x74, 0x85, 0x89, 0x7f, 0x76, 0x7c,
  0x8c, 0x8b, 0x76, 0x71, 0x7b, 0x8e, 0x8f, 0x7a, 0x72, 0x7b, 0x87, 0x86,
  0x79, 0x76, 0x85, 0x8e, 0x83, 0x6d, 0x72, 0x86, 0x93, 0x87, 0x71, 0x72,
  0x84, 0x8b, 0x81, 0x73, 0x7a, 0x8b, 0x91, 0x7b, 0x6a, 0x75, 0x8a, 0x95,
  0x83, 0x6f, 0x74, 0x85, 0x8b, 0x7f, 0x73, 0x7a, 0x8e, 0x8e, 0x79, 0x6e,
  0x75, 0x8d, 0x92, 0x80, 0x71, 0x73, 0x85, 0x8c, 0x80, 0x74, 0x7a, 0x8a,
  0x8d, 0x79, 0x6e, 0x75, 0x89, 0x95, 0x85, 0x73, 0x71, 0x7d, 0x8d, 0x86,
  0x7b, 0x78, 0x83, 0x8a, 0x7d, 0x74, 0x74, 0x88, 0x92, 0x87, 0x75, 0x6f,
  0x7c, 0x8b, 0x89, 0x7d, 0x77, 0x83, 0x87, 0x7e, 0x73, 0x75, 0x88, 0x92,
  0x88, 0x73, 0x6e, 0x7b, 0x8d, 0x8d, 0x7d, 0x76, 0x82, 0x87, 0x7e, 0x74,
  0x77, 0x89, 0x90, 0x84, 0x73, 0x70, 0x7e, 0x8c, 0x88, 0x7c, 0x78, 0x84,
  0x84, 0x7b, 0x75, 0x7a, 0x8c, 0x8e, 0x81, 0x73, 0x72, 0x7f, 0x8b, 0x87,
  0x7c, 0x7a, 0x82, 0x83, 0x7b, 0x77, 0x7c, 0x89, 0x8b, 0x81, 0x77, 0x74,
  0x7d, 0x86, 0x86, 0x80, 0x7c, 0x81, 0x7f, 0x7a, 0x7a, 0x7d, 0x8a, 0x8a,
  0x81, 0x78, 0x74, 0x7d, 0x86, 0x88, 0x82, 0x7b, 0x7f, 0x7f, 0x7b, 0x7c,
  0x7d, 0x88, 0x89, 0x80, 0x79, 0x74, 0x7c, 0x86, 0x87, 0x83, 0x7c, 0x7f,
  0x7f, 0x7a, 0x7a, 0x7d, 0x89, 0x8a, 0x82, 0x78, 0x73, 0x7b, 0x87, 0x88,
  0x84, 0x7c, 0x7e, 0x7e, 0x7a, 0x7c, 0x7d, 0x89, 0x8a, 0x81, 0x78, 0x74,
  0x7b, 0x87, 0x88, 0x83, 0x7e, 0x7e, 0x7f, 0x79, 0x7b, 0x7e, 0x88, 0x8a,
  0x82, 0x79, 0x75, 0x7b, 0x85, 0x87, 0x84, 0x7d, 0x7f, 0x81, 0x7a, 0x7b,
  0x7c, 0x86, 0x8a, 0x83, 0x7b, 0x75, 0x7b, 0x82, 0x87, 0x84, 0x7e, 0x7f,
  0x81, 0x7b, 0x7a, 0x7b, 0x85, 0x8a, 0x84, 0x7a, 0x76, 0x7b, 0x83, 0x86,
  0x83, 0x7c, 0x7f, 0x83, 0x7e, 0x7b, 0x79, 0x81, 0x89, 0x86, 0x7f, 0x77,
  0x79, 0x80, 0x84, 0x85, 0x7e, 0x7f, 0x82, 0x7c, 0x7a, 0x79, 0x81, 0x8a,
  0x86, 0x7e, 0x77, 0x78, 0x81, 0x84, 0x83, 0x7f, 0x7e, 0x83, 0x7f, 0x7b,
  0x79, 0x7e, 0x87, 0x87, 0x81, 0x7a, 0x79, 0x7d, 0x82, 0x82, 0x81, 0x80,
  0x84, 0x80, 0x78, 0x77, 0x7c, 0x89, 0x8a, 0x83, 0x79, 0x76, 0x7c, 0x82,
  0x85, 0x83, 0x7f, 0x81, 0x80, 0x79, 0x7a, 0x7d, 0x87, 0x89, 0x81, 0x7a,
  0x79, 0x7d, 0x82, 0x81, 0x81, 0x80, 0x81, 0x82, 0x7b, 0x79, 0x7c, 0x84,
  0x88, 0x84, 0x7d, 0x7a, 0x7c, 0x80, 0x83, 0x80, 0x7f, 0x80, 0x83, 0x7f,
  0x7a, 0x7a, 0x7e, 0x86, 0x87, 0x82, 0x7c, 0x79, 0x7c, 0x81, 0x83, 0x83,
  0x82, 0x82, 0x7d, 0x78, 0x79, 0x7f, 0x88, 0x89, 0x81, 0x79, 0x77, 0x7c,
  0x83, 0x85, 0x83, 0x7f, 0x7e, 0x7e, 0x7b, 0x7d, 0x81, 0x84, 0x85, 0x7f,
  0x7b, 0x7c, 0x7f, 0x82, 0x82, 0x80, 0x7f, 0x7f, 0x81, 0x7e, 0x7e, 0x7e,
  0x81, 0x84, 0x80, 0x7e, 0x7d, 0x7f, 0x82, 0x81, 0x7f, 0x7d, 0x7f, 0x81,
  0x80, 0x7f, 0x7d, 0x7f, 0x82, 0x82, 0x80, 0x7d, 0x7d, 0x7f, 0x81, 0x81,
  0x7f, 0x7f, 0x80, 0x7f, 0x7f, 0x7f, 0x7e, 0x81, 0x82, 0x81, 0x7e, 0x7c,
  0x7e, 0x80, 0x81, 0x80, 0x81, 0x80, 0x7e, 0x7d, 0x7d, 0x81, 0x83, 0x81,
  0x7f, 0x7d, 0x7e, 0x80, 0x82, 0x80, 0x7e, 0x7f, 0x80, 0x80, 0x80, 0x7e,
  0x80, 0x80, 0x80, 0x7f, 0x7f, 0x80, 0x80, 0x81, 0x7f, 0x7f, 0x7f, 0x80,
  0x80, 0x7f, 0x7e, 0x7f, 0x80, 0x80, 0x81, 0x7f, 0x7f, 0x7e, 0x80, 0x81,
  0x80, 0x7f, 0x7e, 0x7e, 0x80, 0x81, 0x82, 0x7f, 0x7d, 0x7e, 0x80, 0x83,
  0x82, 0x7f, 0x7c, 0x7c, 0x82, 0x84, 0x82, 0x7e, 0x7b, 0x7c, 0x81, 0x84,
  0x84, 0x7e, 0x7b, 0x7c, 0x81, 0x85, 0x82, 0x7f, 0x7b, 0x7c, 0x7f, 0x83,
  0x83, 0x80, 0x7b, 0x7a, 0x7f, 0x83, 0x85, 0x80, 0x7c, 0x7b, 0x7f, 0x83,
  0x84, 0x80, 0x7b, 0x7b, 0x7f, 0x83, 0x84, 0x80, 0x7b, 0x7b, 0x7f, 0x84,
  0x85, 0x80, 0x7a, 0x79, 0x7f, 0x85, 0x86, 0x80, 0x79, 0x79, 0x7f, 0x85,
  0x86, 0x80, 0x7a, 0x7a, 0x7f, 0x85, 0x86, 0x80, 0x7a, 0x79, 0x7f, 0x86,
  0x86, 0x7f, 0x78, 0x79, 0x80, 0x86, 0x86, 0x80, 0x79, 0x79, 0x7f, 0x85,
  0x86, 0x80, 0x79, 0x78, 0x80, 0x86, 0x86, 0x7f, 0x78, 0x7a, 0x81, 0x87,
  0x85, 0x7d, 0x78, 0x7a, 0x82, 0x86, 0x84, 0x7d, 0x79, 0x7b, 0x82, 0x85,
  0x83, 0x7e, 0x7b, 0x7d, 0x81, 0x84, 0x82, 0x7e, 0x7b, 0x7d, 0x81, 0x83,
  0x81, 0x7d, 0x7d, 0x7f, 0x81, 0x82, 0x81, 0x7e, 0x7d, 0x7f, 0x81, 0x81,
  0x80, 0x7e, 0x7f, 0x80, 0x80, 0x7f, 0x7f, 0x7f, 0x80, 0x81, 0x81, 0x7f,
  0x7f, 0x7f, 0x7f, 0x80, 0x80, 0x80, 0x80, 0x80, 0x7f, 0x7e, 0x7f, 0x80,
  0x81, 0x80, 0x7f, 0x7f, 0x80, 0x80, 0x7f, 0x7f, 0x7f, 0x81, 0x81, 0x80,
  0x7e, 0x7d, 0x7e, 0x81, 0x82, 0x81, 0x7f, 0x7e, 0x7f, 0x7f, 0x80, 0x80,
  0x80, 0x80, 0x80, 0x7f, 0x7d, 0x7e, 0x7f, 0x82, 0x82, 0x80, 0x7f, 0x7e,
  0x7e, 0x7f, 0x80, 0x80, 0x80, 0x81, 0x80, 0x7e, 0x7d, 0x7d, 0x80, 0x83,
  0x82, 0x80, 0x7d, 0x7d, 0x7e, 0x80, 0x82, 0x82, 0x80, 0x7e, 0x7e, 0x7e,
  0x7e, 0x80, 0x82, 0x82, 0x81, 0x7f, 0x7e, 0x7d, 0x7f, 0x81, 0x82, 0x82,
  0x80, 0x7e, 0x7c, 0x7d, 0x7f, 0x83, 0x83, 0x81, 0x7e, 0x7d, 0x7e, 0x80,
  0x81, 0x82, 0x81, 0x80, 0x7f, 0x7d, 0x7d, 0x7e, 0x81, 0x83, 0x82, 0x7f,
  0x7d, 0x7d, 0x7e, 0x81, 0x82, 0x82, 0x80, 0x7e, 0x7d, 0x7c, 0x7e, 0x81,
  0x83, 0x82, 0x80, 0x7d, 0x7d, 0x7e, 0x80, 0x82, 0x82, 0x81, 0x7f, 0x7d,
  0x7c, 0x7d, 0x80, 0x83, 0x83, 0x81, 0x7e, 0x7d, 0x7e, 0x7f, 0x81, 0x82,
  0x82, 0x80, 0x7e, 0x7c, 0x7c, 0x7f, 0x82, 0x83, 0x82, 0x7f, 0x7c, 0x7d,
  0x7f, 0x81, 0x83, 0x82, 0x80, 0x7d, 0x7b, 0x7c, 0x7f, 0x82, 0x84, 0x82,
  0x7f, 0x7c, 0x7c, 0x7e, 0x81, 0x83, 0x83, 0x81, 0x7e, 0x7b, 0x7b, 0x7f,
  0x83, 0x84, 0x83, 0x7f, 0x7c, 0x7c, 0x7e, 0x81, 0x83, 0x83, 0x81, 0x7e,
  0x7b, 0x7a, 0x7e, 0x82, 0x85, 0x83, 0x7f, 0x7c, 0x7b, 0x7d, 0x81, 0x83,
  0x84, 0x82, 0x7e, 0x7a, 0x79, 0x7d, 0x82, 0x86, 0x84, 0x80, 0x7c, 0x7a,
  0x7d, 0x80, 0x84, 0x85, 0x83, 0x7f, 0x7a, 0x79, 0x7c, 0x82, 0x86, 0x85,
  0x81, 0x7c, 0x7a, 0x7c, 0x80, 0x84, 0x85, 0x83, 0x7f, 0x7b, 0x79, 0x7b,
  0x81, 0x86, 0x86, 0x82, 0x7d, 0x7a, 0x7b, 0x7f, 0x83, 0x85, 0x84, 0x80,
  0x7b, 0x79, 0x7a, 0x80, 0x85, 0x86, 0x83, 0x7e, 0x7a, 0x7a, 0x7e, 0x83,
  0x85, 0x85, 0x81, 0x7c, 0x79, 0x7a, 0x7e, 0x84, 0x86, 0x84, 0x7f, 0x7b,
  0x7a, 0x7d, 0x81, 0x85, 0x85, 0x82, 0x7d, 0x79, 0x79, 0x7d, 0x83, 0x86,
  0x85, 0x80, 0x7b, 0x79, 0x7c, 0x80, 0x84, 0x85, 0x83, 0x7f, 0x7a, 0x78,
  0x7c, 0x82, 0x86, 0x86, 0x82, 0x7c, 0x79, 0x7b, 0x7f, 0x84, 0x85, 0x84,
  0x80, 0x7b, 0x78, 0x7a, 0x80, 0x85, 0x86, 0x83, 0x7e, 0x7a, 0x7a, 0x7e,
  0x83, 0x85, 0x84, 0x81, 0x7c, 0x79, 0x79, 0x7e, 0x84, 0x86, 0x84, 0x7f,
  0x7a, 0x7a, 0x7d, 0x82, 0x85, 0x85, 0x82, 0x7d, 0x79, 0x78, 0x7d, 0x83,
  0x86, 0x85, 0x81, 0x7b, 0x79, 0x7b, 0x80, 0x85, 0x86, 0x84, 0x7f, 0x7a,
  0x78, 0x7b, 0x81, 0x86, 0x87, 0x83, 0x7c, 0x78, 0x79, 0x7f, 0x84, 0x87,
  0x85, 0x80, 0x7a, 0x77, 0x79, 0x7f, 0x86, 0x88, 0x85, 0x7e, 0x78, 0x78,
  0x7c, 0x83, 0x88, 0x87, 0x83, 0x7c, 0x77, 0x77, 0x7c, 0x84, 0x88, 0x87,
  0x80, 0x7a, 0x77, 0x7a, 0x81, 0x87, 0x88, 0x84, 0x7e, 0x79, 0x77, 0x7a,
  0x81, 0x87, 0x87, 0x83, 0x7c, 0x78, 0x79, 0x7f, 0x84, 0x87, 0x86, 0x81,
  0x7b, 0x77, 0x79, 0x7f, 0x85, 0x87, 0x84, 0x7e, 0x7a, 0x79, 0x7d, 0x82,
  0x86, 0x86, 0x82, 0x7d, 0x79, 0x78, 0x7c, 0x82, 0x86, 0x86, 0x81, 0x7b,
  0x79, 0x7c, 0x80, 0x85, 0x86, 0x84, 0x80, 0x7b, 0x78, 0x7a, 0x7f, 0x85,
  0x87, 0x83, 0x7d, 0x7a, 0x7a, 0x7e, 0x83, 0x85, 0x85, 0x82, 0x7d, 0x79,
  0x78, 0x7d, 0x83, 0x87, 0x85, 0x7f, 0x7b, 0x7a, 0x7d, 0x81, 0x85, 0x85,
  0x83, 0x7f, 0x7a, 0x78, 0x7a, 0x80, 0x86, 0x87, 0x82, 0x7c, 0x79, 0x7a,
  0x7f, 0x84, 0x86, 0x85, 0x81, 0x7c, 0x78, 0x78, 0x7d, 0x84, 0x87, 0x85,
  0x7f, 0x7a, 0x79, 0x7d, 0x82, 0x85, 0x85, 0x83, 0x7f, 0x7b, 0x78, 0x7a,
  0x7f, 0x86, 0x87, 0x83, 0x7c, 0x78, 0x7a, 0x7f, 0x84, 0x85, 0x84, 0x81,
  0x7d, 0x7a, 0x79, 0x7c, 0x81, 0x86, 0x86, 0x81, 0x7a, 0x78, 0x7c, 0x82,
  0x85, 0x85, 0x82, 0x7f, 0x7d, 0x7b, 0x7b, 0x7d, 0x82, 0x86, 0x84, 0x7f,
  0x7a, 0x7a, 0x7e, 0x83, 0x85, 0x83, 0x80, 0x7f, 0x7d, 0x7c, 0x7c, 0x7e,
  0x82, 0x85, 0x83, 0x7e, 0x7a, 0x7b, 0x7f, 0x83, 0x83, 0x82, 0x80, 0x7f,
  0x7e, 0x7d, 0x7c, 0x7e, 0x82, 0x84, 0x83, 0x7f, 0x7c, 0x7c, 0x7f, 0x81,
  0x82, 0x81, 0x81, 0x81, 0x7f, 0x7c, 0x7b, 0x7d, 0x81, 0x84, 0x83, 0x7f,
  0x7d, 0x7c, 0x7e, 0x80, 0x81, 0x81, 0x82, 0x81, 0x80, 0x7d, 0x7b, 0x7d,
  0x81, 0x83, 0x83, 0x80, 0x7d, 0x7d, 0x7e, 0x7f, 0x81, 0x81, 0x82, 0x82,
  0x80, 0x7d, 0x7b, 0x7c, 0x80, 0x83, 0x83, 0x81, 0x7e, 0x7d, 0x7d, 0x7f,
  0x80, 0x81, 0x82, 0x83, 0x81, 0x7e, 0x7b, 0x7b, 0x7e, 0x82, 0x84, 0x82,
  0x7f, 0x7d, 0x7d, 0x7e, 0x80, 0x81, 0x82, 0x83, 0x82, 0x7f, 0x7c, 0x7b,
  0x7d, 0x81, 0x83, 0x83, 0x80, 0x7d, 0x7c, 0x7d, 0x7f, 0x81, 0x82, 0x83,
  0x82, 0x80, 0x7d, 0x7b, 0x7c, 0x7f, 0x83, 0x83, 0x81, 0x7e, 0x7d, 0x7d,
  0x7e, 0x80, 0x81, 0x82, 0x82, 0x81, 0x7e, 0x7c, 0x7c, 0x7e, 0x81, 0x83,
  0x82, 0x80, 0x7e, 0x7d, 0x7e, 0x7f, 0x80, 0x82, 0x82, 0x82, 0x80, 0x7d,
  0x7c, 0x7d, 0x7f, 0x82, 0x83, 0x82, 0x7f, 0x7e, 0x7d, 0x7e, 0x7f, 0x81,
  0x82, 0x82, 0x81, 0x7f, 0x7d, 0x7c, 0x7d, 0x7f, 0x82, 0x83, 0x81, 0x7f,
  0x7d, 0x7d, 0x7e, 0x80, 0x81, 0x82, 0x82, 0x81, 0x7f, 0x7d, 0x7c, 0x7d,
  0x80, 0x83, 0x83, 0x81, 0x7e, 0x7d, 0x7d, 0x7f, 0x80, 0x81, 0x82, 0x81,
  0x81, 0x7f, 0x7d, 0x7c, 0x7e, 0x81, 0x83, 0x83, 0x80, 0x7e, 0x7d, 0x7d,
  0x7f, 0x80, 0x81, 0x82, 0x82, 0x81, 0x7f, 0x7d, 0x7c, 0x7e, 0x81, 0x83,
  0x82, 0x80, 0x7e, 0x7c, 0x7d, 0x7e, 0x80, 0x81, 0x82, 0x82, 0x81, 0x7f,
  0x7d, 0x7d, 0x7e, 0x80, 0x82, 0x82, 0x80, 0x7e, 0x7d, 0x7d, 0x7e, 0x80,
  0x81, 0x82, 0x81, 0x81, 0x7f, 0x7e, 0x7e, 0x7f, 0x80, 0x81, 0x81, 0x80,
  0x7e, 0x7d, 0x7d, 0x7e, 0x7f, 0x80, 0x81, 0x81, 0x82, 0x81, 0x7f, 0x7e,
  0x7e, 0x7e, 0x80, 0x82, 0x82, 0x80, 0x7e, 0x7c, 0x7c, 0x7e, 0x80, 0x82,
  0x83, 0x81, 0x80, 0x7e, 0x7e, 0x7f, 0x80, 0x81, 0x81, 0x81, 0x80, 0x7e,
  0x7d, 0x7d, 0x7d, 0x7f, 0x82, 0x83, 0x82, 0x81, 0x7f, 0x7e, 0x7e, 0x7e,
  0x80, 0x81, 0x82, 0x81, 0x7f, 0x7d, 0x7c, 0x7d, 0x7f, 0x81, 0x82, 0x82,
  0x81, 0x7f, 0x7d, 0x7d, 0x7e, 0x81, 0x82, 0x82, 0x80, 0x7d, 0x7c, 0x7c,
  0x7e, 0x81, 0x82, 0x82, 0x81, 0x7f, 0x7d, 0x7d, 0x7f, 0x81, 0x82, 0x82,
  0x80, 0x7e, 0x7d, 0x7d, 0x7e, 0x80, 0x81, 0x81, 0x80, 0x7f, 0x7f, 0x7e,
  0x7f, 0x7f, 0x80, 0x81, 0x80, 0x80, 0x7f, 0x7f, 0x7f, 0x7f, 0x80, 0x80,
  0x80, 0x80, 0x7f, 0x7f, 0x7f, 0x7f, 0x7f, 0x80, 0x80, 0x80, 0x80, 0x7f,
  0x7f, 0x7f, 0x7f, 0x80, 0x80, 0x80, 0x80, 0x7f, 0x7e, 0x7f, 0x7f, 0x80,
  0x80, 0x80, 0x80, 0x7f, 0x7f, 0x7f, 0x7f, 0x80, 0x80, 0x80, 0x80, 0x7f,
  0x7f, 0x7f, 0x7f, 0x80, 0x80, 0x80, 0x80, 0x80, 0x7f, 0x7f, 0x7f, 0x7f,
  0x80, 0x80, 0x80, 0x80, 0x7f, 0x7f, 0x7f, 0x7f, 0x7f, 0x80, 0x80, 0x80,
  0x80, 0x7f, 0x7f, 0x7f, 0x80, 0x80, 0x80, 0x80, 0x7f, 0x7f, 0x7f, 0x7f,
  0x80, 0x80, 0x80, 0x80, 0x7f, 0x7f, 0x7f, 0x80, 0x80, 0x80, 0x80, 0x7f,
  0x7f, 0x7f, 0x7f, 0x80, 0x80, 0x80, 0x7f, 0x7f, 0x7f, 0x80, 0x80, 0x80,
  0x80, 0x7f, 0x7f, 0x7f, 0x7f, 0x80, 0x80, 0x80, 0x80, 0x7f, 0x7f, 0x7f,
  0x7f, 0x80, 0x80, 0x80, 0x80, 0x7f, 0x7f, 0x7f, 0x7f, 0x80, 0x80, 0x80,
  0x80, 0x7f, 0x7f, 0x7f, 0x80, 0x80, 0x80, 0x80, 0x7f, 0x7f, 0x7f, 0x7f,
  0x80, 0x80, 0x80, 0x80, 0x7f, 0x7f, 0x7f, 0x7f, 0x80, 0x80, 0x80, 0x80,
  0x7f, 0x7f, 0x7f, 0x7f, 0x80, 0x80, 0x80, 0x80, 0x7f, 0x7f, 0x7f, 0x80,
  0x80, 0x80, 0x80, 0x80, 0x7f, 0x7f, 0x7f, 0x7f, 0x7f, 0x80, 0x80, 0x7f,
  0x7f, 0x7f, 0x7f, 0x7f, 0x7f, 0x80, 0x80, 0x80, 0x80, 0x7f, 0x7f, 0x7f,
  0x7f, 0x80, 0x80, 0x80, 0x80, 0x7f, 0x7f, 0x7f, 0x7f, 0x80, 0x80, 0x80,
  0x80, 0x7f, 0x7f, 0x7f, 0x7f, 0x80, 0x80, 0x80, 0x80, 0x7f, 0x80, 0x80,
  0x80, 0x80, 0x80, 0x7f, 0x7f, 0x7f, 0x7f, 0x7f, 0x80, 0x80, 0x80, 0x7f,
  0x7f, 0x7f, 0x7f, 0x7f, 0x7f, 0x7f, 0x7f, 0x7f, 0x7f, 0x80, 0x80, 0x80,
  0x80, 0x80, 0x80, 0x80, 0x80, 0x80, 0x80, 0x80, 0x80, 0x80, 0x80, 0x80,
  0x80, 0x80, 0x80, 0x80, 0x7f, 0x80, 0x80, 0x80, 0x80, 0x80, 0x7f, 0x7f,
  0x7f, 0x7f, 0x7f, 0x80, 0x80, 0x80, 0x80, 0x7f, 0x7f, 0x7f, 0x7f, 0x7f,
  0x80, 0x80, 0x80, 0x80, 0x80, 0x80, 0x80, 0x80, 0x80, 0x80, 0x80, 0x80,
  0x80, 0x80, 0x7f, 0x7f, 0x7f, 0x80, 0x80, 0x80, 0x80, 0x7f, 0x7f, 0x7f,
  0x7f, 0x80, 0x80, 0x80, 0x7f, 0x7f, 0x7f, 0x7f, 0x80, 0x80, 0x80, 0x80,
  0x80, 0x7f, 0x7f, 0x7f, 0x80, 0x80, 0x80, 0x80, 0x80, 0x7f, 0x7f, 0x7f,
  0x80, 0x80, 0x80, 0x80, 0x80, 0x80, 0x80, 0x7f, 0x80, 0x80, 0x80, 0x80,
  0x80, 0x7f, 0x7f, 0x7f, 0x7f, 0x7f, 0x7f, 0x7f, 0x7f, 0x7f, 0x7f, 0x7f,
  0x80, 0x80, 0x80, 0x80, 0x80, 0x7f, 0x7f, 0x80, 0x80, 0x80, 0x80, 0x80,
  0x80, 0x7f, 0x7f, 0x80, 0x80, 0x80, 0x80, 0x80, 0x80, 0x80, 0x80, 0x80,
  0x80, 0x80, 0x80, 0x80, 0x80, 0x7f, 0x7f, 0x7f, 0x80, 0x80, 0x80, 0x7f,
  0x7f, 0x7f, 0x7f, 0x7f, 0x7f, 0x7f, 0x7f, 0x80, 0x7f, 0x7f, 0x7f, 0x7f,
  0x7f, 0x80, 0x80, 0x80, 0x80, 0x80, 0x80, 0x80, 0x80, 0x80, 0x80, 0x80,
  0x80, 0x80, 0x80, 0x80, 0x80, 0x80, 0x80, 0x80, 0x80, 0x80, 0x80, 0x7f,
  0x7f, 0x7f, 0x80, 0x80, 0x80, 0x7f, 0x7f, 0x7f, 0x7f, 0x7f, 0x80, 0x80,
  0x7f, 0x7f, 0x7f, 0x7f, 0x7f, 0x80, 0x80, 0x80, 0x80, 0x80, 0x80, 0x80,
  0x80, 0x80, 0x80, 0x80, 0x80, 0x80, 0x80, 0x7f, 0x80, 0x80, 0x80, 0x80,
  0x80, 0x80, 0x7f, 0x7f, 0x7f, 0x80, 0x80, 0x80, 0x7f, 0x7f, 0x7f, 0x80,
  0x80, 0x80, 0x80, 0x80, 0x80, 0x80, 0x7f, 0x7f, 0x80, 0x80, 0x80, 0x80,
  0x80, 0x80, 0x80, 0x80, 0x80, 0x80, 0x80, 0x80, 0x80, 0x80, 0x80, 0x7f,
  0x80, 0x7f, 0x7f, 0x7f, 0x7f, 0x7f, 0x7f, 0x7f, 0x80, 0x80, 0x80, 0x80,
  0x7f, 0x7f, 0x7f, 0x80, 0x80, 0x80, 0x80, 0x80, 0x80, 0x80, 0x80, 0x80,
  0x80, 0x7f, 0x80, 0x80, 0x80, 0x80, 0x80, 0x80, 0x80, 0x80, 0x80, 0x80,
  0x80, 0x80, 0x80, 0x7f, 0x7f, 0x80, 0x7f, 0x7f, 0x7f, 0x7f, 0x7f, 0x80,
  0x80, 0x80, 0x80, 0x80, 0x7f, 0x7f, 0x7f, 0x7f, 0x7f, 0x7f, 0x80, 0x80,
  0x80, 0x80, 0x80, 0x80, 0x80, 0x7f, 0x7f, 0x80, 0x80, 0x80, 0x80, 0x80,
  0x80, 0x80, 0x80, 0x80, 0x7f, 0x80, 0x7f, 0x7f, 0x7f, 0x80, 0x80, 0x80,
  0x80, 0x7f, 0x7f, 0x7f, 0x80, 0x7f, 0x80, 0x80, 0x80, 0x80, 0x7f, 0x7f,
  0x7f, 0x7f, 0x7f, 0x7f, 0x80, 0x7f, 0x80, 0x80, 0x80, 0x80, 0x80, 0x80,
  0x80, 0x80, 0x80, 0x80, 0x80, 0x80, 0x80, 0x80, 0x7f, 0x80, 0x7f, 0x7f,
  0x7f, 0x7f, 0x7f, 0x80, 0x7f, 0x7f, 0x7f, 0x7f, 0x7f, 0x7f, 0x7f, 0x80,
  0x80, 0x80, 0x80, 0x80, 0x7f, 0x7f, 0x80, 0x80, 0x80, 0x80, 0x80, 0x80,
  0x80, 0x80, 0x80, 0x80, 0x80, 0x80, 0x80, 0x80, 0x80, 0x80, 0x80, 0x80,
  0x80, 0x80, 0x7f, 0x7f, 0x7f, 0x7f, 0x7f, 0x7f, 0x7f, 0x7f, 0x7f, 0x7f,
  0x80, 0x7f, 0x7f, 0x80, 0x80, 0x80, 0x7f, 0x80, 0x7f, 0x7f, 0x80, 0x80,
  0x80, 0x80, 0x7f, 0x80, 0x80, 0x80, 0x80, 0x80, 0x80, 0x80, 0x80, 0x80,
  0x80, 0x80, 0x7f, 0x80, 0x80, 0x80, 0x7f, 0x7f, 0x7f, 0x7f, 0x80, 0x80,
  0x7f, 0x7f, 0x7f, 0x7f, 0x80, 0x80, 0x80, 0x80, 0x7f, 0x7f, 0x7f, 0x7f,
  0x7f, 0x7f, 0x7f, 0x80, 0x80, 0x80, 0x7f, 0x7f, 0x80, 0x80, 0x80, 0x80,
  0x80, 0x80, 0x80, 0x80, 0x80, 0x80, 0x80, 0x80, 0x80, 0x80, 0x80, 0x7f,
  0x80, 0x80, 0x80, 0x80, 0x7f, 0x7f, 0x80, 0x7f, 0x7f, 0x7f, 0x80, 0x80,
  0x80, 0x80, 0x80, 0x80, 0x7f, 0x7f, 0x7f, 0x80, 0x80, 0x80, 0x80, 0x80,
  0x80, 0x80, 0x80, 0x80, 0x80, 0x80, 0x80, 0x80, 0x80, 0x80, 0x80, 0x80,
  0x80, 0x80, 0x80, 0x7f, 0x7f, 0x80, 0x80, 0x80, 0x80, 0x80, 0x80, 0x80,
  0x80, 0x7f, 0x80, 0x80, 0x80, 0x80, 0x80, 0x80, 0x7f, 0x7f, 0x7f, 0x80,
  0x80, 0x80, 0x80, 0x80, 0x80, 0x80, 0x80, 0x80, 0x80, 0x80, 0x80, 0x80,
  0x80, 0x80, 0x80, 0x80, 0x80, 0x80, 0x80, 0x7f, 0x7f, 0x80, 0x80, 0x80,
  0x80, 0x80, 0x80, 0x80, 0x80, 0x7f, 0x7f, 0x7f, 0x7f, 0x80, 0x80, 0x7f,
  0x7f, 0x7f, 0x80, 0x80, 0x80, 0x80, 0x80, 0x80, 0x80, 0x80, 0x80, 0x80,
  0x80, 0x80, 0x80, 0x80, 0x80, 0x80, 0x80, 0x80, 0x80, 0x80, 0x80, 0x80,
  0x80, 0x80, 0x80, 0x80, 0x80, 0x7f, 0x80, 0x7f, 0x7f, 0x7f, 0x7f, 0x7f,
  0x7f, 0x80, 0x80, 0x80, 0x80, 0x80, 0x80, 0x80, 0x80, 0x80, 0x80, 0x80,
  0x80, 0x80, 0x80, 0x80, 0x80, 0x80, 0x80, 0x80, 0x80, 0x80, 0x80, 0x80,
  0x80, 0x80, 0x80, 0x80, 0x80, 0x80, 0x7f, 0x80, 0x80, 0x80, 0x80, 0x80,
  0x80, 0x7f, 0x7f, 0x7f, 0x7f, 0x80, 0x80, 0x80, 0x80, 0x80, 0x80, 0x80,
  0x80, 0x80, 0x80, 0x80, 0x80, 0x80, 0x80, 0x80, 0x80, 0x80, 0x80, 0x80,
  0x80, 0x80, 0x80, 0x80, 0x80, 0x80, 0x80, 0x80, 0x7f, 0x80, 0x7f, 0x80,
  0x7f, 0x80, 0x80, 0x80, 0x80, 0x7f, 0x7f, 0x7f, 0x7f, 0x7f, 0x80, 0x80,
  0x80, 0x80, 0x80, 0x80, 0x80, 0x80, 0x80, 0x80, 0x80, 0x80, 0x80, 0x80,
  0x80, 0x80, 0x80, 0x80, 0x80, 0x80, 0x80, 0x80, 0x80, 0x80, 0x80, 0x7f,
  0x7f, 0x80, 0x7f, 0x80, 0x80, 0x80, 0x80, 0x7f, 0x7f, 0x7f, 0x7f, 0x7f,
  0x7f, 0x7f, 0x80, 0x80, 0x80, 0x80, 0x80, 0x80, 0x80, 0x80, 0x80, 0x80,
  0x80, 0x80, 0x80, 0x80, 0x80, 0x80, 0x80, 0x80, 0x80, 0x80, 0x80, 0x80,
  0x80, 0x80, 0x80, 0x7f, 0x7f, 0x80, 0x80, 0x80, 0x7f, 0x7f, 0x80, 0x80,
  0x80, 0x7f, 0x7f, 0x7f, 0x7f, 0x7f, 0x80, 0x80, 0x80, 0x7f, 0x7f, 0x80,
  0x80, 0x80, 0x80, 0x80, 0x80, 0x80, 0x80, 0x80, 0x80, 0x80, 0x80, 0x80,
  0x80, 0x80, 0x80, 0x80, 0x80, 0x80, 0x7f, 0x7f, 0x7f, 0x7f, 0x7f, 0x7f,
  0x7f, 0x7f, 0x7f, 0x7f, 0x7f, 0x7f, 0x7f, 0x7f, 0x7f, 0x7f, 0x7f, 0x80,
  0x80, 0x7f, 0x7f, 0x80, 0x80, 0x80, 0x80, 0x80, 0x80, 0x80, 0x80, 0x80,
  0x80, 0x80, 0x80, 0x80, 0x80, 0x80, 0x80, 0x80, 0x80, 0x80, 0x7f, 0x7f,
  0x7f, 0x7f, 0x7f, 0x7f, 0x7f, 0x7f, 0x7f, 0x7f, 0x7f, 0x7f, 0x7f, 0x80,
  0x7f, 0x80, 0x80, 0x80, 0x7f, 0x7f, 0x7f, 0x80, 0x80, 0x80, 0x80, 0x80,
  0x80, 0x80, 0x80, 0x80, 0x80, 0x80, 0x80, 0x80, 0x80, 0x80, 0x80, 0x80,
  0x7f, 0x80, 0x7f, 0x7f, 0x7f, 0x7f, 0x7f, 0x7f, 0x7f, 0x7f, 0x7f, 0x7f,
  0x7f, 0x7f, 0x7f, 0x80, 0x7f, 0x80, 0x80, 0x80, 0x80, 0x80, 0x80, 0x80,
  0x80, 0x80, 0x80, 0x80, 0x80, 0x80, 0x80, 0x80, 0x80, 0x80, 0x80, 0x80,
  0x80, 0x80, 0x80, 0x80, 0x80, 0x80, 0x80, 0x7f, 0x7f, 0x7f, 0x7f, 0x7f,
  0x7f, 0x7f, 0x7f, 0x80, 0x80, 0x80, 0x80, 0x80, 0x80, 0x80, 0x80, 0x80,
  0x80, 0x80, 0x80, 0x80, 0x80, 0x80, 0x80, 0x80, 0x80, 0x80, 0x80, 0x80,
  0x80, 0x80, 0x80, 0x80, 0x80, 0x80, 0x7f, 0x7f, 0x7f, 0x7f, 0x7f, 0x7f,
  0x7f, 0x7f, 0x7f, 0x7f, 0x7f, 0x7f, 0x7f, 0x7f, 0x80, 0x80, 0x80, 0x80,
  0x80, 0x80, 0x80, 0x80, 0x7f, 0x80, 0x80, 0x80, 0x80, 0x80, 0x80, 0x80,
  0x80, 0x80, 0x80, 0x80, 0x80, 0x80, 0x80, 0x80, 0x80, 0x80, 0x7f, 0x7f,
  0x7f, 0x7f, 0x7f, 0x7f, 0x7f, 0x7f, 0x7f, 0x7f, 0x7f, 0x7f, 0x7f, 0x7f,
  0x80, 0x7f, 0x7f, 0x80, 0x80, 0x80, 0x80, 0x80, 0x80, 0x80, 0x80, 0x80,
  0x80, 0x80, 0x80, 0x80, 0x80, 0x80, 0x80, 0x80, 0x80, 0x80, 0x80, 0x80,
  0x80, 0x80, 0x7f, 0x80, 0x7f, 0x7f, 0x7f, 0x7f, 0x7f, 0x80, 0x7f, 0x7f,
  0x7f, 0x7f, 0x7f, 0x7f, 0x7f, 0x7f, 0x7f, 0x80, 0x80, 0x80, 0x80, 0x80,
  0x80, 0x80, 0x80, 0x80, 0x80, 0x80, 0x80, 0x80, 0x80, 0x80, 0x80, 0x80,
  0x80, 0x80, 0x80, 0x80, 0x80, 0x80, 0x7f, 0x80, 0x7f, 0x7f, 0x7f, 0x7f,
  0x7f, 0x80, 0x7f, 0x7f, 0x7f, 0x7f, 0x7f, 0x7f, 0x7f, 0x7f, 0x7f, 0x80,
  0x80, 0x80, 0x80, 0x80, 0x80, 0x80, 0x80, 0x80, 0x80, 0x80, 0x80, 0x80,
  0x80, 0x80, 0x80, 0x80, 0x80, 0x80, 0x80, 0x80, 0x80, 0x80, 0x80, 0x80,
  0x80, 0x7f, 0x7f, 0x7f, 0x7f, 0x80, 0x7f, 0x7f, 0x7f, 0x7f, 0x7f, 0x7f,
  0x7f, 0x7f, 0x80, 0x80, 0x80, 0x80, 0x80, 0x80, 0x80, 0x80, 0x80, 0x80,
  0x80, 0x80, 0x80, 0x80, 0x80, 0x80, 0x80, 0x80, 0x80, 0x80, 0x80, 0x80,
  0x80, 0x80, 0x80, 0x80, 0x80, 0x7f, 0x7f, 0x7f, 0x7f, 0x7f, 0x7f, 0x7f,
  0x7f, 0x7f, 0x80, 0x80, 0x80, 0x7f, 0x7f, 0x80, 0x80, 0x80, 0x80, 0x80,
  0x80, 0x80, 0x80, 0x80, 0x80, 0x80, 0x80, 0x80, 0x80, 0x80, 0x80, 0x80,
  0x80, 0x80, 0x80, 0x80, 0x80, 0x80, 0x80, 0x80, 0x80, 0x80, 0x7f, 0x7f,
  0x7f, 0x7f, 0x7f, 0x7f, 0x7f, 0x7f, 0x7f, 0x80, 0x7f, 0x7f, 0x7f, 0x7f,
  0x7f, 0x80, 0x80, 0x7f, 0x7f, 0x80, 0x7f, 0x80, 0x80, 0x80, 0x80, 0x80,
  0x80, 0x80, 0x80, 0x80, 0x80, 0x80, 0x80, 0x80, 0x80, 0x80, 0x80, 0x80,
  0x80, 0x80, 0x7f, 0x7f, 0x7f, 0x7f, 0x7f, 0x7f, 0x7f, 0x7f, 0x7f, 0x7f,
  0x7f, 0x7f, 0x7f, 0x7f, 0x7f, 0x80, 0x80, 0x7f, 0x7f, 0x7f, 0x7f, 0x80,
  0x80, 0x80, 0x80, 0x80, 0x80, 0x80, 0x80, 0x80, 0x80, 0x80, 0x80, 0x80,
  0x80, 0x80, 0x80, 0x80, 0x80, 0x80, 0x7f, 0x7f, 0x7f, 0x80, 0x7f, 0x7f,
  0x7f, 0x7f, 0x7f, 0x7f, 0x7f, 0x7f, 0x7f, 0x7f, 0x7f, 0x80, 0x80, 0x7f,
  0x7f, 0x7f, 0x7f, 0x80, 0x80, 0x80, 0x80, 0x80, 0x80, 0x80, 0x80, 0x80,
  0x80, 0x80, 0x80, 0x80, 0x80, 0x80, 0x80, 0x80, 0x80, 0x80, 0x80, 0x7f,
  0x7f, 0x7f, 0x7f, 0x7f, 0x7f, 0x7f, 0x7f, 0x7f, 0x7f, 0x7f, 0x7f, 0x7f,
  0x7f, 0x80, 0x80, 0x80, 0x80, 0x80, 0x80, 0x80, 0x80, 0x80, 0x80, 0x80,
  0x80, 0x80, 0x80, 0x80, 0x80, 0x80, 0x80, 0x80, 0x80, 0x80, 0x80, 0x80,
  0x80, 0x80, 0x80, 0x7f, 0x7f, 0x7f, 0x7f, 0x7f, 0x7f, 0x7f, 0x7f, 0x7f,
  0x7f, 0x7f, 0x7f, 0x7f, 0x7f, 0x80, 0x80, 0x80, 0x80, 0x80, 0x80, 0x80,
  0x80, 0x80, 0x80, 0x80, 0x80, 0x80, 0x80, 0x80, 0x80, 0x80, 0x80, 0x80,
  0x80, 0x80, 0x80, 0x80, 0x80, 0x80, 0x7f, 0x7f, 0x7f, 0x7f, 0x7f, 0x7f,
  0x7f, 0x7f, 0x7f, 0x7f, 0x80, 0x7f, 0x80, 0x80, 0x80, 0x7f, 0x80, 0x80,
  0x80, 0x80, 0x80, 0x80, 0x80, 0x80, 0x80, 0x80, 0x80, 0x80, 0x80, 0x80,
  0x80, 0x80, 0x80, 0x80, 0x80, 0x80, 0x7f, 0x7f, 0x7f, 0x7f, 0x7f, 0x7f,
  0x7f, 0x7f, 0x7f, 0x7f, 0x7f, 0x7f, 0x7f, 0x7f, 0x80, 0x7f, 0x80, 0x80,
  0x80, 0x80, 0x80, 0x7f, 0x7f, 0x80, 0x80, 0x80, 0x80, 0x80, 0x80, 0x80,
  0x80, 0x80, 0x80, 0x80, 0x80, 0x80, 0x80, 0x80, 0x80, 0x80, 0x80, 0x80,
  0x7f, 0x7f, 0x7f, 0x7f, 0x7f, 0x80, 0x7f, 0x7f, 0x7f, 0x7f, 0x7f, 0x7f,
  0x80, 0x7f, 0x80, 0x80, 0x80, 0x80, 0x80, 0x80, 0x7f, 0x7f, 0x80, 0x80,
  0x80, 0x80, 0x80, 0x80, 0x80, 0x80, 0x80, 0x80, 0x80, 0x80, 0x80, 0x80,
  0x80, 0x80, 0x80, 0x80, 0x7f, 0x7f, 0x7f, 0x7f, 0x7f, 0x80, 0x7f, 0x7f,
  0x7f, 0x7f, 0x7f, 0x7f, 0x80, 0x7f, 0x7f, 0x80, 0x80, 0x80, 0x80, 0x80,
  0x7f, 0x80, 0x80, 0x80, 0x80, 0x80, 0x80, 0x80, 0x80, 0x80, 0x80, 0x80,
  0x80, 0x80, 0x80, 0x80, 0x80, 0x80, 0x7f, 0x7f, 0x7f, 0x7f, 0x7f, 0x7f,
  0x7f, 0x7f, 0x7f, 0x7f, 0x7f, 0x7f, 0x7f, 0x7f, 0x7f, 0x7f, 0x7f, 0x7f,
  0x7f, 0x80, 0x7f, 0x7f, 0x7f, 0x7f, 0x7f, 0x7f, 0x80, 0x80, 0x80, 0x7f,
  0x80, 0x80, 0x80, 0x80, 0x80, 0x80, 0x80, 0x80, 0x80, 0x80, 0x80, 0x80,
  0x80, 0x80, 0x7f, 0x7f, 0x7f, 0x7f, 0x7f, 0x7f, 0x7f, 0x7f, 0x7f, 0x7f,
  0x7f, 0x7f, 0x7f, 0x80, 0x80, 0x80, 0x80, 0x80, 0x80, 0x7f, 0x7f, 0x80,
  0x80, 0x80, 0x80, 0x80, 0x80, 0x7f, 0x80, 0x80, 0x80, 0x80, 0x80, 0x80,
  0x80, 0x80, 0x80, 0x80, 0x80, 0x80, 0x7f, 0x7f, 0x7f, 0x7f, 0x7f, 0x7f,
  0x80, 0x7f, 0x7f, 0x7f, 0x7f, 0x7f, 0x80, 0x80, 0x80, 0x80, 0x80, 0x80,
  0x7f, 0x7f, 0x7f, 0x80, 0x80, 0x80, 0x80, 0x80, 0x80, 0x80, 0x80, 0x80,
  0x80, 0x80, 0x80, 0x80, 0x80, 0x80, 0x80, 0x80, 0x80, 0x80, 0x7f, 0x7f,
  0x7f, 0x7f, 0x7f, 0x7f, 0x7f, 0x7f, 0x7f, 0x7f, 0x7f, 0x7f, 0x7f, 0x7f,
  0x7f, 0x7f, 0x80, 0x80, 0x80, 0x80, 0x80, 0x80, 0x80, 0x80, 0x80, 0x80,
  0x80, 0x80, 0x80, 0x80, 0x80, 0x80, 0x80, 0x80, 0x80, 0x80, 0x80, 0x80,
  0x80, 0x80, 0x80, 0x7f, 0x7f, 0x7f, 0x7f, 0x7f, 0x7f, 0x7f, 0x80, 0x80,
  0x80, 0x7f, 0x80, 0x7f, 0x7f, 0x7f, 0x80, 0x80, 0x80, 0x80, 0x80, 0x80,
  0x80, 0x80, 0x80, 0x80, 0x80, 0x80, 0x80, 0x80, 0x80, 0x80, 0x80, 0x80,
  0x80, 0x80, 0x80, 0x80, 0x7f, 0x80, 0x7f, 0x7f, 0x7f, 0x7f, 0x7f, 0x7f,
  0x7f, 0x7f, 0x7f, 0x7f, 0x80, 0x7f, 0x80, 0x80, 0x80, 0x80, 0x80, 0x80,
  0x80, 0x80, 0x80, 0x80, 0x80, 0x80, 0x80, 0x80, 0x80, 0x80, 0x80, 0x80,
  0x80, 0x80, 0x80, 0x80, 0x80, 0x80, 0x7f, 0x80, 0x7f, 0x7f, 0x7f, 0x7f,
  0x7f, 0x7f, 0x7f, 0x7f, 0x7f, 0x7f, 0x7f, 0x7f, 0x80, 0x7f, 0x7f, 0x7f,
  0x7f, 0x7f, 0x80, 0x80, 0x80, 0x80, 0x80, 0x80, 0x80, 0x80, 0x80, 0x80,
  0x80, 0x80, 0x80, 0x80, 0x80, 0x80, 0x80, 0x80, 0x80, 0x80, 0x80, 0x80,
  0x7f, 0x7f, 0x7f, 0x7f, 0x7f, 0x7f, 0x7f, 0x7f, 0x7f, 0x7f, 0x7f, 0x7f,
  0x80, 0x7f, 0x7f, 0x80, 0x80, 0x80, 0x80, 0x80, 0x80, 0x80, 0x80, 0x80,
  0x80, 0x80, 0x80, 0x80, 0x80, 0x80, 0x80, 0x80, 0x80, 0x80, 0x80, 0x80,
  0x80, 0x80, 0x7f, 0x7f, 0x7f, 0x7f, 0x7f, 0x7f, 0x7f, 0x7f, 0x7f, 0x7f,
  0x7f, 0x7f, 0x7f, 0x7f, 0x7f, 0x7f, 0x80, 0x80, 0x7f, 0x80, 0x80, 0x80,
  0x80, 0x7f, 0x7f, 0x7f, 0x80, 0x80, 0x80, 0x7f, 0x80, 0x7f, 0x80, 0x80,
  0x80, 0x80, 0x80, 0x80, 0x80, 0x80, 0x80, 0x80, 0x80, 0x80, 0x80, 0x7f,
  0x80, 0x80, 0x7f, 0x7f, 0x7f, 0x7f, 0x7f, 0x7f, 0x7f, 0x7f, 0x7f, 0x7f,
  0x7f, 0x80, 0x80, 0x80, 0x80, 0x7f, 0x7f, 0x80, 0x80, 0x80, 0x80, 0x80,
  0x80, 0x7f, 0x80, 0x80, 0x80, 0x80, 0x80, 0x80, 0x80, 0x80, 0x80, 0x80,
  0x80, 0x80, 0x80, 0x7f, 0x80, 0x80, 0x80, 0x80, 0x7f, 0x7f, 0x7f, 0x7f,
  0x80, 0x7f, 0x7f, 0x80, 0x7f, 0x80, 0x80, 0x80, 0x7f, 0x7f, 0x7f, 0x80,
  0x80, 0x80, 0x80, 0x80, 0x80, 0x80, 0x80, 0x80, 0x80, 0x80, 0x80, 0x80,
  0x80, 0x80, 0x80, 0x80, 0x80, 0x80, 0x7f, 0x7f, 0x7f, 0x80, 0x7f, 0x7f,
  0x7f, 0x7f, 0x80, 0x80, 0x80, 0x7f, 0x7f, 0x7f, 0x7f, 0x80, 0x80, 0x7f,
  0x7f, 0x7f, 0x7f, 0x80, 0x80, 0x80, 0x80, 0x80, 0x80, 0x80, 0x80, 0x80,
  0x80, 0x80, 0x80, 0x80, 0x80, 0x80, 0x80, 0x80, 0x80, 0x80, 0x7f, 0x7f,
  0x7f, 0x7f, 0x7f, 0x7f, 0x7f, 0x7f, 0x80, 0x80, 0x80, 0x7f, 0x80, 0x80,
  0x80, 0x80, 0x80, 0x80, 0x80, 0x7f, 0x80, 0x80, 0x80, 0x80, 0x80, 0x80,
  0x80, 0x80, 0x80, 0x80, 0x80, 0x80, 0x80, 0x80, 0x80, 0x80, 0x80, 0x80,
  0x80, 0x80, 0x7f, 0x7f, 0x7f, 0x7f, 0x7f, 0x7f, 0x7f, 0x7f, 0x80, 0x80,
  0x80, 0x7f, 0x80, 0x80, 0x7f, 0x80, 0x80, 0x80, 0x7f, 0x7f, 0x7f, 0x80,
  0x80, 0x80, 0x80, 0x80, 0x80, 0x80, 0x80, 0x80, 0x80, 0x80, 0x80, 0x80,
  0x80, 0x80, 0x80, 0x80, 0x80, 0x80, 0x7f, 0x7f, 0x7f, 0x7f, 0x7f, 0x7f,
  0x7f, 0x7f, 0x7f, 0x7f, 0x80, 0x7f, 0x80, 0x80, 0x7f, 0x80, 0x80, 0x80,
  0x80, 0x80, 0x80, 0x80, 0x80, 0x80, 0x80, 0x80, 0x80, 0x80, 0x80, 0x80,
  0x80, 0x80, 0x80, 0x80, 0x80, 0x80, 0x80, 0x80, 0x80, 0x80, 0x7f, 0x7f,
  0x7f, 0x7f, 0x7f, 0x7f, 0x7f, 0x7f, 0x7f, 0x7f, 0x7f, 0x7f, 0x7f, 0x7f,
  0x7f, 0x7f, 0x80, 0x80, 0x80, 0x80, 0x80, 0x80, 0x80, 0x80, 0x80, 0x80,
  0x80, 0x7f, 0x80, 0x80, 0x80, 0x80, 0x80, 0x80, 0x80, 0x80, 0x80, 0x80,
  0x80, 0x80, 0x80, 0x7f, 0x80, 0x80, 0x7f, 0x7f, 0x7f, 0x7f, 0x7f, 0x7f,
  0x80, 0x7f, 0x7f, 0x80, 0x7f, 0x7f, 0x80, 0x80, 0x80, 0x80, 0x80, 0x80,
  0x80, 0x80, 0x80, 0x80, 0x80, 0x80, 0x80, 0x80, 0x80, 0x80, 0x80, 0x80,
  0x80, 0x80, 0x7f, 0x7f, 0x7f, 0x7f, 0x7f, 0x7f, 0x7f, 0x7f, 0x7f, 0x7f,
  0x7f, 0x7f, 0x7f, 0x7f, 0x7f, 0x7f, 0x80, 0x80, 0x80, 0x7f, 0x80, 0x80,
  0x7f, 0x80, 0x7f, 0x80, 0x80, 0x80, 0x80, 0x80, 0x80, 0x80, 0x80, 0x80,
  0x80, 0x80, 0x80, 0x80, 0x80, 0x80, 0x7f, 0x7f, 0x7f, 0x7f, 0x7f, 0x7f,
  0x7f, 0x80, 0x7f, 0x7f, 0x7f, 0x7f, 0x7f, 0x7f, 0x80, 0x7f, 0x7f, 0x80,
  0x80, 0x80, 0x80, 0x80, 0x7f, 0x7f, 0x7f, 0x80, 0x80, 0x80, 0x80, 0x80,
  0x80, 0x80, 0x80, 0x80, 0x80, 0x80, 0x80, 0x80, 0x80, 0x80, 0x80, 0x80,
  0x7f, 0x7f, 0x7f, 0x7f, 0x7f, 0x7f, 0x7f, 0x7f, 0x7f, 0x7f, 0x7f, 0x7f,
  0x7f, 0x7f, 0x7f, 0x7f, 0x7f, 0x80, 0x80, 0x80, 0x7f, 0x80, 0x80, 0x80,
  0x80, 0x80, 0x80, 0x80, 0x80, 0x80, 0x80, 0x80, 0x80, 0x80, 0x80, 0x80,
  0x80, 0x80, 0x7f, 0x7f, 0x7f, 0x7f, 0x7f, 0x7f, 0x7f, 0x7f, 0x7f, 0x7f,
  0x7f, 0x7f, 0x7f, 0x7f, 0x7f, 0x7f, 0x7f, 0x7f, 0x7f, 0x80, 0x80, 0x80,
  0x80, 0x80, 0x80, 0x80, 0x80, 0x80, 0x7f, 0x7f, 0x80, 0x7f, 0x80, 0x80,
  0x80, 0x80, 0x80, 0x80, 0x80, 0x80, 0x80, 0x80, 0x80, 0x80, 0x7f, 0x7f,
  0x80, 0x80, 0x7f, 0x7f, 0x7f, 0x7f, 0x80, 0x80, 0x7f, 0x7f, 0x7f, 0x7f,
  0x7f, 0x80, 0x80, 0x80, 0x80, 0x7f, 0x80, 0x80, 0x80, 0x80, 0x80, 0x80,
  0x7f, 0x80, 0x7f, 0x80, 0x80, 0x80, 0x80, 0x80, 0x80, 0x80, 0x80, 0x80,
  0x80, 0x80, 0x80, 0x80, 0x80, 0x80, 0x80, 0x80, 0x80, 0x80, 0x80, 0x80,
  0x7f, 0x7f, 0x7f, 0x7f, 0x80, 0x80, 0x80, 0x80, 0x80, 0x7f, 0x7f, 0x7f,
  0x80, 0x80, 0x7f, 0x7f, 0x7f, 0x7f, 0x7f, 0x80, 0x80, 0x80, 0x80, 0x80,
  0x80, 0x80, 0x80, 0x80, 0x80, 0x80, 0x80, 0x7f, 0x7f, 0x80, 0x7f, 0x7f,
  0x80, 0x80, 0x80, 0x80, 0x80, 0x7f, 0x7f, 0x7f, 0x7f, 0x80, 0x80, 0x80,
  0x80, 0x80, 0x80, 0x7f, 0x80, 0x80, 0x80, 0x7f, 0x7f, 0x7f, 0x7f, 0x80,
  0x80, 0x80, 0x80, 0x80, 0x80, 0x80, 0x80, 0x80, 0x80, 0x80, 0x80, 0x7f,
  0x7f, 0x80, 0x7f, 0x80, 0x80, 0x80, 0x80, 0x80, 0x80, 0x80, 0x80, 0x80,
  0x7f, 0x7f, 0x7f, 0x80, 0x80, 0x7f, 0x80, 0x80, 0x80, 0x80, 0x80, 0x80,
  0x80, 0x80, 0x80, 0x80, 0x80, 0x80, 0x80, 0x80, 0x80, 0x80, 0x80, 0x80,
  0x80, 0x80, 0x7f, 0x7f, 0x7f, 0x7f, 0x7f, 0x7f, 0x7f, 0x7f, 0x7f, 0x7f,
  0x80, 0x80, 0x80, 0x80, 0x80, 0x80, 0x7f, 0x80, 0x80, 0x80, 0x80, 0x80,
  0x80, 0x80, 0x80, 0x80, 0x80, 0x80, 0x80, 0x80, 0x80, 0x80, 0x80, 0x80,
  0x80, 0x80, 0x7f, 0x7f, 0x7f, 0x7f, 0x7f, 0x7f, 0x7f, 0x7f, 0x7f, 0x7f,
  0x7f, 0x7f, 0x7f, 0x7f, 0x7f, 0x7f, 0x7f, 0x80, 0x80, 0x80, 0x80, 0x80,
  0x80, 0x80, 0x7f, 0x80, 0x80, 0x80, 0x80, 0x80, 0x80, 0x80, 0x80, 0x80,
  0x80, 0x80, 0x80, 0x80, 0x80, 0x80, 0x7f, 0x80, 0x7f, 0x7f, 0x7f, 0x7f,
  0x7f, 0x7f, 0x7f, 0x7f, 0x7f, 0x7f, 0x7f, 0x7f, 0x7f, 0x7f, 0x7f, 0x80,
  0x7f, 0x7f, 0x80, 0x80, 0x80, 0x80, 0x80, 0x80, 0x80, 0x80, 0x80, 0x80,
  0x80, 0x80, 0x80, 0x80, 0x80, 0x80, 0x80, 0x80, 0x80, 0x80, 0x80, 0x80,
  0x7f, 0x7f, 0x7f, 0x7f, 0x7f, 0x7f, 0x7f, 0x7f, 0x7f, 0x7f, 0x7f, 0x7f,
  0x80, 0x7f, 0x80, 0x80, 0x80, 0x80, 0x80, 0x80, 0x80, 0x80, 0x80, 0x80,
  0x80, 0x80, 0x80, 0x80, 0x80, 0x80, 0x80, 0x80, 0x80, 0x80, 0x80, 0x80,
  0x80, 0x80, 0x7f, 0x7f, 0x7f, 0x7f, 0x7f, 0x7f, 0x7f, 0x7f, 0x7f, 0x7f,
  0x7f, 0x7f, 0x7f, 0x7f, 0x7f, 0x7f, 0x80, 0x80, 0x80, 0x80, 0x80, 0x7f,
  0x7f, 0x80, 0x80, 0x80, 0x80, 0x80, 0x80, 0x80, 0x80, 0x80, 0x80, 0x80,
  0x80, 0x80, 0x80, 0x80, 0x80, 0x80, 0x7f, 0x7f, 0x7f, 0x7f, 0x7f, 0x7f,
  0x7f, 0x7f, 0x7f, 0x7f, 0x7f, 0x7f, 0x7f, 0x7f, 0x7f, 0x7f, 0x7f, 0x80,
  0x80, 0x80, 0x80, 0x7f, 0x7f, 0x80, 0x80, 0x80, 0x80, 0x80, 0x80, 0x80,
  0x80, 0x80, 0x80, 0x80, 0x80, 0x80, 0x80, 0x80, 0x80, 0x80, 0x80, 0x80,
  0x7f, 0x7f, 0x7f, 0x7f, 0x7f, 0x80, 0x7f, 0x7f, 0x7f, 0x7f, 0x7f, 0x7f,
  0x7f, 0x7f, 0x7f, 0x80, 0x80, 0x80, 0x80, 0x80, 0x7f, 0x80, 0x80, 0x80,
  0x80, 0x80, 0x80, 0x80, 0x80, 0x80, 0x80, 0x80, 0x80, 0x80, 0x80, 0x80,
  0x80, 0x80, 0x80, 0x80, 0x7f, 0x7f, 0x7f, 0x7f, 0x7f, 0x80, 0x7f, 0x7f,
  0x7f, 0x7f, 0x7f, 0x7f, 0x7f, 0x7f, 0x7f, 0x80, 0x80, 0x80, 0x80, 0x80,
  0x80, 0x7f, 0x80, 0x80, 0x80, 0x80, 0x80, 0x7f, 0x80, 0x7f, 0x7f, 0x80,
  0x80, 0x80, 0x80, 0x80, 0x80, 0x80, 0x80, 0x80, 0x80, 0x7f, 0x7f, 0x7f,
  0x7f, 0x7f, 0x7f, 0x7f, 0x7f, 0x7f, 0x7f, 0x7f, 0x7f, 0x7f, 0x7f, 0x80,
  0x7f, 0x80, 0x80, 0x80, 0x80, 0x7f, 0x80, 0x80, 0x80, 0x80, 0x80, 0x80,
  0x7f, 0x7f, 0x80, 0x80, 0x80, 0x80, 0x80, 0x80, 0x80, 0x80, 0x80, 0x80,
  0x80, 0x80, 0x7f, 0x7f, 0x7f, 0x7f, 0x7f, 0x7f, 0x7f, 0x7f, 0x7f, 0x7f,
  0x7f, 0x7f, 0x7f, 0x7f, 0x7f, 0x80, 0x80, 0x80, 0x80, 0x80, 0x80, 0x80,
  0x80, 0x80, 0x80, 0x80, 0x80, 0x80, 0x80, 0x80, 0x80, 0x80, 0x80, 0x80,
  0x80, 0x80, 0x80, 0x80, 0x80, 0x80, 0x7f, 0x7f, 0x7f, 0x80, 0x7f, 0x7f,
  0x7f, 0x7f, 0x7f, 0x7f, 0x7f, 0x7f, 0x7f, 0x7f, 0x7f, 0x80, 0x80, 0x80,
  0x80, 0x80, 0x80, 0x80, 0x80, 0x80, 0x80, 0x80, 0x80, 0x80, 0x80, 0x80,
  0x80, 0x80, 0x80, 0x80, 0x80, 0x80, 0x80, 0x80, 0x80, 0x80, 0x7f, 0x7f,
  0x80, 0x80, 0x7f, 0x7f, 0x7f, 0x7f, 0x7f, 0x7f, 0x7f, 0x7f, 0x7f, 0x7f,
  0x7f, 0x80, 0x7f, 0x80, 0x80, 0x80, 0x80, 0x80, 0x80, 0x80, 0x80, 0x80,
  0x80, 0x80, 0x80, 0x80, 0x80, 0x80, 0x80, 0x80, 0x80, 0x80, 0x80, 0x80,
  0x80, 0x80, 0x7f, 0x7f, 0x7f, 0x7f, 0x7f, 0x7f, 0x7f, 0x7f, 0x7f, 0x7f,
  0x7f, 0x7f, 0x80, 0x80, 0x80, 0x80, 0x80, 0x80, 0x80, 0x80, 0x80, 0x80,
  0x80, 0x80, 0x80, 0x80, 0x80, 0x80, 0x80, 0x80, 0x80, 0x80, 0x80, 0x80,
  0x80, 0x80, 0x80, 0x80, 0x80, 0x80, 0x7f, 0x7f, 0x7f, 0x7f, 0x7f, 0x7f,
  0x7f, 0x7f, 0x80, 0x7f, 0x7f, 0x7f, 0x7f, 0x7f, 0x7f, 0x80, 0x80, 0x80,
  0x80, 0x7f, 0x7f, 0x80, 0x80, 0x80, 0x80, 0x80, 0x80, 0x80, 0x80, 0x80,
  0x80, 0x80, 0x80, 0x80, 0x80, 0x80, 0x80, 0x80, 0x80, 0x80, 0x80, 0x7f,
  0x7f, 0x80, 0x7f, 0x80, 0x7f, 0x80, 0x80, 0x80, 0x7f, 0x7f, 0x7f, 0x7f,
  0x7f, 0x80, 0x7f, 0x7f, 0x80, 0x7f, 0x7f, 0x80, 0x80, 0x80, 0x80, 0x80,
  0x80, 0x80, 0x80, 0x80, 0x80, 0x80, 0x80, 0x80, 0x80, 0x80, 0x80, 0x80,
  0x80, 0x80, 0x80, 0x7f, 0x7f, 0x80, 0x7f, 0x80, 0x80, 0x80, 0x80, 0x80,
  0x7f, 0x7f, 0x7f, 0x7f, 0x7f, 0x7f, 0x7f, 0x7f, 0x7f, 0x7f, 0x7f, 0x7f,
  0x80, 0x80, 0x7f, 0x7f, 0x7f, 0x7f, 0x7f, 0x7f, 0x80, 0x80, 0x80, 0x80,
  0x80, 0x80, 0x80, 0x80, 0x80, 0x80, 0x80, 0x7f, 0x7f, 0x80, 0x7f, 0x80,
  0x80, 0x80, 0x80, 0x7f, 0x7f, 0x7f, 0x7f, 0x7f, 0x7f, 0x7f, 0x7f, 0x7f,
  0x7f, 0x7f, 0x7f, 0x7f, 0x80, 0x80, 0x7f, 0x7f, 0x7f, 0x7f, 0x7f, 0x7f,
  0x7f, 0x80, 0x80, 0x80, 0x80, 0x80, 0x80, 0x80, 0x80, 0x80, 0x80, 0x80,
  0x7f, 0x80, 0x7f, 0x80, 0x80, 0x80, 0x80, 0x7f, 0x7f, 0x7f, 0x7f, 0x7f,
  0x7f, 0x80, 0x80, 0x80, 0x7f, 0x7f, 0x7f, 0x80, 0x80, 0x80, 0x80, 0x7f,
  0x80, 0x7f, 0x7f, 0x80, 0x7f, 0x80, 0x80, 0x80, 0x80, 0x80, 0x80, 0x80,
  0x80, 0x80, 0x7f, 0x7f, 0x7f, 0x7f, 0x7f, 0x7f, 0x7f, 0x80, 0x80, 0x7f,
  0x80, 0x80, 0x7f, 0x7f, 0x7f, 0x7f, 0x80, 0x80, 0x7f, 0x80, 0x80, 0x80,
  0x80, 0x80, 0x80, 0x80, 0x7f, 0x7f, 0x7f, 0x80, 0x80, 0x7f, 0x80, 0x80,
  0x80, 0x80, 0x80, 0x80, 0x80, 0x80, 0x80, 0x7f, 0x7f, 0x7f, 0x7f, 0x7f,
  0x7f, 0x7f, 0x80, 0x80, 0x80, 0x80, 0x80, 0x80, 0x80, 0x7f, 0x7f, 0x7f,
  0x7f, 0x7f, 0x7f, 0x7f, 0x7f, 0x80, 0x80, 0x80, 0x80, 0x80, 0x80, 0x80,
  0x80, 0x80, 0x80, 0x80, 0x80, 0x7f, 0x7f, 0x7f, 0x7f, 0x7f, 0x7f, 0x7f,
  0x7f, 0x7f, 0x80, 0x7f, 0x7f, 0x7f, 0x7f, 0x7f, 0x80, 0x80, 0x80, 0x80,
  0x80, 0x80, 0x7f, 0x7f, 0x7f, 0x80, 0x7f, 0x7f, 0x80, 0x80, 0x80, 0x80,
  0x80, 0x80, 0x80, 0x80, 0x80, 0x80, 0x80, 0x80, 0x80, 0x80, 0x7f, 0x7f,
  0x7f, 0x7f, 0x7f, 0x7f, 0x7f, 0x80, 0x80, 0x7f, 0x7f, 0x7f, 0x7f, 0x7f,
  0x7f, 0x7f, 0x80, 0x80, 0x80, 0x80, 0x80, 0x80, 0x7f, 0x7f, 0x7f, 0x7f,
  0x80, 0x80, 0x80, 0x80, 0x80, 0x80, 0x80, 0x80, 0x80, 0x80, 0x80, 0x80,
  0x80, 0x7f, 0x7f, 0x7f, 0x7f, 0x7f, 0x7f, 0x7f, 0x80, 0x80, 0x80, 0x7f,
  0x7f, 0x7f, 0x7f, 0x7f, 0x7f, 0x7f, 0x80, 0x80, 0x80, 0x80, 0x80, 0x80,
  0x7f, 0x7f, 0x7f, 0x7f, 0x7f, 0x7f, 0x7f, 0x7f, 0x7f, 0x80, 0x80, 0x80,
  0x80, 0x80, 0x80, 0x80, 0x7f, 0x7f, 0x7f, 0x7f, 0x7f, 0x7f, 0x7f, 0x7f,
  0x7f, 0x80, 0x80, 0x7f, 0x7f, 0x7f, 0x7f, 0x7f, 0x80, 0x80, 0x80, 0x80,
  0x80, 0x80, 0x80, 0x80, 0x80, 0x7f, 0x7f, 0x7f, 0x7f, 0x7f, 0x7f, 0x7f,
  0x7f, 0x80, 0x80, 0x80, 0x80, 0x80, 0x80, 0x80, 0x80, 0x80, 0x7f, 0x80,
  0x7f, 0x7f, 0x7f, 0x7f, 0x7f, 0x80, 0x7f, 0x7f, 0x7f, 0x7f, 0x80, 0x7f,
  0x80, 0x7f, 0x80, 0x80, 0x80, 0x80, 0x80, 0x80, 0x7f, 0x7f, 0x80, 0x80,
  0x80, 0x80, 0x80, 0x7f, 0x7f, 0x7f, 0x7f, 0x80, 0x80, 0x80, 0x80, 0x80,
  0x80, 0x80, 0x80, 0x80, 0x80, 0x80, 0x80, 0x7f, 0x7f, 0x80, 0x7f, 0x7f,
  0x7f, 0x80, 0x80, 0x80, 0x80, 0x7f, 0x7f, 0x80, 0x80, 0x80, 0x80, 0x7f,
  0x7f, 0x7f, 0x7f, 0x80, 0x80, 0x80, 0x80, 0x80, 0x80, 0x7f, 0x7f, 0x80,
  0x80, 0x80, 0x80, 0x80, 0x80, 0x80, 0x80, 0x80, 0x80, 0x80, 0x80, 0x80,
  0x7f, 0x80, 0x7f, 0x7f, 0x7f, 0x80, 0x80, 0x80, 0x80, 0x7f, 0x7f, 0x7f,
  0x7f, 0x80, 0x80, 0x7f, 0x7f, 0x80, 0x80, 0x80, 0x80, 0x80, 0x7f, 0x7f,
  0x80, 0x7f, 0x80, 0x80, 0x80, 0x80, 0x80, 0x80, 0x80, 0x80, 0x80, 0x80,
  0x80, 0x80, 0x7f, 0x7f, 0x80, 0x80, 0x7f, 0x7f, 0x7f, 0x7f, 0x80, 0x7f,
  0x7f, 0x7f, 0x7f, 0x7f, 0x7f, 0x80, 0x80, 0x7f, 0x7f, 0x7f, 0x80, 0x80,
  0x80, 0x80, 0x80, 0x80, 0x80, 0x80, 0x80, 0x80, 0x80, 0x80, 0x80, 0x80,
  0x80, 0x80, 0x80, 0x80, 0x80, 0x80, 0x7f, 0x7f, 0x7f, 0x7f, 0x7f, 0x80,
  0x7f, 0x80, 0x80, 0x80, 0x7f, 0x7f, 0x7f, 0x7f, 0x7f, 0x80, 0x80, 0x80,
  0x80, 0x80, 0x80, 0x80, 0x80, 0x80, 0x80, 0x80, 0x80, 0x7f, 0x80, 0x80,
  0x80, 0x80, 0x80, 0x80, 0x80, 0x80, 0x80, 0x80, 0x80, 0x80, 0x80, 0x80,
  0x7f, 0x80, 0x7f, 0x7f, 0x7f, 0x80, 0x80, 0x7f, 0x7f, 0x7f, 0x7f, 0x7f,
  0x7f, 0x7f, 0x80, 0x80, 0x80, 0x80, 0x80, 0x80, 0x80, 0x80, 0x80, 0x80,
  0x80, 0x80, 0x80, 0x80, 0x80, 0x80, 0x80, 0x80, 0x80, 0x80, 0x80, 0x80,
  0x80, 0x80, 0x80, 0x7f, 0x80, 0x7f, 0x7f, 0x7f, 0x7f, 0x7f, 0x7f, 0x7f,
  0x7f, 0x7f, 0x7f, 0x7f, 0x7f, 0x7f, 0x7f, 0x80, 0x80, 0x80, 0x80, 0x80,
  0x80, 0x80, 0x80, 0x80, 0x80, 0x80, 0x80, 0x80, 0x80, 0x80, 0x80, 0x80,
  0x80, 0x80, 0x80, 0x80, 0x80, 0x80, 0x80, 0x7f, 0x80, 0x80, 0x7f, 0x80,
  0x7f, 0x7f, 0x7f, 0x7f, 0x7f, 0x7f, 0x7f, 0x7f, 0x7f, 0x7f, 0x7f, 0x80,
  0x80, 0x80, 0x80, 0x80, 0x80, 0x80, 0x80, 0x80, 0x80, 0x80, 0x80, 0x80,
  0x80, 0x80, 0x80, 0x80, 0x80, 0x80, 0x80, 0x80, 0x7f, 0x80, 0x7f, 0x7f,
  0x7f, 0x80, 0x7f, 0x7f, 0x7f, 0x7f, 0x7f, 0x7f, 0x7f, 0x7f, 0x7f, 0x7f,
  0x7f, 0x7f, 0x7f, 0x80, 0x80, 0x80, 0x80, 0x80, 0x80, 0x80, 0x80, 0x80,
  0x80, 0x80, 0x80, 0x80, 0x80, 0x80, 0x80, 0x80, 0x80, 0x80, 0x80, 0x80,
  0x7f, 0x7f, 0x7f, 0x7f, 0x7f, 0x7f, 0x7f, 0x7f, 0x7f, 0x7f, 0x7f, 0x7f,
  0x7f, 0x7f, 0x7f, 0x7f, 0x7f, 0x80, 0x80, 0x80, 0x80, 0x80, 0x80, 0x80,
  0x80, 0x80, 0x80, 0x80, 0x80, 0x80, 0x80, 0x80, 0x80, 0x80, 0x80, 0x80,
  0x80, 0x80, 0x80, 0x80, 0x7f, 0x7f, 0x7f, 0x7f, 0x7f, 0x7f, 0x7f, 0x7f,
  0x7f, 0x7f, 0x7f, 0x7f, 0x7f, 0x7f, 0x7f, 0x7f, 0x7f, 0x80, 0x7f, 0x80,
  0x80, 0x7f, 0x80, 0x80, 0x80, 0x80, 0x80, 0x80, 0x80, 0x80, 0x80, 0x80,
  0x80, 0x80, 0x80, 0x80, 0x80, 0x80, 0x80, 0x80, 0x7f, 0x7f, 0x7f, 0x7f,
  0x7f, 0x80, 0x7f, 0x7f, 0x7f, 0x7f, 0x7f, 0x7f, 0x7f, 0x7f, 0x7f, 0x7f,
  0x80, 0x80, 0x80, 0x80, 0x7f, 0x7f, 0x7f, 0x7f, 0x80, 0x80, 0x80, 0x7f,
  0x80, 0x80, 0x7f, 0x80, 0x80, 0x80, 0x80, 0x80, 0x80, 0x80, 0x80, 0x80,
  0x80, 0x80, 0x7f, 0x7f, 0x7f, 0x7f, 0x7f, 0x7f, 0x7f, 0x7f, 0x7f, 0x7f,
  0x7f, 0x7f, 0x7f, 0x7f, 0x7f, 0x80, 0x80, 0x80, 0x7f, 0x7f, 0x7f, 0x7f,
  0x80, 0x80, 0x7f, 0x7f, 0x80, 0x7f, 0x7f, 0x80, 0x80, 0x80, 0x80, 0x80,
  0x80, 0x80, 0x80, 0x80, 0x80, 0x80, 0x80, 0x7f, 0x7f, 0x80, 0x7f, 0x7f,
  0x7f, 0x7f, 0x7f, 0x7f, 0x7f, 0x7f, 0x7f, 0x7f, 0x80, 0x80, 0x80, 0x80,
  0x7f, 0x7f, 0x7f, 0x80, 0x80, 0x80, 0x80, 0x80, 0x80, 0x80, 0x80, 0x80,
  0x80, 0x80, 0x80, 0x80, 0x80, 0x80, 0x80, 0x80, 0x80, 0x80, 0x7f, 0x7f,
  0x7f, 0x7f, 0x7f, 0x7f, 0x7f, 0x7f, 0x7f, 0x7f, 0x7f, 0x7f, 0x7f, 0x7f,
  0x7f, 0x7f, 0x80, 0x80, 0x80, 0x80, 0x80, 0x80, 0x80, 0x80, 0x80, 0x80,
  0x80, 0x80, 0x80, 0x80, 0x80, 0x80, 0x80, 0x80, 0x80, 0x80, 0x80, 0x80,
  0x80, 0x80, 0x80, 0x7f, 0x7f, 0x7f, 0x7f, 0x7f, 0x7f, 0x7f, 0x7f, 0x80,
  0x80, 0x80, 0x80, 0x80, 0x7f, 0x7f, 0x80, 0x80, 0x80, 0x7f, 0x80, 0x80,
  0x80, 0x80, 0x80, 0x80, 0x80, 0x80, 0x80, 0x80, 0x80, 0x80, 0x80, 0x80,
  0x80, 0x80, 0x7f, 0x7f, 0x7f, 0x7f, 0x7f, 0x7f, 0x7f, 0x7f, 0x7f, 0x7f,
  0x7f, 0x7f, 0x7f, 0x7f, 0x80, 0x80, 0x80, 0x80, 0x80, 0x80, 0x7f, 0x7f,
  0x7f, 0x80, 0x7f, 0x7f, 0x80, 0x80, 0x80, 0x80, 0x80, 0x80, 0x80, 0x80,
  0x80, 0x80, 0x80, 0x80, 0x80, 0x80, 0x7f, 0x7f, 0x7f, 0x7f, 0x7f, 0x7f,
  0x7f, 0x80, 0x80, 0x7f, 0x7f, 0x7f, 0x7f, 0x7f, 0x7f, 0x7f, 0x7f, 0x80,
  0x80, 0x80, 0x80, 0x7f, 0x7f, 0x7f, 0x7f, 0x80, 0x80, 0x80, 0x80, 0x80,
  0x80, 0x80, 0x80, 0x80, 0x80, 0x80, 0x80, 0x80, 0x80, 0x80, 0x7f, 0x80,
  0x7f, 0x7f, 0x7f, 0x7f, 0x80, 0x80, 0x7f, 0x7f, 0x7f, 0x7f, 0x7f, 0x7f,
  0x80, 0x7f, 0x7f, 0x80, 0x80, 0x80, 0x80, 0x80, 0x80, 0x80, 0x80, 0x80,
  0x80, 0x80, 0x7f, 0x80, 0x80, 0x80, 0x80, 0x80, 0x80, 0x80, 0x80, 0x80,
  0x7f, 0x7f, 0x7f, 0x7f, 0x7f, 0x7f, 0x7f, 0x7f, 0x7f, 0x7f, 0x7f, 0x7f,
  0x7f, 0x7f, 0x7f, 0x7f, 0x7f, 0x7f, 0x80, 0x7f, 0x7f, 0x80, 0x80, 0x7f,
  0x80, 0x80, 0x80, 0x7f, 0x7f, 0x7f, 0x7f, 0x7f, 0x7f, 0x7f, 0x80, 0x80,
  0x80, 0x80, 0x80, 0x80, 0x80, 0x80, 0x80, 0x80, 0x80, 0x80, 0x7f, 0x7f,
  0x7f, 0x7f, 0x7f, 0x7f, 0x7f, 0x7f, 0x80, 0x80, 0x7f, 0x7f, 0x7f, 0x80,
  0x80, 0x80, 0x80, 0x80, 0x80, 0x7f, 0x7f, 0x80, 0x80, 0x80, 0x80, 0x7f,
  0x7f, 0x7f, 0x7f, 0x80, 0x80, 0x80, 0x80, 0x80, 0x80, 0x80, 0x80, 0x80,
  0x80, 0x80, 0x80, 0x80, 0x7f, 0x7f, 0x7f, 0x80, 0x80, 0x80, 0x80, 0x80,
  0x7f, 0x7f, 0x7f, 0x7f, 0x80, 0x80, 0x80, 0x80, 0x7f, 0x7f, 0x7f, 0x80,
  0x80, 0x80, 0x80, 0x7f, 0x7f, 0x7f, 0x7f, 0x80, 0x80, 0x80, 0x80, 0x80,
  0x80, 0x80, 0x80, 0x80, 0x80, 0x80, 0x80, 0x80, 0x7f, 0x7f, 0x7f, 0x7f,
  0x80, 0x80, 0x80, 0x80, 0x80, 0x7f, 0x7f, 0x7f, 0x7f, 0x7f, 0x80, 0x80,
  0x80, 0x80, 0x80, 0x80, 0x80, 0x80, 0x80, 0x80, 0x7f, 0x7f, 0x7f, 0x80,
  0x80, 0x80, 0x80, 0x80, 0x80, 0x80, 0x80, 0x80, 0x80, 0x80, 0x80, 0x7f,
  0x80, 0x80, 0x7f, 0x7f, 0x7f, 0x80, 0x80, 0x80, 0x80, 0x80, 0x80, 0x80,
  0x7f, 0x7f, 0x7f, 0x80, 0x80, 0x7f, 0x80, 0x80, 0x80, 0x80, 0x80, 0x80,
  0x80, 0x80, 0x80, 0x80, 0x80, 0x80, 0x80, 0x80, 0x80, 0x80, 0x80, 0x80,
  0x80, 0x80, 0x80, 0x7f, 0x7f, 0x7f, 0x7f, 0x7f, 0x7f, 0x7f, 0x7f, 0x7f,
  0x80, 0x80, 0x80, 0x80, 0x80, 0x80, 0x7f, 0x7f, 0x7f, 0x80, 0x80, 0x80,
  0x80, 0x80, 0x80, 0x80, 0x80, 0x80, 0x80, 0x80, 0x80, 0x80, 0x80, 0x80,
  0x80, 0x80, 0x7f, 0x7f, 0x7f, 0x7f, 0x7f, 0x7f, 0x7f, 0x80, 0x7f, 0x7f,
  0x7f, 0x7f, 0x7f, 0x7f, 0x7f, 0x7f, 0x7f, 0x80, 0x80, 0x80, 0x80, 0x80,
  0x7f, 0x80, 0x7f, 0x80, 0x80, 0x80, 0x80, 0x80, 0x80, 0x80, 0x80, 0x80,
  0x80, 0x80, 0x80, 0x80, 0x80, 0x80, 0x7f, 0x80, 0x7f, 0x7f, 0x7f, 0x7f,
  0x7f, 0x7f, 0x7f, 0x7f, 0x7f, 0x7f, 0x7f, 0x7f, 0x7f, 0x7f, 0x7f, 0x80,
  0x80, 0x80, 0x80, 0x80, 0x7f, 0x7f, 0x7f, 0x80, 0x80, 0x80, 0x80, 0x80,
  0x80, 0x80, 0x80, 0x80, 0x80, 0x80, 0x80, 0x80, 0x80, 0x80, 0x7f, 0x7f,
  0x7f, 0x7f, 0x7f, 0x7f, 0x7f, 0x7f, 0x7f, 0x7f, 0x7f, 0x7f, 0x7f, 0x7f,
  0x7f, 0x7f, 0x7f, 0x7f, 0x80, 0x80, 0x7f, 0x7f, 0x7f, 0x7f, 0x7f, 0x7f,
  0x80, 0x80, 0x7f, 0x80, 0x80, 0x80, 0x80, 0x80, 0x80, 0x80, 0x80, 0x80,
  0x80, 0x80, 0x80, 0x80, 0x80, 0x80, 0x7f, 0x7f, 0x7f, 0x80, 0x7f, 0x80,
  0x7f, 0x7f, 0x7f, 0x7f, 0x7f, 0x7f, 0x7f, 0x7f, 0x7f, 0x80, 0x80, 0x80,
  0x80, 0x7f, 0x7f, 0x80, 0x80, 0x80, 0x7f, 0x7f, 0x80, 0x7f, 0x7f, 0x80,
  0x80, 0x80, 0x80, 0x80, 0x80, 0x80, 0x80, 0x80, 0x80, 0x80, 0x80, 0x7f,
  0x7f, 0x80, 0x7f, 0x7f, 0x7f, 0x7f, 0x7f, 0x7f, 0x7f, 0x7f, 0x7f, 0x80,
  0x80, 0x80, 0x80, 0x80, 0x7f, 0x7f, 0x7f, 0x80, 0x80, 0x80, 0x80, 0x80,
  0x80, 0x7f, 0x7f, 0x80, 0x80, 0x80, 0x80, 0x80, 0x80, 0x80, 0x80, 0x80,
  0x80, 0x80, 0x7f, 0x7f, 0x7f, 0x7f, 0x7f, 0x7f, 0x7f, 0x7f, 0x7f, 0x7f,
  0x7f, 0x7f, 0x7f, 0x7f, 0x7f, 0x80, 0x80, 0x80, 0x7f, 0x7f, 0x7f, 0x80,
  0x80, 0x80, 0x80, 0x80, 0x80, 0x7f, 0x7f, 0x80, 0x80, 0x80, 0x80, 0x80,
  0x80, 0x80, 0x80, 0x80, 0x80, 0x80, 0x80, 0x7f, 0x7f, 0x7f, 0x7f, 0x7f,
  0x7f, 0x7f, 0x7f, 0x7f, 0x80, 0x7f, 0x80, 0x80, 0x7f, 0x7f, 0x80, 0x7f,
  0x80, 0x7f, 0x80, 0x80, 0x80, 0x80, 0x80, 0x80, 0x80, 0x80, 0x80, 0x80,
  0x80, 0x80, 0x80, 0x80, 0x80, 0x80, 0x7f, 0x80, 0x7f, 0x7f, 0x7f, 0x7f,
  0x7f, 0x7f, 0x7f, 0x7f, 0x7f, 0x7f, 0x7f, 0x7f, 0x80, 0x7f, 0x80, 0x80,
  0x80, 0x80, 0x80, 0x7f, 0x7f, 0x80, 0x80, 0x80, 0x80, 0x80, 0x80, 0x80,
  0x80, 0x80, 0x80, 0x80, 0x80, 0x80, 0x80, 0x80, 0x80, 0x80, 0x80, 0x80,
  0x7f, 0x7f, 0x7f, 0x7f, 0x7f, 0x7f, 0x7f, 0x7f, 0x7f, 0x7f, 0x7f, 0x7f,
  0x7f, 0x7f, 0x7f, 0x80, 0x80, 0x80, 0x80, 0x80, 0x7f, 0x80, 0x80, 0x80,
  0x80, 0x80, 0x80, 0x80, 0x80, 0x80, 0x80, 0x80, 0x80, 0x80, 0x80, 0x80,
  0x80, 0x80, 0x80, 0x80, 0x7f, 0x7f, 0x7f, 0x7f, 0x7f, 0x7f, 0x7f, 0x7f,
  0x7f, 0x7f, 0x7f, 0x7f, 0x80, 0x7f, 0x80, 0x80, 0x80, 0x80, 0x80, 0x80,
  0x80, 0x80, 0x80, 0x80, 0x80, 0x80, 0x80, 0x80, 0x80, 0x80, 0x80, 0x80,
  0x80, 0x80, 0x80, 0x80, 0x80, 0x7f, 0x7f, 0x7f, 0x7f, 0x7f, 0x7f, 0x7f,
  0x7f, 0x7f, 0x7f, 0x7f, 0x7f, 0x7f, 0x7f, 0x7f, 0x7f, 0x7f, 0x7f, 0x7f,
  0x80, 0x80, 0x80, 0x80, 0x80, 0x80, 0x80, 0x80, 0x80, 0x80, 0x80, 0x80,
  0x80, 0x80, 0x80, 0x80, 0x80, 0x80, 0x80, 0x80, 0x80, 0x80, 0x80, 0x80,
  0x80, 0x7f, 0x7f, 0x7f, 0x7f, 0x7f, 0x7f, 0x7f, 0x7f, 0x80, 0x80, 0x7f,
  0x7f, 0x7f, 0x7f, 0x7f, 0x7f, 0x80, 0x80, 0x80, 0x80, 0x80, 0x80, 0x80,
  0x80, 0x80, 0x80, 0x80, 0x7f, 0x7f, 0x80, 0x80, 0x7f, 0x80, 0x80, 0x80,
  0x80, 0x80, 0x80, 0x80, 0x80, 0x80, 0x80, 0x7f, 0x7f, 0x80, 0x7f, 0x80,
  0x80, 0x80, 0x80, 0x80, 0x7f, 0x7f, 0x7f, 0x7f, 0x80, 0x80, 0x80, 0x80,
  0x80, 0x80, 0x80, 0x80, 0x80, 0x80, 0x7f, 0x7f, 0x7f, 0x7f, 0x7f, 0x80,
  0x80, 0x80, 0x80, 0x80, 0x80, 0x80, 0x80, 0x80, 0x80, 0x80, 0x80, 0x7f,
  0x7f, 0x7f, 0x7f, 0x7f, 0x80, 0x80, 0x80, 0x80, 0x7f, 0x7f, 0x7f, 0x7f,
  0x7f, 0x80, 0x80, 0x80, 0x80, 0x80, 0x80, 0x80, 0x80, 0x80, 0x80, 0x7f,
  0x7f, 0x7f, 0x7f, 0x7f, 0x7f, 0x80, 0x80, 0x80, 0x80, 0x80, 0x80, 0x80,
  0x80, 0x80, 0x80, 0x7f, 0x7f, 0x7f, 0x7f, 0x80, 0x80, 0x80, 0x80, 0x80,
  0x80, 0x80, 0x80, 0x80, 0x80, 0x7f, 0x7f, 0x7f, 0x7f, 0x7f, 0x7f, 0x7f,
  0x80, 0x80, 0x80, 0x80, 0x80, 0x80, 0x80, 0x80, 0x80, 0x80, 0x80, 0x80,
  0x80, 0x80, 0x7f, 0x7f, 0x7f, 0x80, 0x80, 0x80, 0x7f, 0x80, 0x80, 0x80,
  0x80, 0x7f, 0x7f, 0x80, 0x80, 0x80, 0x80, 0x80, 0x80, 0x80, 0x7f, 0x7f,
  0x7f, 0x80, 0x7f, 0x7f, 0x80, 0x80, 0x80, 0x80, 0x80, 0x80, 0x80, 0x80,
  0x80, 0x80, 0x80, 0x80, 0x80, 0x80, 0x80, 0x7f, 0x7f, 0x7f, 0x7f, 0x7f,
  0x7f, 0x7f, 0x7f, 0x7f, 0x7f, 0x7f, 0x7f, 0x7f, 0x7f, 0x7f, 0x80, 0x80,
  0x80, 0x80, 0x80, 0x7f, 0x7f, 0x7f, 0x7f, 0x7f, 0x80, 0x80, 0x80, 0x80,
  0x80, 0x80, 0x80, 0x80, 0x80, 0x80, 0x80, 0x80, 0x80, 0x80, 0x7f, 0x7f,
  0x7f, 0x7f, 0x7f, 0x7f, 0x7f, 0x7f, 0x7f, 0x7f, 0x7f, 0x7f, 0x7f, 0x7f,
  0x80, 0x80, 0x80, 0x80, 0x80, 0x80, 0x80, 0x7f, 0x7f, 0x7f, 0x7f, 0x7f,
  0x7f, 0x80, 0x80, 0x80, 0x80, 0x80, 0x80, 0x80, 0x80, 0x80, 0x80, 0x80,
  0x80, 0x80, 0x7f, 0x7f, 0x7f, 0x7f, 0x7f, 0x7f, 0x7f, 0x7f, 0x80, 0x80,
  0x7f, 0x7f, 0x7f, 0x7f, 0x80, 0x80, 0x80, 0x80, 0x80, 0x80, 0x80, 0x7f,
  0x7f, 0x7f, 0x7f, 0x7f, 0x7f, 0x7f, 0x80, 0x80, 0x80, 0x80, 0x80, 0x80,
  0x80, 0x80, 0x80, 0x80, 0x80, 0x80, 0x7f, 0x7f, 0x7f, 0x7f, 0x7f, 0x7f,
  0x7f, 0x7f, 0x80, 0x7f, 0x7f, 0x7f, 0x7f, 0x7f, 0x80, 0x80, 0x80, 0x80,
  0x80, 0x80, 0x80, 0x7f, 0x7f, 0x7f, 0x7f, 0x7f, 0x80, 0x80, 0x80, 0x80,
  0x80, 0x80, 0x80, 0x80, 0x80, 0x80, 0x80, 0x80, 0x80, 0x80, 0x7f, 0x7f,
  0x7f, 0x7f, 0x7f, 0x7f, 0x7f, 0x80, 0x7f, 0x7f, 0x7f, 0x7f, 0x7f, 0x7f,
  0x7f, 0x7f, 0x80, 0x80, 0x80, 0x80, 0x80, 0x7f, 0x7f, 0x7f, 0x7f, 0x7f,
  0x80, 0x80, 0x80, 0x80, 0x80, 0x80, 0x7f, 0x80, 0x80, 0x7f, 0x7f, 0x80,
  0x80, 0x7f, 0x7f, 0x80, 0x7f, 0x80, 0x80, 0x7f, 0x80, 0x80, 0x7f, 0x7f,
  0x7f, 0x7f, 0x7f, 0x80, 0x80, 0x7f, 0x80, 0x80, 0x80, 0x80, 0x80, 0x80,
  0x80, 0x80, 0x80, 0x80, 0x80, 0x7f, 0x7f, 0x80, 0x80, 0x80, 0x80, 0x80,
  0x80, 0x80, 0x80, 0x7f, 0x7f, 0x7f, 0x7f, 0x7f, 0x7f, 0x7f, 0x7f, 0x7f,
  0x7f, 0x7f, 0x7f, 0x7f, 0x7f, 0x7f, 0x7f, 0x7f, 0x7f, 0x7f, 0x80, 0x80,
  0x80, 0x80, 0x80, 0x80, 0x80, 0x80, 0x80, 0x7f, 0x80, 0x7f, 0x7f, 0x7f,
  0x7f, 0x7f, 0x80, 0x80, 0x80, 0x80, 0x80, 0x80, 0x80, 0x80, 0x7f, 0x80,
  0x80, 0x7f, 0x7f, 0x7f, 0x7f, 0x7f, 0x7f, 0x80, 0x7f, 0x80, 0x80, 0x80,
  0x80, 0x7f, 0x7f, 0x80, 0x80, 0x80, 0x80, 0x80, 0x80, 0x80, 0x80, 0x80,
  0x80, 0x80, 0x80, 0x7f, 0x7f, 0x7f, 0x7f, 0x80, 0x80, 0x80, 0x80, 0x80,
  0x80, 0x80, 0x80, 0x80, 0x80, 0x80, 0x80, 0x80, 0x7f, 0x7f, 0x7f, 0x80,
  0x80, 0x80, 0x80, 0x80, 0x7f, 0x7f, 0x7f, 0x7f, 0x7f, 0x80, 0x80, 0x80,
  0x80, 0x80, 0x80, 0x80, 0x80, 0x80, 0x80, 0x7f, 0x7f, 0x7f, 0x7f, 0x80,
  0x7f, 0x80, 0x80, 0x80, 0x80, 0x80, 0x80, 0x80, 0x80, 0x80, 0x80, 0x80,
  0x80, 0x7f, 0x7f, 0x80, 0x80, 0x80, 0x80, 0x80, 0x80, 0x7f, 0x7f, 0x7f,
  0x7f, 0x7f, 0x80, 0x80, 0x80, 0x80, 0x80, 0x80, 0x80, 0x80, 0x80, 0x80,
  0x80, 0x7f, 0x80, 0x80, 0x7f, 0x80, 0x80, 0x80, 0x80, 0x80, 0x80, 0x80,
  0x80, 0x80, 0x80, 0x80, 0x80, 0x80, 0x7f, 0x80, 0x80, 0x80, 0x80, 0x80,
  0x80, 0x80, 0x7f, 0x7f, 0x7f, 0x7f, 0x7f, 0x7f, 0x7f, 0x7f, 0x7f, 0x80,
  0x80, 0x80, 0x80, 0x80, 0x80, 0x80, 0x80, 0x80, 0x80, 0x80, 0x80, 0x80,
  0x80, 0x80, 0x80, 0x80, 0x80, 0x80, 0x80, 0x7f, 0x80, 0x80, 0x7f, 0x7f,
  0x7f, 0x7f, 0x7f, 0x7f, 0x80, 0x80, 0x80, 0x80, 0x80, 0x80, 0x7f, 0x7f,
  0x7f, 0x80, 0x80, 0x80, 0x80, 0x80, 0x80, 0x80, 0x80, 0x80, 0x80, 0x80,
  0x80, 0x80, 0x80, 0x80, 0x80, 0x80, 0x80, 0x80, 0x7f, 0x80, 0x7f, 0x7f,
  0x7f, 0x7f, 0x7f, 0x7f, 0x7f, 0x7f, 0x7f, 0x7f, 0x7f, 0x7f, 0x7f, 0x80,
  0x80, 0x80, 0x80, 0x80, 0x80, 0x80, 0x80, 0x80, 0x80, 0x80, 0x80, 0x80,
  0x80, 0x80, 0x80, 0x80, 0x80, 0x80, 0x80, 0x80, 0x80, 0x80, 0x80, 0x80,
  0x7f, 0x7f, 0x7f, 0x7f, 0x7f, 0x7f, 0x7f, 0x7f, 0x7f, 0x7f, 0x7f, 0x7f,
  0x80, 0x7f, 0x7f, 0x80, 0x7f, 0x80, 0x7f, 0x80, 0x80, 0x7f, 0x7f, 0x80,
  0x80, 0x80, 0x80, 0x80, 0x80, 0x80, 0x80, 0x80, 0x80, 0x80, 0x80, 0x80,
  0x80, 0x80, 0x7f, 0x7f, 0x7f, 0x7f, 0x7f, 0x7f, 0x7f, 0x7f, 0x7f, 0x7f,
  0x7f, 0x7f, 0x7f, 0x7f, 0x7f, 0x7f, 0x7f, 0x7f, 0x7f, 0x7f, 0x7f, 0x7f,
  0x7f, 0x7f, 0x7f, 0x7f, 0x7f, 0x80, 0x7f, 0x80, 0x80, 0x80, 0x80, 0x80,
  0x80, 0x80, 0x80, 0x80, 0x80, 0x80, 0x80, 0x80, 0x80, 0x80, 0x7f, 0x7f,
  0x7f, 0x80, 0x7f, 0x7f, 0x7f, 0x7f, 0x7f, 0x7f, 0x7f, 0x7f, 0x7f, 0x80,
  0x7f, 0x80, 0x80, 0x80, 0x80, 0x7f, 0x7f, 0x80, 0x80, 0x80, 0x80, 0x80,
  0x80, 0x80, 0x80, 0x80, 0x80, 0x80, 0x80, 0x80, 0x80, 0x80, 0x80, 0x80,
  0x80, 0x80, 0x80, 0x7f, 0x7f, 0x80, 0x7f, 0x7f, 0x7f, 0x7f, 0x7f, 0x7f,
  0x7f, 0x7f, 0x7f, 0x80, 0x80, 0x80, 0x80, 0x80, 0x80, 0x7f, 0x7f, 0x80,
  0x80, 0x80, 0x80, 0x80, 0x80, 0x80, 0x80, 0x80, 0x80, 0x80, 0x80, 0x80,
  0x80, 0x80, 0x80, 0x80, 0x80, 0x80, 0x7f, 0x7f, 0x7f, 0x7f, 0x7f, 0x7f,
  0x7f, 0x7f, 0x7f, 0x7f, 0x7f, 0x7f, 0x7f, 0x7f, 0x80, 0x80, 0x80, 0x80,
  0x7f, 0x7f, 0x7f, 0x80, 0x80, 0x80, 0x80, 0x80, 0x80, 0x80, 0x80, 0x80,
  0x80, 0x80, 0x80, 0x80, 0x80, 0x80, 0x80, 0x80, 0x80, 0x80, 0x7f, 0x7f,
  0x7f, 0x7f, 0x7f, 0x7f, 0x7f, 0x7f, 0x7f, 0x7f, 0x7f, 0x7f, 0x7f, 0x7f,
  0x7f, 0x80, 0x80, 0x80, 0x80, 0x80, 0x80, 0x80, 0x80, 0x80, 0x80, 0x80,
  0x80, 0x80, 0x80, 0x80, 0x80, 0x80, 0x80, 0x80, 0x80, 0x80, 0x80, 0x80,
  0x80, 0x80, 0x7f, 0x7f, 0x7f, 0x80, 0x7f, 0x7f, 0x7f, 0x7f, 0x7f, 0x7f,
  0x80, 0x7f, 0x7f, 0x80, 0x80, 0x80, 0x80, 0x80, 0x80, 0x80, 0x80, 0x80,
  0x80, 0x80, 0x80, 0x80, 0x80, 0x80, 0x80, 0x80, 0x80, 0x80, 0x80, 0x80,
  0x80, 0x80, 0x80, 0x80, 0x80, 0x7f, 0x7f, 0x7f, 0x7f, 0x7f, 0x7f, 0x7f,
  0x7f, 0x7f, 0x7f, 0x7f, 0x7f, 0x7f, 0x7f, 0x80, 0x80, 0x80, 0x80, 0x80,
  0x80, 0x80, 0x80, 0x80, 0x80, 0x80, 0x80, 0x80, 0x80, 0x80, 0x80, 0x80,
  0x80, 0x80, 0x80, 0x80, 0x80, 0x80, 0x80, 0x80, 0x80, 0x7f, 0x7f, 0x7f,
  0x7f, 0x7f, 0x7f, 0x7f, 0x7f, 0x7f, 0x7f, 0x7f, 0x7f, 0x7f, 0x7f, 0x7f,
  0x7f, 0x7f, 0x7f, 0x80, 0x80, 0x80, 0x80, 0x80, 0x80, 0x80, 0x80, 0x80,
  0x80, 0x80, 0x80, 0x80, 0x80, 0x80, 0x80, 0x80, 0x80, 0x80, 0x80, 0x80,
  0x7f, 0x7f, 0x7f, 0x7f, 0x7f, 0x7f, 0x7f, 0x7f, 0x7f, 0x7f, 0x7f, 0x7f,
  0x7f, 0x7f, 0x7f, 0x7f, 0x7f, 0x80, 0x80, 0x80, 0x80, 0x7f, 0x7f, 0x80,
  0x80, 0x80, 0x80, 0x80, 0x80, 0x80, 0x80, 0x80, 0x80, 0x80, 0x80, 0x80,
  0x80, 0x80, 0x80, 0x80, 0x80, 0x80, 0x7f, 0x7f, 0x7f, 0x80, 0x7f, 0x7f,
  0x7f, 0x7f, 0x7f, 0x7f, 0x7f, 0x7f, 0x7f, 0x7f, 0x7f, 0x80, 0x80, 0x80,
  0x80, 0x7f, 0x80, 0x80, 0x80, 0x80, 0x80, 0x80, 0x80, 0x7f, 0x80, 0x80,
  0x80, 0x80, 0x80, 0x80, 0x80, 0x80, 0x80, 0x80, 0x80, 0x80, 0x80, 0x7f,
  0x7f, 0x80, 0x7f, 0x7f, 0x7f, 0x7f, 0x7f, 0x7f, 0x7f, 0x7f, 0x7f, 0x80,
  0x7f, 0x80, 0x80, 0x80, 0x80, 0x80, 0x80, 0x80, 0x80, 0x80, 0x80, 0x80,
  0x80, 0x80, 0x80, 0x80, 0x80, 0x80, 0x80, 0x80, 0x80, 0x80, 0x80, 0x80,
  0x80, 0x80, 0x80, 0x7f, 0x80, 0x80, 0x7f, 0x7f, 0x7f, 0x7f, 0x7f, 0x7f,
  0x80, 0x7f, 0x7f, 0x7f, 0x7f, 0x80, 0x80, 0x80, 0x80, 0x80, 0x80, 0x80,
  0x80, 0x80, 0x80, 0x80, 0x80, 0x80, 0x80, 0x80, 0x80, 0x80, 0x80, 0x80,
  0x80, 0x80, 0x80, 0x80, 0x80, 0x80, 0x80, 0x7f, 0x80, 0x80, 0x7f, 0x7f,
  0x7f, 0x7f, 0x7f, 0x7f, 0x80, 0x7f, 0x7f, 0x80, 0x7f, 0x7f, 0x80, 0x80,
  0x80, 0x80, 0x80, 0x80, 0x80, 0x80, 0x80, 0x80, 0x80, 0x80, 0x80, 0x80,
  0x80, 0x80, 0x80, 0x80, 0x80, 0x80, 0x80, 0x80, 0x80, 0x80, 0x7f, 0x7f,
  0x7f, 0x7f, 0x7f, 0x7f, 0x7f, 0x7f, 0x7f, 0x7f, 0x80, 0x7f, 0x80, 0x80,
  0x80, 0x80, 0x7f, 0x80, 0x7f, 0x80, 0x80, 0x80, 0x80, 0x80, 0x80, 0x80,
  0x80, 0x80, 0x80, 0x80, 0x80, 0x80, 0x80, 0x80, 0x80, 0x80, 0x80, 0x80,
  0x7f, 0x7f, 0x7f, 0x7f, 0x7f, 0x7f, 0x7f, 0x7f, 0x7f, 0x7f, 0x7f, 0x7f,
  0x80, 0x7f, 0x80, 0x80, 0x80, 0x80, 0x80, 0x80, 0x7f, 0x7f, 0x7f, 0x80,
  0x80, 0x80, 0x80, 0x80, 0x80, 0x80, 0x80, 0x80, 0x80, 0x80, 0x80, 0x80,
  0x80, 0x80, 0x80, 0x80, 0x80, 0x7f, 0x7f, 0x7f, 0x7f, 0x7f, 0x7f, 0x7f,
  0x7f, 0x7f, 0x7f, 0x7f, 0x7f, 0x7f, 0x7f, 0x7f, 0x7f, 0x7f, 0x7f, 0x80,
  0x7f, 0x7f, 0x7f, 0x80, 0x80, 0x80, 0x80, 0x80, 0x80, 0x80, 0x80, 0x80,
  0x80, 0x80, 0x80, 0x80, 0x80, 0x80, 0x80, 0x80, 0x7f, 0x7f, 0x7f, 0x7f,
  0x7f, 0x7f, 0x7f, 0x7f, 0x7f, 0x7f, 0x7f, 0x7f, 0x7f, 0x7f, 0x7f, 0x7f,
  0x80, 0x80, 0x80, 0x7f, 0x7f, 0x7f, 0x7f, 0x7f, 0x80, 0x80, 0x80, 0x80,
  0x80, 0x80, 0x80, 0x80, 0x80, 0x80, 0x80, 0x80, 0x80, 0x80, 0x80, 0x80,
  0x80, 0x80, 0x7f, 0x7f, 0x7f, 0x80, 0x7f, 0x7f, 0x7f, 0x7f, 0x7f, 0x7f,
  0x7f, 0x7f, 0x7f, 0x7f, 0x7f, 0x80, 0x80, 0x80, 0x7f, 0x7f, 0x7f, 0x80,
  0x80, 0x80, 0x80, 0x80, 0x80, 0x80, 0x80, 0x80, 0x80, 0x80, 0x80, 0x80,
  0x80, 0x80, 0x80, 0x80, 0x80, 0x80, 0x7f, 0x7f, 0x7f, 0x80, 0x7f, 0x7f,
  0x7f, 0x7f, 0x7f, 0x7f, 0x7f, 0x7f, 0x7f, 0x80, 0x7f, 0x80, 0x80, 0x80,
  0x80, 0x7f, 0x7f, 0x80, 0x80, 0x80, 0x80, 0x80, 0x80, 0x80, 0x80, 0x80,
  0x80, 0x80, 0x80, 0x80, 0x80, 0x80, 0x80, 0x80, 0x80, 0x80, 0x7f, 0x7f,
  0x7f, 0x7f, 0x7f, 0x7f, 0x7f, 0x7f, 0x7f, 0x7f, 0x7f, 0x7f, 0x7f, 0x7f,
  0x7f, 0x7f, 0x80, 0x80, 0x80, 0x80, 0x80, 0x80, 0x80, 0x80, 0x80, 0x80,
  0x80, 0x80, 0x80, 0x80, 0x80, 0x80, 0x80, 0x80, 0x80, 0x80, 0x80, 0x80,
  0x80, 0x80, 0x80, 0x7f, 0x7f, 0x7f, 0x7f, 0x7f, 0x7f, 0x7f, 0x80, 0x80,
  0x80, 0x80, 0x80, 0x80, 0x7f, 0x7f, 0x7f, 0x80, 0x80, 0x80, 0x80, 0x80,
  0x80, 0x80, 0x80, 0x80, 0x80, 0x80, 0x80, 0x80, 0x80, 0x80, 0x80, 0x80,
  0x80, 0x80, 0x7f, 0x7f, 0x7f, 0x7f, 0x7f, 0x7f, 0x7f, 0x7f, 0x7f, 0x7f,
  0x7f, 0x7f, 0x7f, 0x7f, 0x80, 0x80, 0x80, 0x80, 0x80, 0x80, 0x7f, 0x7f,
  0x7f, 0x80, 0x80, 0x7f, 0x80, 0x80, 0x80, 0x80, 0x80, 0x80, 0x80, 0x80,
  0x80, 0x80, 0x80, 0x80, 0x80, 0x80, 0x7f, 0x7f, 0x7f, 0x7f, 0x7f, 0x7f,
  0x7f, 0x80, 0x7f, 0x7f, 0x7f, 0x7f, 0x7f, 0x7f, 0x7f, 0x7f, 0x7f, 0x80,
  0x80, 0x80, 0x80, 0x80, 0x7f, 0x7f, 0x7f, 0x80, 0x80, 0x80, 0x80, 0x80,
  0x80, 0x80, 0x80, 0x80, 0x80, 0x80, 0x80, 0x80, 0x80, 0x80, 0x7f, 0x7f,
  0x7f, 0x7f, 0x7f, 0x7f, 0x7f, 0x7f, 0x7f, 0x7f, 0x7f, 0x7f, 0x7f, 0x7f,
  0x80, 0x7f, 0x7f, 0x80, 0x80, 0x80, 0x80, 0x80, 0x80, 0x80, 0x80, 0x80,
  0x80, 0x80, 0x80, 0x80, 0x80, 0x80, 0x80, 0x80, 0x80, 0x80, 0x80, 0x80,
  0x80, 0x7f, 0x7f, 0x7f, 0x7f, 0x7f, 0x7f, 0x7f, 0x7f, 0x7f, 0x7f, 0x7f,
  0x7f, 0x7f, 0x7f, 0x7f, 0x80, 0x7f, 0x80, 0x80, 0x80, 0x80, 0x7f, 0x7f,
  0x7f, 0x7f, 0x80, 0x7f, 0x80, 0x80, 0x7f, 0x7f, 0x7f, 0x7f, 0x80, 0x80,
  0x80, 0x80, 0x80, 0x80, 0x80, 0x80, 0x80, 0x80, 0x80, 0x80, 0x7f, 0x7f,
  0x7f, 0x7f, 0x7f, 0x7f, 0x7f, 0x7f, 0x7f, 0x7f, 0x80, 0x7f, 0x7f, 0x80,
  0x80, 0x80, 0x80, 0x80, 0x80, 0x7f, 0x7f, 0x80, 0x80, 0x80, 0x80, 0x80,
  0x7f, 0x7f, 0x80, 0x80, 0x80, 0x80, 0x80, 0x80, 0x80, 0x80, 0x80, 0x80,
  0x80, 0x80, 0x7f, 0x7f, 0x7f, 0x80, 0x7f, 0x7f, 0x80, 0x7f, 0x80, 0x80,
  0x80, 0x7f, 0x7f, 0x80, 0x80, 0x80, 0x80, 0x80, 0x7f, 0x7f, 0x7f, 0x80,
  0x80, 0x80, 0x80, 0x7f, 0x7f, 0x7f, 0x80, 0x80, 0x80, 0x80, 0x80, 0x80,
  0x80, 0x80, 0x80, 0x80, 0x80, 0x80, 0x7f, 0x7f, 0x7f, 0x7f, 0x7f, 0x7f,
  0x7f, 0x7f, 0x80, 0x7f, 0x7f, 0x7f, 0x7f, 0x7f, 0x7f, 0x80, 0x80, 0x80,
  0x80, 0x80, 0x80, 0x80, 0x80, 0x80, 0x80, 0x80, 0x80, 0x80, 0x80, 0x80,
  0x80, 0x80, 0x80, 0x80, 0x80, 0x80, 0x80, 0x80, 0x80, 0x80, 0x80, 0x7f,
  0x80, 0x80, 0x7f, 0x7f, 0x7f, 0x7f, 0x7f, 0x7f, 0x7f, 0x7f, 0x7f, 0x7f,
  0x7f, 0x80, 0x80, 0x80, 0x80, 0x80, 0x80, 0x80, 0x80, 0x80, 0x80, 0x80,
  0x80, 0x80, 0x80, 0x80, 0x80, 0x80, 0x80, 0x80, 0x80, 0x80, 0x80, 0x80,
  0x80, 0x80, 0x80, 0x7f, 0x80, 0x80, 0x7f, 0x7f, 0x7f, 0x7f, 0x7f, 0x7f,
  0x7f, 0x7f, 0x7f, 0x80, 0x80, 0x80, 0x80, 0x80, 0x80, 0x80, 0x80, 0x80,
  0x80, 0x80, 0x80, 0x80, 0x80, 0x80, 0x80, 0x80, 0x80, 0x80, 0x80, 0x80,
  0x80, 0x80, 0x80, 0x80, 0x80, 0x80, 0x7f, 0x7f, 0x7f, 0x80, 0x7f, 0x7f,
  0x7f, 0x7f, 0x7f, 0x7f, 0x7f, 0x7f, 0x7f, 0x7f, 0x7f, 0x80, 0x80, 0x80,
  0x80, 0x80, 0x80, 0x80, 0x80, 0x80, 0x80, 0x80, 0x80, 0x80, 0x80, 0x80,
  0x80, 0x80, 0x80, 0x80, 0x80, 0x80, 0x80, 0x80, 0x80, 0x80, 0x80, 0x7f,
  0x7f, 0x7f, 0x7f, 0x7f, 0x7f, 0x7f, 0x7f, 0x7f, 0x7f, 0x7f, 0x7f, 0x7f,
  0x7f, 0x7f, 0x7f, 0x80, 0x80, 0x80, 0x80, 0x80, 0x80, 0x80, 0x80, 0x80,
  0x80, 0x80, 0x80, 0x80, 0x80, 0x80, 0x80, 0x80, 0x80, 0x80, 0x80, 0x80,
  0x80, 0x80, 0x7f, 0x7f, 0x7f, 0x80, 0x7f, 0x80, 0x7f, 0x7f, 0x7f, 0x7f,
  0x7f, 0x7f, 0x80, 0x80, 0x7f, 0x80, 0x80, 0x80, 0x7f, 0x7f, 0x7f, 0x7f,
  0x80, 0x80, 0x80, 0x80, 0x80, 0x7f, 0x80, 0x80, 0x80, 0x80, 0x80, 0x80,
  0x80, 0x80, 0x80, 0x80, 0x80, 0x80, 0x7f, 0x7f, 0x7f, 0x80, 0x7f, 0x7f,
  0x7f, 0x7f, 0x7f, 0x7f, 0x7f, 0x7f, 0x7f, 0x7f, 0x7f, 0x80, 0x80, 0x80,
  0x80, 0x7f, 0x7f, 0x7f, 0x80, 0x80, 0x80, 0x80, 0x80, 0x80, 0x80, 0x80,
  0x80, 0x80, 0x80, 0x80, 0x80, 0x80, 0x80, 0x80, 0x80, 0x80, 0x7f, 0x7f,
  0x7f, 0x80, 0x7f, 0x7f, 0x7f, 0x7f, 0x7f, 0x7f, 0x7f, 0x7f, 0x7f, 0x80,
  0x7f, 0x80, 0x80, 0x80, 0x80, 0x7f, 0x7f, 0x80, 0x80, 0x80, 0x80, 0x80,
  0x80, 0x80, 0x80, 0x80, 0x80, 0x80, 0x80, 0x80, 0x80, 0x80, 0x80, 0x80,
  0x80, 0x80, 0x7f, 0x7f, 0x7f, 0x7f, 0x7f, 0x7f, 0x7f, 0x7f, 0x7f, 0x7f,
  0x80, 0x7f, 0x80, 0x80, 0x7f, 0x7f, 0x80, 0x80, 0x7f, 0x7f, 0x7f, 0x80,
  0x80, 0x80, 0x80, 0x80, 0x80, 0x80, 0x80, 0x80, 0x80, 0x80, 0x80, 0x80,
  0x80, 0x80, 0x80, 0x80, 0x80, 0x80, 0x7f, 0x7f, 0x7f, 0x7f, 0x7f, 0x7f,
  0x7f, 0x7f, 0x7f, 0x7f, 0x80, 0x7f, 0x7f, 0x80, 0x7f, 0x7f, 0x80, 0x80,
  0x80, 0x80, 0x80, 0x80, 0x80, 0x80, 0x80, 0x80, 0x80, 0x80, 0x80, 0x80,
  0x80, 0x80, 0x80, 0x80, 0x80, 0x80, 0x7f, 0x7f, 0x7f, 0x7f, 0x7f, 0x7f,
  0x7f, 0x7f, 0x7f, 0x7f, 0x7f, 0x7f, 0x7f, 0x7f, 0x80, 0x7f, 0x80, 0x80,
  0x7f, 0x7f, 0x7f, 0x7f, 0x7f, 0x7f, 0x7f, 0x80, 0x80, 0x80, 0x80, 0x80,
  0x80, 0x80, 0x80, 0x80, 0x80, 0x80, 0x80, 0x80, 0x80, 0x80, 0x7f, 0x7f,
  0x7f, 0x7f, 0x7f, 0x7f, 0x7f, 0x7f, 0x7f, 0x7f, 0x7f, 0x7f, 0x7f, 0x7f,
  0x80, 0x7f, 0x7f, 0x80, 0x80, 0x80, 0x7f, 0x80, 0x7f, 0x7f, 0x7f, 0x80,
  0x80, 0x80, 0x80, 0x80, 0x80, 0x80, 0x80, 0x80, 0x80, 0x80, 0x80, 0x80,
  0x80, 0x80, 0x80, 0x80, 0x7f, 0x7f, 0x7f, 0x7f, 0x7f, 0x7f, 0x7f, 0x7f,
  0x7f, 0x7f, 0x7f, 0x7f, 0x7f, 0x7f, 0x7f, 0x80, 0x80, 0x80, 0x80, 0x80,
  0x80, 0x80, 0x80, 0x80, 0x80, 0x80, 0x80, 0x80, 0x80, 0x80, 0x80, 0x80,
  0x80, 0x80, 0x80, 0x80, 0x80, 0x80, 0x80, 0x80, 0x7f, 0x7f, 0x7f, 0x7f,
  0x7f, 0x7f, 0x7f, 0x7f, 0x7f, 0x7f, 0x7f, 0x7f, 0x7f, 0x7f, 0x80, 0x80,
  0x80, 0x80, 0x80, 0x80, 0x80, 0x80, 0x80, 0x80, 0x80, 0x80, 0x80, 0x80,
  0x80, 0x80, 0x80, 0x80, 0x80, 0x80, 0x80, 0x80, 0x80, 0x80, 0x80, 0x80,
  0x80, 0x80, 0x7f, 0x7f, 0x80, 0x80, 0x7f, 0x7f, 0x7f, 0x7f, 0x7f, 0x7f,
  0x7f, 0x7f, 0x7f, 0x80, 0x80, 0x80, 0x80, 0x80, 0x80, 0x80, 0x80, 0x80,
  0x80, 0x80, 0x80, 0x80, 0x80, 0x80, 0x80, 0x80, 0x80, 0x80, 0x80, 0x80,
  0x80, 0x80, 0x80, 0x80, 0x80, 0x80, 0x7f, 0x7f, 0x7f, 0x80, 0x7f, 0x80,
  0x7f, 0x7f, 0x80, 0x80, 0x80, 0x7f, 0x7f, 0x80, 0x80, 0x80, 0x80, 0x80,
  0x80, 0x80, 0x80, 0x80, 0x80, 0x80, 0x80, 0x80, 0x80, 0x80, 0x80, 0x80,
  0x80, 0x80, 0x80, 0x80, 0x80, 0x80, 0x80, 0x80, 0x80, 0x80, 0x7f, 0x7f,
  0x7f, 0x80, 0x7f, 0x7f, 0x7f, 0x7f, 0x80, 0x80, 0x80, 0x7f, 0x7f, 0x80,
  0x7f, 0x80, 0x80, 0x80, 0x80, 0x80, 0x80, 0x80, 0x80, 0x80, 0x80, 0x80,
  0x80, 0x80, 0x80, 0x80, 0x80, 0x80, 0x80, 0x80, 0x80, 0x80, 0x80, 0x80,
  0x80, 0x80, 0x7f, 0x7f, 0x7f, 0x80, 0x7f, 0x7f, 0x7f, 0x7f, 0x80, 0x80,
  0x80, 0x7f, 0x80, 0x7f, 0x7f, 0x80, 0x80, 0x80, 0x80, 0x80, 0x80, 0x80,
  0x80, 0x80, 0x80, 0x80, 0x80, 0x80, 0x80, 0x80, 0x80, 0x80, 0x80, 0x80,
  0x80, 0x80, 0x80, 0x80, 0x80, 0x80, 0x7f, 0x7f, 0x7f, 0x80, 0x7f, 0x7f,
  0x7f, 0x7f, 0x80, 0x80, 0x7f, 0x7f, 0x7f, 0x7f, 0x7f, 0x80, 0x80, 0x80,
  0x80, 0x80, 0x80, 0x80, 0x80, 0x80, 0x80, 0x80, 0x80, 0x80, 0x80, 0x80,
  0x80, 0x80, 0x80, 0x80, 0x80, 0x80, 0x80, 0x80, 0x80, 0x80, 0x7f, 0x7f,
  0x7f, 0x7f, 0x7f, 0x7f, 0x7f, 0x7f, 0x7f, 0x7f, 0x7f, 0x7f, 0x7f, 0x7f,
  0x7f, 0x7f, 0x80, 0x80, 0x80, 0x80, 0x80, 0x80, 0x80, 0x80, 0x80, 0x80,
  0x80, 0x80, 0x80, 0x80, 0x80, 0x80, 0x80, 0x80, 0x80, 0x80, 0x80, 0x80,
  0x80, 0x80, 0x7f, 0x7f, 0x7f, 0x7f, 0x7f, 0x7f, 0x7f, 0x7f, 0x7f, 0x7f,
  0x80, 0x7f, 0x80, 0x80, 0x7f, 0x7f, 0x80, 0x80, 0x80, 0x80, 0x80, 0x80,
  0x80, 0x80, 0x80, 0x80, 0x80, 0x80, 0x80, 0x80, 0x80, 0x80, 0x80, 0x80,
  0x80, 0x80, 0x80, 0x80, 0x80, 0x80, 0x7f, 0x7f, 0x7f, 0x7f, 0x7f, 0x7f,
  0x7f, 0x7f, 0x7f, 0x7f, 0x80, 0x80, 0x80, 0x80, 0x7f, 0x7f, 0x80, 0x80,
  0x80, 0x80, 0x80, 0x80, 0x80, 0x80, 0x80, 0x80, 0x80, 0x80, 0x80, 0x80,
  0x80, 0x80, 0x80, 0x80, 0x80, 0x80, 0x7f, 0x7f, 0x7f, 0x7f, 0x7f, 0x7f,
  0x7f, 0x7f, 0x7f, 0x7f, 0x7f, 0x7f, 0x7f, 0x7f, 0x7f, 0x7f, 0x80, 0x80,
  0x7f, 0x7f, 0x7f, 0x80, 0x7f, 0x80, 0x7f, 0x80, 0x80, 0x80, 0x80, 0x80,
  0x80, 0x7f, 0x80, 0x80, 0x80, 0x80, 0x80, 0x80, 0x80, 0x80, 0x7f, 0x80,
  0x7f, 0x7f, 0x7f, 0x7f, 0x7f, 0x7f, 0x7f, 0x7f, 0x7f, 0x7f, 0x7f, 0x7f,
  0x80, 0x7f, 0x7f, 0x80, 0x80, 0x7f, 0x7f, 0x80, 0x7f, 0x7f, 0x7f, 0x80,
  0x80, 0x80, 0x80, 0x80, 0x80, 0x7f, 0x80, 0x80, 0x80, 0x80, 0x80, 0x80,
  0x80, 0x80, 0x80, 0x80, 0x7f, 0x7f, 0x7f, 0x7f, 0x7f, 0x7f, 0x7f, 0x7f,
  0x7f, 0x7f, 0x7f, 0x7f, 0x80, 0x7f, 0x7f, 0x80, 0x80, 0x80, 0x7f, 0x80,
  0x80, 0x7f, 0x80, 0x80, 0x80, 0x80, 0x80, 0x80, 0x80, 0x7f, 0x80, 0x80,
  0x80, 0x80, 0x80, 0x80, 0x80, 0x80, 0x80, 0x80, 0x7f, 0x7f, 0x7f, 0x7f,
  0x7f, 0x7f, 0x7f, 0x7f, 0x7f, 0x7f, 0x7f, 0x7f, 0x7f, 0x7f, 0x80, 0x80,
  0x80, 0x80, 0x80, 0x80, 0x80, 0x7f, 0x80, 0x80, 0x80, 0x80, 0x80, 0x80,
  0x80, 0x80, 0x80, 0x80, 0x80, 0x80, 0x80, 0x80, 0x80, 0x80, 0x80, 0x80,
  0x80, 0x80, 0x7f, 0x7f, 0x7f, 0x80, 0x7f, 0x7f, 0x7f, 0x7f, 0x7f, 0x7f,
  0x7f, 0x7f, 0x7f, 0x80, 0x80, 0x80, 0x80, 0x80, 0x80, 0x7f, 0x80, 0x80,
  0x80, 0x80, 0x80, 0x80, 0x80, 0x7f, 0x80, 0x80, 0x80, 0x80, 0x80, 0x80,
  0x80, 0x80, 0x80, 0x80, 0x80, 0x80, 0x7f, 0x7f, 0x7f, 0x80, 0x7f, 0x7f,
  0x7f, 0x7f, 0x80, 0x80, 0x80, 0x7f, 0x80, 0x80, 0x80, 0x80, 0x80, 0x80,
  0x80, 0x7f, 0x80, 0x80, 0x80, 0x80, 0x80, 0x80, 0x80, 0x80, 0x80, 0x80,
  0x80, 0x80, 0x80, 0x80, 0x80, 0x80, 0x80, 0x80, 0x80, 0x80, 0x7f, 0x7f,
  0x7f, 0x80, 0x7f, 0x7f, 0x7f, 0x7f, 0x80, 0x80, 0x7f, 0x7f, 0x7f, 0x80,
  0x7f, 0x80, 0x80, 0x80, 0x7f, 0x7f, 0x7f, 0x80, 0x80, 0x80, 0x80, 0x80,
  0x80, 0x80, 0x80, 0x80, 0x80, 0x80, 0x80, 0x80, 0x80, 0x80, 0x80, 0x80,
  0x80, 0x80, 0x7f, 0x7f, 0x7f, 0x80, 0x7f, 0x7f, 0x7f, 0x7f, 0x80, 0x7f,
  0x7f, 0x7f, 0x7f, 0x7f, 0x7f, 0x80, 0x80, 0x80, 0x80, 0x80, 0x80, 0x80,
  0x80, 0x80, 0x80, 0x80, 0x80, 0x80, 0x80, 0x80, 0x80, 0x80, 0x80, 0x80,
  0x80, 0x80, 0x80, 0x80, 0x80, 0x80, 0x7f, 0x7f, 0x7f, 0x80, 0x7f, 0x7f,
  0x7f, 0x7f, 0x7f, 0x7f, 0x7f, 0x7f, 0x7f, 0x7f, 0x7f, 0x80, 0x80, 0x80,
  0x80, 0x80, 0x80, 0x80, 0x80, 0x80, 0x80, 0x80, 0x80, 0x80, 0x80, 0x80,
  0x80, 0x80, 0x80, 0x80, 0x80, 0x80, 0x80, 0x80, 0x80, 0x80, 0x7f, 0x7f,
  0x7f, 0x7f, 0x7f, 0x7f, 0x7f, 0x7f, 0x7f, 0x7f, 0x7f, 0x7f, 0x7f, 0x7f,
  0x7f, 0x7f, 0x7f, 0x80, 0x80, 0x80, 0x80, 0x80, 0x80, 0x80, 0x80, 0x80,
  0x80, 0x80, 0x80, 0x80, 0x80, 0x80, 0x80, 0x80, 0x80, 0x80, 0x80, 0x80,
  0x80, 0x80, 0x7f, 0x7f, 0x7f, 0x7f, 0x7f, 0x7f, 0x7f, 0x7f, 0x7f, 0x7f,
  0x7f, 0x7f, 0x7f, 0x7f, 0x7f, 0x7f, 0x80, 0x80, 0x80, 0x80, 0x80, 0x80,
  0x80, 0x80, 0x80, 0x80, 0x80, 0x80, 0x80, 0x80, 0x80, 0x80, 0x80, 0x80,
  0x80, 0x80, 0x80, 0x80, 0x80, 0x80, 0x7f, 0x7f, 0x7f, 0x7f, 0x7f, 0x7f,
  0x7f, 0x7f, 0x7f, 0x7f, 0x80, 0x7f, 0x7f, 0x80, 0x7f, 0x7f, 0x7f, 0x80,
  0x80, 0x80, 0x80, 0x80, 0x80, 0x80, 0x80, 0x80, 0x80, 0x80, 0x80, 0x80,
  0x80, 0x80, 0x80, 0x80, 0x80, 0x80, 0x7f, 0x80, 0x7f, 0x7f, 0x7f, 0x7f,
  0x7f, 0x7f, 0x7f, 0x7f, 0x7f, 0x7f, 0x7f, 0x7f, 0x7f, 0x7f, 0x7f, 0x80,
  0x7f, 0x7f, 0x7f, 0x80, 0x80, 0x7f, 0x80, 0x80, 0x80, 0x80, 0x80, 0x80,
  0x80, 0x80, 0x80, 0x80, 0x80, 0x80, 0x80, 0x80, 0x80, 0x80, 0x80, 0x80,
  0x7f, 0x7f, 0x7f, 0x7f, 0x7f, 0x7f, 0x7f, 0x7f, 0x7f, 0x7f, 0x7f, 0x7f,
  0x7f, 0x7f, 0x7f, 0x80, 0x7f, 0x80, 0x80, 0x80, 0x80, 0x7f, 0x7f, 0x80,
  0x80, 0x80, 0x80, 0x80, 0x80, 0x80, 0x80, 0x80, 0x80, 0x80, 0x80, 0x80,
  0x80, 0x80, 0x80, 0x80, 0x7f, 0x7f, 0x7f, 0x7f, 0x7f, 0x7f, 0x7f, 0x7f,
  0x7f, 0x7f, 0x7f, 0x7f, 0x7f, 0x7f, 0x7f, 0x80, 0x80, 0x80, 0x80, 0x80,
  0x80, 0x7f, 0x7f, 0x80, 0x80, 0x80, 0x80, 0x80, 0x80, 0x80, 0x80, 0x80,
  0x80, 0x80, 0x80, 0x80, 0x80, 0x80, 0x80, 0x80, 0x7f, 0x7f, 0x7f, 0x7f,
  0x7f, 0x7f, 0x7f, 0x7f, 0x7f, 0x7f, 0x7f, 0x7f, 0x7f, 0x7f, 0x7f, 0x7f,
  0x80, 0x80, 0x80, 0x80, 0x80, 0x80, 0x80, 0x80, 0x80, 0x80, 0x80, 0x80,
  0x80, 0x80, 0x80, 0x80, 0x80, 0x80, 0x80, 0x80, 0x80, 0x80, 0x80, 0x80,
  0x80, 0x7f, 0x7f, 0x7f, 0x7f, 0x7f, 0x7f, 0x7f, 0x7f, 0x7f, 0x7f, 0x7f,
  0x7f, 0x7f, 0x7f, 0x7f, 0x80, 0x80, 0x80, 0x80, 0x80, 0x80, 0x80, 0x80,
  0x80, 0x80, 0x80, 0x80, 0x80, 0x80, 0x80, 0x80, 0x80, 0x80, 0x80, 0x80,
  0x80, 0x80, 0x80, 0x80, 0x80, 0x80, 0x7f, 0x7f, 0x7f, 0x7f, 0x7f, 0x80,
  0x7f, 0x7f, 0x7f, 0x7f, 0x7f, 0x7f, 0x7f, 0x7f, 0x80, 0x80, 0x80, 0x80,
  0x80, 0x80, 0x80, 0x80, 0x80, 0x80, 0x80, 0x80, 0x80, 0x80, 0x80, 0x80,
  0x80, 0x80, 0x80, 0x80, 0x80, 0x80, 0x80, 0x80, 0x80, 0x80, 0x7f, 0x7f,
  0x7f, 0x7f, 0x7f, 0x7f, 0x7f, 0x7f, 0x7f, 0x7f, 0x7f, 0x7f, 0x7f, 0x7f,
  0x7f, 0x80, 0x80, 0x80, 0x80, 0x80, 0x80, 0x80, 0x80, 0x80, 0x80, 0x80,
  0x80, 0x80, 0x80, 0x80, 0x80, 0x80, 0x80, 0x80, 0x80, 0x80, 0x80, 0x80,
  0x80, 0x80, 0x7f, 0x7f, 0x7f, 0x7f, 0x7f, 0x7f, 0x7f, 0x7f, 0x80, 0x80,
  0x80, 0x7f, 0x80, 0x80, 0x7f, 0x7f, 0x7f, 0x7f, 0x7f, 0x7f, 0x80, 0x80,
  0x80, 0x80, 0x80, 0x80, 0x80, 0x80, 0x80, 0x80, 0x80, 0x80, 0x80, 0x80,
  0x80, 0x80, 0x7f, 0x7f, 0x7f, 0x80, 0x7f, 0x7f, 0x7f, 0x7f, 0x7f, 0x7f,
  0x7f, 0x7f, 0x7f, 0x7f, 0x7f, 0x7f, 0x80, 0x80, 0x7f, 0x7f, 0x7f, 0x7f,
  0x7f, 0x7f, 0x7f, 0x7f, 0x80, 0x80, 0x80, 0x80, 0x80, 0x80, 0x80, 0x80,
  0x80, 0x80, 0x80, 0x80, 0x80, 0x80, 0x7f, 0x7f, 0x7f, 0x7f, 0x7f, 0x7f,
  0x7f, 0x7f, 0x7f, 0x7f, 0x7f, 0x7f, 0x7f, 0x7f, 0x7f, 0x7f, 0x80, 0x80,
  0x80, 0x80, 0x80, 0x7f, 0x7f, 0x7f, 0x7f, 0x80, 0x80, 0x80, 0x80, 0x80,
  0x80, 0x80, 0x80, 0x80, 0x80, 0x80, 0x80, 0x80, 0x80, 0x80, 0x7f, 0x7f,
  0x7f, 0x7f, 0x7f, 0x7f, 0x7f, 0x7f, 0x7f, 0x7f, 0x7f, 0x7f, 0x7f, 0x7f,
  0x7f, 0x7f, 0x80, 0x80, 0x7f, 0x80, 0x80, 0x7f, 0x7f, 0x80, 0x7f, 0x80,
  0x80, 0x80, 0x80, 0x80, 0x80, 0x80, 0x80, 0x80, 0x80, 0x80, 0x80, 0x80,
  0x80, 0x80, 0x7f, 0x80, 0x7f, 0x7f, 0x7f, 0x7f, 0x7f, 0x7f, 0x7f, 0x7f,
  0x7f, 0x7f, 0x7f, 0x7f, 0x80, 0x80, 0x80, 0x80, 0x80, 0x80, 0x80, 0x7f,
  0x7f, 0x7f, 0x7f, 0x7f, 0x7f, 0x7f, 0x80, 0x80, 0x80, 0x80, 0x80, 0x80,
  0x80, 0x80, 0x80, 0x80, 0x80, 0x80, 0x7f, 0x7f, 0x7f, 0x7f, 0x7f, 0x7f,
  0x7f, 0x7f, 0x7f, 0x7f, 0x7f, 0x7f, 0x7f, 0x7f, 0x80, 0x80, 0x80, 0x80,
  0x80, 0x80, 0x80, 0x7f, 0x7f, 0x7f, 0x7f, 0x7f, 0x80, 0x80, 0x80, 0x80,
  0x80, 0x80, 0x80, 0x80, 0x80, 0x80, 0x80, 0x80, 0x80, 0x80, 0x7f, 0x7f,
  0x7f, 0x7f, 0x7f, 0x7f, 0x80, 0x80, 0x7f, 0x7f, 0x7f, 0x7f, 0x7f, 0x7f,
  0x7f, 0x7f, 0x80, 0x80, 0x80, 0x80, 0x80, 0x7f, 0x7f, 0x7f, 0x7f, 0x80,
  0x80, 0x80, 0x80, 0x80, 0x80, 0x7f, 0x7f, 0x80, 0x80, 0x7f, 0x7f, 0x80,
  0x80, 0x80, 0x7f, 0x80, 0x7f, 0x7f, 0x7f, 0x7f, 0x80, 0x80, 0x7f, 0x7f,
  0x7f, 0x7f, 0x7f, 0x7f, 0x80, 0x7f, 0x7f, 0x80, 0x80, 0x80, 0x80, 0x80,
  0x80, 0x80, 0x80, 0x80, 0x80, 0x80, 0x80, 0x7f, 0x7f, 0x7f, 0x80, 0x80,
  0x80, 0x80, 0x80, 0x80, 0x7f, 0x7f, 0x7f, 0x7f, 0x7f, 0x7f, 0x7f, 0x7f,
  0x7f, 0x80, 0x7f, 0x7f, 0x7f, 0x7f, 0x7f, 0x7f, 0x7f, 0x7f, 0x7f, 0x80,
  0x7f, 0x80, 0x80, 0x7f, 0x7f, 0x80, 0x80, 0x7f, 0x80, 0x7f, 0x7f, 0x7f,
  0x7f, 0x7f, 0x80, 0x80, 0x80, 0x80, 0x80, 0x80, 0x80, 0x80, 0x80, 0x80,
  0x80, 0x7f, 0x7f, 0x7f, 0x7f, 0x7f, 0x7f, 0x7f, 0x7f, 0x7f, 0x80, 0x80,
  0x80, 0x7f, 0x7f, 0x80, 0x80, 0x80, 0x80, 0x80, 0x80, 0x7f, 0x80, 0x80,
  0x80, 0x80, 0x80, 0x80, 0x7f, 0x80, 0x80, 0x80, 0x80, 0x80, 0x80, 0x80,
  0x80, 0x80, 0x80, 0x80, 0x80, 0x80, 0x80, 0x80, 0x7f, 0x7f, 0x7f, 0x80,
  0x80, 0x80, 0x80, 0x80, 0x7f, 0x7f, 0x7f, 0x7f, 0x7f, 0x80, 0x80, 0x80,
  0x7f, 0x7f, 0x7f, 0x80, 0x80, 0x80, 0x80, 0x7f, 0x7f, 0x7f, 0x7f, 0x80,
  0x80, 0x80, 0x80, 0x80, 0x80, 0x80, 0x80, 0x80, 0x80, 0x80, 0x80, 0x80,
  0x7f, 0x80, 0x7f, 0x80, 0x80, 0x80, 0x80, 0x80, 0x7f, 0x7f, 0x7f, 0x7f,
  0x7f, 0x80, 0x80, 0x80, 0x80, 0x80, 0x80, 0x80, 0x80, 0x80, 0x80, 0x80,
  0x80, 0x80, 0x80, 0x80, 0x80, 0x80, 0x80, 0x80, 0x80, 0x80, 0x80, 0x80,
  0x80, 0x80, 0x80, 0x80, 0x80, 0x80, 0x7f, 0x80, 0x80, 0x80, 0x80, 0x80,
  0x80, 0x7f, 0x7f, 0x7f, 0x7f, 0x7f, 0x80, 0x80, 0x80, 0x80, 0x80, 0x80,
  0x80, 0x80, 0x80, 0x80, 0x80, 0x80, 0x80, 0x80, 0x80, 0x80, 0x80, 0x80,
  0x80, 0x80, 0x80, 0x80, 0x80, 0x80, 0x80, 0x7f, 0x80, 0x80, 0x7f, 0x7f,
  0x7f, 0x7f, 0x7f, 0x7f, 0x7f, 0x7f, 0x7f, 0x7f, 0x7f, 0x7f, 0x80, 0x80,
  0x7f, 0x80, 0x7f, 0x80, 0x80, 0x80, 0x80, 0x80, 0x80, 0x80, 0x80, 0x80,
  0x80, 0x80, 0x80, 0x80, 0x80, 0x80, 0x80, 0x80, 0x80, 0x80, 0x80, 0x7f,
  0x7f, 0x7f, 0x7f, 0x7f, 0x7f, 0x7f, 0x7f, 0x7f, 0x7f, 0x7f, 0x7f, 0x7f,
  0x7f, 0x7f, 0x80, 0x80, 0x80, 0x80, 0x80, 0x80, 0x80, 0x80, 0x80, 0x80,
  0x80, 0x80, 0x80, 0x80, 0x80, 0x80, 0x80, 0x80, 0x80, 0x80, 0x80, 0x80,
  0x80, 0x80, 0x7f, 0x7f, 0x7f, 0x7f, 0x7f, 0x7f, 0x7f, 0x7f, 0x7f, 0x7f,
  0x7f, 0x7f, 0x80, 0x80, 0x7f, 0x7f, 0x7f, 0x80, 0x80, 0x80, 0x80, 0x80,
  0x80, 0x80, 0x80, 0x80, 0x80, 0x80, 0x80, 0x80, 0x80, 0x80, 0x80, 0x80,
  0x80, 0x80, 0x80, 0x80, 0x7f, 0x80, 0x7f, 0x7f, 0x7f, 0x7f, 0x7f, 0x7f,
  0x7f, 0x7f, 0x7f, 0x7f, 0x80, 0x7f, 0x80, 0x80, 0x7f, 0x7f, 0x7f, 0x80,
  0x7f, 0x80, 0x7f, 0x80, 0x80, 0x80, 0x80, 0x80, 0x80, 0x7f, 0x80, 0x80,
  0x80, 0x80, 0x80, 0x80, 0x80, 0x80, 0x7f, 0x7f, 0x7f, 0x7f, 0x7f, 0x7f,
  0x7f, 0x80, 0x7f, 0x7f, 0x7f, 0x7f, 0x7f, 0x7f, 0x7f, 0x7f, 0x7f, 0x80,
  0x7f, 0x7f, 0x7f, 0x80, 0x7f, 0x7f, 0x7f, 0x80, 0x80, 0x80, 0x80, 0x80,
  0x80, 0x7f, 0x80, 0x80, 0x80, 0x80, 0x80, 0x80, 0x80, 0x80, 0x80, 0x80,
  0x7f, 0x80, 0x7f, 0x7f, 0x7f, 0x80, 0x7f, 0x7f, 0x7f, 0x7f, 0x7f, 0x7f,
  0x7f, 0x7f, 0x7f, 0x80, 0x7f, 0x80, 0x7f, 0x80, 0x7f, 0x7f, 0x7f, 0x80,
  0x80, 0x80, 0x80, 0x80, 0x80, 0x7f, 0x80, 0x80, 0x80, 0x80, 0x80, 0x80,
  0x80, 0x80, 0x80, 0x80, 0x7f, 0x7f, 0x7f, 0x7f, 0x7f, 0x80, 0x7f, 0x7f,
  0x7f, 0x7f, 0x7f, 0x7f, 0x80, 0x7f, 0x7f, 0x80, 0x80, 0x80, 0x80, 0x80,
  0x7f, 0x7f, 0x7f, 0x80, 0x80, 0x80, 0x80, 0x80, 0x80, 0x7f, 0x80, 0x80,
  0x80, 0x80, 0x80, 0x80, 0x80, 0x80, 0x80, 0x80, 0x80, 0x7f, 0x7f, 0x7f,
  0x7f, 0x80, 0x7f, 0x7f, 0x7f, 0x7f, 0x7f, 0x7f, 0x7f, 0x7f, 0x7f, 0x80,
  0x80, 0x80, 0x80, 0x80, 0x7f, 0x7f, 0x80, 0x80, 0x80, 0x80, 0x80, 0x80,
  0x80, 0x80, 0x80, 0x80, 0x80, 0x80, 0x80, 0x80, 0x80, 0x80, 0x80, 0x80,
  0x80, 0x80, 0x7f, 0x7f, 0x7f, 0x80, 0x7f, 0x80, 0x7f, 0x7f, 0x7f, 0x7f,
  0x7f, 0x7f, 0x7f, 0x80, 0x80, 0x80, 0x80, 0x80, 0x7f, 0x7f, 0x7f, 0x80,
  0x80, 0x80, 0x80, 0x80, 0x80, 0x80, 0x80, 0x80, 0x80, 0x80, 0x80, 0x80,
  0x80, 0x80, 0x80, 0x80, 0x80, 0x80, 0x7f, 0x7f, 0x7f, 0x80, 0x7f, 0x7f,
  0x7f, 0x7f, 0x7f, 0x7f, 0x7f, 0x7f, 0x7f, 0x80, 0x80, 0x80, 0x80, 0x80,
  0x80, 0x7f, 0x80, 0x80, 0x80, 0x80, 0x80, 0x80, 0x80, 0x80, 0x80, 0x80,
  0x80, 0x80, 0x80, 0x80, 0x80, 0x80, 0x80, 0x80, 0x80, 0x80, 0x7f, 0x7f,
  0x7f, 0x80, 0x7f, 0x7f, 0x7f, 0x7f, 0x7f, 0x7f, 0x7f, 0x7f, 0x7f, 0x7f,
  0x7f, 0x80, 0x80, 0x80, 0x80, 0x80, 0x80, 0x80, 0x80, 0x80, 0x80, 0x80,
  0x80, 0x80, 0x80, 0x80, 0x80, 0x80, 0x80, 0x80, 0x80, 0x80, 0x80, 0x80,
  0x80, 0x80, 0x80, 0x7f, 0x7f, 0x7f, 0x7f, 0x7f, 0x7f, 0x7f, 0x7f, 0x7f,
  0x7f, 0x7f, 0x7f, 0x7f, 0x7f, 0x7f, 0x80, 0x80, 0x80, 0x7f, 0x80, 0x80,
  0x80, 0x80, 0x80, 0x80, 0x80, 0x80, 0x80, 0x80, 0x80, 0x80, 0x80, 0x80,
  0x80, 0x80, 0x80, 0x80, 0x80, 0x80, 0x80, 0x80, 0x80, 0x80, 0x80, 0x80,
  0x80, 0x80, 0x80, 0x7f, 0x7f, 0x7f, 0x7f, 0x7f, 0x7f, 0x80, 0x80, 0x80,
  0x80, 0x80, 0x7f, 0x80, 0x80, 0x80, 0x80, 0x80, 0x80, 0x80, 0x80, 0x80,
  0x80, 0x80, 0x80, 0x80, 0x80, 0x80, 0x80, 0x80, 0x80, 0x80, 0x80, 0x80,
  0x7f, 0x80, 0x7f, 0x80, 0x80, 0x80, 0x80, 0x7f, 0x7f, 0x7f, 0x7f, 0x7f,
  0x7f, 0x80, 0x80, 0x80, 0x80, 0x80, 0x7f, 0x80, 0x80, 0x80, 0x80, 0x80,
  0x80, 0x80, 0x80, 0x80, 0x80, 0x80, 0x80, 0x80, 0x80, 0x80, 0x80, 0x80,
  0x80, 0x80, 0x80, 0x7f, 0x80, 0x80, 0x7f, 0x7f, 0x80, 0x80, 0x7f, 0x7f,
  0x7f, 0x7f, 0x7f, 0x7f, 0x7f, 0x7f, 0x80, 0x80, 0x80, 0x80, 0x7f, 0x7f,
  0x80, 0x80, 0x80, 0x80, 0x7f, 0x7f, 0x7f, 0x80, 0x80, 0x80, 0x80, 0x80,
  0x80, 0x80, 0x80, 0x80, 0x80, 0x80, 0x80, 0x7f, 0x80, 0x80, 0x7f, 0x80,
  0x7f, 0x7f, 0x80, 0x80, 0x80, 0x80, 0x80, 0x80, 0x7f, 0x7f, 0x80, 0x80,
  0x80, 0x80, 0x80, 0x80, 0x80, 0x80, 0x80, 0x80, 0x80, 0x80, 0x80, 0x80,
  0x80, 0x80, 0x80, 0x80, 0x80, 0x80, 0x7f, 0x7f, 0x7f, 0x7f, 0x7f, 0x7f,
  0x7f, 0x7f, 0x7f, 0x7f, 0x7f, 0x7f, 0x7f, 0x7f, 0x7f, 0x7f, 0x80, 0x80,
  0x7f, 0x7f, 0x7f, 0x80, 0x7f, 0x7f, 0x7f, 0x7f, 0x80, 0x80, 0x80, 0x80,
  0x80, 0x80, 0x80, 0x80, 0x80, 0x80, 0x80, 0x80, 0x80, 0x80, 0x7f, 0x7f,
  0x7f, 0x7f, 0x7f, 0x7f, 0x7f, 0x7f, 0x7f, 0x7f, 0x7f, 0x7f, 0x7f, 0x7f,
  0x7f, 0x7f, 0x80, 0x80, 0x80, 0x80, 0x80, 0x80, 0x7f, 0x7f, 0x7f, 0x80,
  0x80, 0x80, 0x80, 0x80, 0x80, 0x80, 0x80, 0x80, 0x80, 0x80, 0x80, 0x80,
  0x80, 0x80, 0x7f, 0x80, 0x7f, 0x7f, 0x7f, 0x7f, 0x7f, 0x7f, 0x7f, 0x7f,
  0x7f, 0x7f, 0x7f, 0x7f, 0x7f, 0x7f, 0x7f, 0x80, 0x80, 0x80, 0x80, 0x80,
  0x7f, 0x7f, 0x7f, 0x80, 0x80, 0x80, 0x80, 0x80, 0x80, 0x80, 0x80, 0x80,
  0x80, 0x80, 0x80, 0x80, 0x80, 0x80, 0x80, 0x80, 0x7f, 0x7f, 0x7f, 0x7f,
  0x7f, 0x7f, 0x7f, 0x7f, 0x7f, 0x7f, 0x7f, 0x7f, 0x7f, 0x7f, 0x7f, 0x7f,
  0x80, 0x80, 0x80, 0x7f, 0x7f, 0x80, 0x80, 0x80, 0x80, 0x80, 0x80, 0x80,
  0x80, 0x80, 0x80, 0x80, 0x80, 0x80, 0x80, 0x80, 0x80, 0x80, 0x80, 0x80,
  0x7f, 0x7f, 0x7f, 0x7f, 0x7f, 0x7f, 0x7f, 0x7f, 0x7f, 0x7f, 0x7f, 0x7f,
  0x7f, 0x7f, 0x7f, 0x80, 0x80, 0x80, 0x80, 0x80, 0x80, 0x80, 0x80, 0x80,
  0x80, 0x80, 0x80, 0x80, 0x80, 0x80, 0x80, 0x80, 0x80, 0x80, 0x80, 0x80,
  0x80, 0x80, 0x80, 0x80, 0x80, 0x80, 0x7f, 0x7f, 0x7f, 0x80, 0x7f, 0x7f,
  0x7f, 0x7f, 0x7f, 0x7f, 0x7f, 0x7f, 0x80, 0x80, 0x80, 0x80, 0x80, 0x80,
  0x80, 0x80, 0x80, 0x80, 0x80, 0x80, 0x80, 0x80, 0x80, 0x80, 0x80, 0x80,
  0x80, 0x80, 0x80, 0x80, 0x80, 0x80, 0x80, 0x80, 0x80, 0x80, 0x7f, 0x7f,
  0x7f, 0x7f, 0x7f, 0x7f, 0x7f, 0x7f, 0x7f, 0x7f, 0x7f, 0x7f, 0x7f, 0x7f,
  0x80, 0x80, 0x80, 0x7f, 0x7f, 0x80, 0x80, 0x80, 0x80, 0x80, 0x80, 0x80,
  0x80, 0x80, 0x80, 0x80, 0x80, 0x80, 0x80, 0x80, 0x80, 0x80, 0x80, 0x80,
  0x80, 0x80, 0x80, 0x7f, 0x7f, 0x7f, 0x7f, 0x7f, 0x7f, 0x7f, 0x80, 0x80,
  0x80, 0x7f, 0x80, 0x80, 0x80, 0x80, 0x80, 0x7f, 0x7f, 0x80, 0x80, 0x80,
  0x80, 0x80, 0x80, 0x80, 0x80, 0x80, 0x80, 0x80, 0x80, 0x80, 0x80, 0x80,
  0x80, 0x80, 0x7f, 0x7f, 0x7f, 0x7f, 0x7f, 0x7f, 0x7f, 0x7f, 0x7f, 0x7f,
  0x7f, 0x7f, 0x7f, 0x7f, 0x7f, 0x7f, 0x80, 0x80, 0x80, 0x80, 0x7f, 0x7f,
  0x7f, 0x80, 0x80, 0x80, 0x80, 0x80, 0x80, 0x80, 0x80, 0x80, 0x80, 0x80,
  0x80, 0x80, 0x80, 0x80, 0x80, 0x80, 0x7f, 0x7f, 0x7f, 0x7f, 0x7f, 0x7f,
  0x7f, 0x7f, 0x7f, 0x7f, 0x7f, 0x7f, 0x7f, 0x7f, 0x7f, 0x7f, 0x80, 0x80,
  0x80, 0x80, 0x80, 0x7f, 0x7f, 0x80, 0x7f, 0x7f, 0x80, 0x80, 0x80, 0x80,
  0x80, 0x80, 0x80, 0x80, 0x80, 0x80, 0x80, 0x80, 0x80, 0x80, 0x7f, 0x7f,
  0x7f, 0x7f, 0x7f, 0x7f, 0x7f, 0x7f, 0x7f, 0x7f, 0x7f, 0x7f, 0x7f, 0x7f,
  0x7f, 0x7f, 0x80, 0x80, 0x80, 0x80, 0x80, 0x7f, 0x80, 0x80, 0x80, 0x80,
  0x80, 0x80, 0x80, 0x80, 0x80, 0x80, 0x80, 0x80, 0x80, 0x80, 0x80, 0x80,
  0x80, 0x80, 0x80, 0x80, 0x7f, 0x7f, 0x7f, 0x7f, 0x7f, 0x7f, 0x7f, 0x7f,
  0x7f, 0x7f, 0x7f, 0x7f, 0x80, 0x7f, 0x80, 0x80, 0x80, 0x80, 0x80, 0x7f,
  0x7f, 0x80, 0x7f, 0x7f, 0x80, 0x80, 0x80, 0x80, 0x80, 0x80, 0x80, 0x80,
  0x80, 0x80, 0x80, 0x80, 0x80, 0x80, 0x7f, 0x7f, 0x7f, 0x7f, 0x7f, 0x7f,
  0x7f, 0x7f, 0x7f, 0x7f, 0x7f, 0x7f, 0x7f, 0x7f, 0x7f, 0x80, 0x80, 0x80,
  0x80, 0x80, 0x80, 0x80, 0x7f, 0x80, 0x7f, 0x7f, 0x80, 0x80, 0x80, 0x7f,
  0x80, 0x80, 0x80, 0x80, 0x80, 0x80, 0x80, 0x80, 0x80, 0x80, 0x7f, 0x7f,
  0x7f, 0x7f, 0x7f, 0x7f, 0x7f, 0x7f, 0x7f, 0x7f, 0x7f, 0x7f, 0x7f, 0x7f,
  0x80, 0x7f, 0x80, 0x80, 0x80, 0x80, 0x80, 0x80, 0x7f, 0x7f, 0x7f, 0x80,
  0x80, 0x80, 0x80, 0x7f, 0x7f, 0x7f, 0x80, 0x80, 0x80, 0x80, 0x80, 0x80,
  0x80, 0x80, 0x80, 0x80, 0x7f, 0x7f, 0x7f, 0x7f, 0x7f, 0x80, 0x7f, 0x7f,
  0x7f, 0x7f, 0x7f, 0x7f, 0x80, 0x7f, 0x80, 0x80, 0x80, 0x80, 0x80, 0x80,
  0x80, 0x80, 0x80, 0x80, 0x80, 0x80, 0x80, 0x7f, 0x80, 0x7f, 0x80, 0x80,
  0x80, 0x80, 0x80, 0x80, 0x80, 0x80, 0x7f, 0x7f, 0x7f, 0x7f, 0x7f, 0x7f,
  0x80, 0x80, 0x7f, 0x7f, 0x7f, 0x7f, 0x7f, 0x7f, 0x7f, 0x7f, 0x7f, 0x80,
  0x80, 0x80, 0x80, 0x80, 0x80, 0x80, 0x80, 0x7f, 0x80, 0x80, 0x80, 0x80,
  0x80, 0x80, 0x80, 0x80, 0x80, 0x80, 0x80, 0x80, 0x80, 0x80, 0x80, 0x80,
  0x80, 0x80, 0x7f, 0x7f, 0x7f, 0x80, 0x7f, 0x7f, 0x7f, 0x7f, 0x7f, 0x7f,
  0x80, 0x7f, 0x7f, 0x80, 0x80, 0x80, 0x80, 0x80, 0x80, 0x80, 0x80, 0x80,
  0x80, 0x80, 0x80, 0x80, 0x80, 0x80, 0x80, 0x80, 0x80, 0x80, 0x80, 0x80,
  0x80, 0x80, 0x80, 0x80, 0x80, 0x80, 0x7f, 0x7f, 0x7f, 0x7f, 0x7f, 0x80,
  0x7f, 0x7f, 0x7f, 0x7f, 0x80, 0x7f, 0x7f, 0x7f, 0x80, 0x80, 0x80, 0x7f,
  0x7f, 0x7f, 0x80, 0x80, 0x80, 0x80, 0x80, 0x80, 0x80, 0x80, 0x80, 0x80,
  0x80, 0x80, 0x80, 0x80, 0x80, 0x80, 0x80, 0x80, 0x80, 0x80, 0x80, 0x80,
  0x7f, 0x80, 0x7f, 0x80, 0x80, 0x7f, 0x7f, 0x7f, 0x7f, 0x7f, 0x7f, 0x7f,
  0x7f, 0x7f, 0x7f, 0x7f, 0x7f, 0x7f, 0x7f, 0x7f, 0x80, 0x80, 0x80, 0x80,
  0x80, 0x80, 0x80, 0x80, 0x80, 0x80, 0x80, 0x80, 0x80, 0x80, 0x80, 0x80,
  0x80, 0x80, 0x80, 0x7f, 0x80, 0x80, 0x80, 0x80, 0x80, 0x7f, 0x7f, 0x7f,
  0x7f, 0x7f, 0x7f, 0x7f, 0x7f, 0x7f, 0x7f, 0x7f, 0x7f, 0x7f, 0x7f, 0x7f,
  0x80, 0x7f, 0x7f, 0x7f, 0x80, 0x7f, 0x7f, 0x80, 0x80, 0x80, 0x80, 0x80,
  0x80, 0x80, 0x80, 0x80, 0x80, 0x80, 0x80, 0x7f, 0x7f, 0x80, 0x80, 0x80,
  0x80, 0x80, 0x80, 0x80, 0x7f, 0x7f, 0x7f, 0x7f, 0x7f, 0x7f, 0x80, 0x7f,
  0x7f, 0x7f, 0x7f, 0x7f, 0x80, 0x80, 0x80, 0x80, 0x80, 0x80, 0x7f, 0x80,
  0x80, 0x80, 0x80, 0x80, 0x80, 0x80, 0x80, 0x80, 0x80, 0x80, 0x80, 0x80,
  0x80, 0x80, 0x80, 0x80, 0x80, 0x80, 0x80, 0x80, 0x7f, 0x7f, 0x7f, 0x7f,
  0x7f, 0x7f, 0x7f, 0x7f, 0x7f, 0x7f, 0x7f, 0x80, 0x80, 0x80, 0x80, 0x80,
  0x80, 0x7f, 0x7f, 0x7f, 0x7f, 0x7f, 0x80, 0x80, 0x80, 0x80, 0x80, 0x80,
  0x80, 0x80, 0x80, 0x80, 0x80, 0x7f, 0x7f, 0x7f, 0x80, 0x80, 0x80, 0x80,
  0x80, 0x7f, 0x7f, 0x7f, 0x7f, 0x7f, 0x80, 0x80, 0x80, 0x80, 0x80, 0x80,
  0x80, 0x80, 0x80, 0x80, 0x7f, 0x7f, 0x7f, 0x80, 0x80, 0x7f, 0x80, 0x80,
  0x80, 0x80, 0x80, 0x80, 0x80, 0x80, 0x80, 0x7f, 0x80, 0x80, 0x80, 0x80,
  0x7f, 0x7f, 0x80, 0x80, 0x80, 0x80, 0x80, 0x80, 0x7f, 0x7f, 0x7f, 0x7f,
  0x7f, 0x7f, 0x7f, 0x7f, 0x7f, 0x7f, 0x80, 0x80, 0x80, 0x80, 0x80, 0x80,
  0x80, 0x80, 0x80, 0x80, 0x80, 0x80, 0x7f, 0x7f, 0x7f, 0x7f, 0x7f, 0x7f,
  0x7f, 0x80, 0x80, 0x7f, 0x7f, 0x7f, 0x7f, 0x7f, 0x80, 0x80, 0x80, 0x80,
  0x80, 0x80, 0x7f, 0x7f, 0x7f, 0x7f, 0x7f, 0x7f, 0x80, 0x80, 0x80, 0x80,
  0x80, 0x80, 0x80, 0x80, 0x80, 0x80, 0x80, 0x80, 0x80, 0x80, 0x7f, 0x7f,
  0x7f, 0x7f, 0x7f, 0x7f, 0x80, 0x80, 0x80, 0x7f, 0x7f, 0x7f, 0x7f, 0x7f,
  0x7f, 0x7f, 0x7f, 0x80, 0x80, 0x80, 0x80, 0x7f, 0x7f, 0x7f, 0x7f, 0x7f,
  0x80, 0x80, 0x80, 0x80, 0x80, 0x80, 0x80, 0x80, 0x80, 0x80, 0x80, 0x80,
  0x80, 0x80, 0x7f, 0x7f, 0x7f, 0x80, 0x7f, 0x7f, 0x7f, 0x80, 0x7f, 0x7f,
  0x7f, 0x7f, 0x7f, 0x7f, 0x7f, 0x7f, 0x80, 0x80, 0x80, 0x80, 0x80, 0x80,
  0x80, 0x7f, 0x7f, 0x7f, 0x7f, 0x7f, 0x7f, 0x7f, 0x80, 0x80, 0x80, 0x80,
  0x80, 0x80, 0x80, 0x80, 0x80, 0x7f, 0x7f, 0x7f, 0x7f, 0x7f, 0x7f, 0x7f,
  0x7f, 0x7f, 0x80, 0x7f, 0x7f, 0x7f, 0x7f, 0x7f, 0x80, 0x7f, 0x80, 0x80,
  0x80, 0x80, 0x80, 0x80, 0x80, 0x7f, 0x7f, 0x7f, 0x7f, 0x7f, 0x7f, 0x7f,
  0x80, 0x80, 0x80, 0x80, 0x80, 0x80, 0x80, 0x80, 0x80, 0x80, 0x80, 0x80,
  0x7f, 0x7f, 0x7f, 0x7f, 0x7f, 0x80, 0x7f, 0x7f, 0x7f, 0x7f, 0x7f, 0x7f,
  0x80, 0x7f, 0x80, 0x80, 0x80, 0x80, 0x80, 0x80, 0x80, 0x7f, 0x7f, 0x80,
  0x80, 0x80, 0x80, 0x80, 0x80, 0x7f, 0x80, 0x80, 0x80, 0x80, 0x80, 0x80,
  0x80, 0x80, 0x80, 0x80, 0x80, 0x80, 0x80, 0x7f, 0x7f, 0x80, 0x7f, 0x7f,
  0x7f, 0x7f, 0x80, 0x7f, 0x80, 0x7f, 0x7f, 0x80, 0x80, 0x80, 0x80, 0x80,
  0x7f, 0x7f, 0x7f, 0x80, 0x80, 0x80, 0x80, 0x80, 0x80, 0x7f, 0x80, 0x80,
  0x80, 0x80, 0x80, 0x80, 0x80, 0x80, 0x80, 0x80, 0x80, 0x80, 0x80, 0x7f,
  0x7f, 0x7f, 0x7f, 0x7f, 0x7f, 0x7f, 0x80, 0x7f, 0x7f, 0x7f, 0x7f, 0x7f,
  0x80, 0x80, 0x80, 0x7f, 0x7f, 0x7f, 0x7f, 0x80, 0x80, 0x80, 0x7f, 0x7f,
  0x80, 0x7f, 0x7f, 0x80, 0x80, 0x80, 0x80, 0x80, 0x80, 0x80, 0x80, 0x80,
  0x80, 0x80, 0x80, 0x80, 0x80, 0x80, 0x7f, 0x7f, 0x7f, 0x7f, 0x80, 0x7f,
  0x7f, 0x7f, 0x7f, 0x7f, 0x7f, 0x80, 0x80, 0x80, 0x7f, 0x80, 0x80, 0x80,
  0x80, 0x80, 0x80, 0x80, 0x80, 0x80, 0x80, 0x80, 0x80, 0x80, 0x80, 0x80,
  0x80, 0x80, 0x80, 0x80, 0x80, 0x80, 0x7f, 0x7f, 0x7f, 0x80, 0x7f, 0x7f,
  0x7f, 0x7f, 0x80, 0x7f, 0x7f, 0x7f, 0x7f, 0x7f, 0x7f, 0x80, 0x80, 0x80,
  0x80, 0x80, 0x80, 0x80, 0x80, 0x80, 0x80, 0x80, 0x80, 0x80, 0x80, 0x80,
  0x80, 0x80, 0x80, 0x80, 0x80, 0x80, 0x80, 0x80, 0x80, 0x80, 0x80, 0x7f,
  0x7f, 0x80, 0x7f, 0x7f, 0x7f, 0x7f, 0x80, 0x7f, 0x7f, 0x7f, 0x7f, 0x7f,
  0x7f, 0x80, 0x80, 0x80, 0x80, 0x80, 0x80, 0x80, 0x80, 0x80, 0x80, 0x80,
  0x80, 0x80, 0x80, 0x80, 0x80, 0x80, 0x80, 0x80, 0x80, 0x80, 0x80, 0x80,
  0x80, 0x80, 0x7f, 0x7f, 0x7f, 0x7f, 0x7f, 0x7f, 0x7f, 0x7f, 0x7f, 0x7f,
  0x7f, 0x7f, 0x7f, 0x7f, 0x7f, 0x80, 0x80, 0x80, 0x80, 0x80, 0x80, 0x80,
  0x80, 0x80, 0x80, 0x80, 0x80, 0x80, 0x80, 0x80, 0x80, 0x80, 0x80, 0x80,
  0x80, 0x80, 0x80, 0x80, 0x7f, 0x7f, 0x7f, 0x7f, 0x7f, 0x7f, 0x7f, 0x7f,
  0x7f, 0x7f, 0x7f, 0x7f, 0x7f, 0x7f, 0x7f, 0x7f, 0x7f, 0x80, 0x80, 0x80,
  0x7f, 0x7f, 0x7f, 0x7f, 0x80, 0x80, 0x80, 0x7f, 0x80, 0x7f, 0x80, 0x80,
  0x80, 0x80, 0x80, 0x80, 0x80, 0x80, 0x80, 0x80, 0x80, 0x80, 0x7f, 0x7f,
  0x80, 0x80, 0x7f, 0x7f, 0x7f, 0x7f, 0x7f, 0x7f, 0x7f, 0x7f, 0x7f, 0x7f,
  0x7f, 0x80, 0x80, 0x80, 0x80, 0x7f, 0x7f, 0x80, 0x80, 0x80, 0x80, 0x80,
  0x80, 0x80, 0x80, 0x80, 0x80, 0x80, 0x80, 0x80, 0x80, 0x80, 0x80, 0x80,
  0x80, 0x80, 0x7f, 0x7f, 0x80, 0x80, 0x7f, 0x80, 0x7f, 0x7f, 0x7f, 0x7f,
  0x7f, 0x7f, 0x7f, 0x7f, 0x7f, 0x80, 0x80, 0x80, 0x80, 0x7f, 0x7f, 0x80,
  0x80, 0x80, 0x80, 0x80, 0x80, 0x80, 0x80, 0x80, 0x80, 0x80, 0x80, 0x80,
  0x80, 0x80, 0x80, 0x80, 0x80, 0x80, 0x80, 0x7f, 0x7f, 0x80, 0x7f, 0x7f,
  0x7f, 0x7f, 0x7f, 0x7f, 0x7f, 0x7f, 0x7f, 0x7f, 0x7f, 0x80, 0x7f, 0x80,
  0x80, 0x7f, 0x80, 0x80, 0x80, 0x80, 0x80, 0x80, 0x80, 0x80, 0x80, 0x80,
  0x80, 0x80, 0x80, 0x80, 0x80, 0x80, 0x80, 0x80, 0x80, 0x80, 0x7f, 0x7f,
  0x7f, 0x7f, 0x7f, 0x7f, 0x7f, 0x7f, 0x7f, 0x7f, 0x7f, 0x7f, 0x7f, 0x7f,
  0x7f, 0x80, 0x80, 0x80, 0x80, 0x80, 0x80, 0x80, 0x80, 0x80, 0x80, 0x80,
  0x80, 0x80, 0x80, 0x80, 0x80, 0x80, 0x80, 0x80, 0x80, 0x80, 0x80, 0x80,
  0x80, 0x80, 0x7f, 0x7f, 0x7f, 0x7f, 0x7f, 0x7f, 0x7f, 0x7f, 0x7f, 0x7f,
  0x7f, 0x7f, 0x7f, 0x80, 0x80, 0x80, 0x80, 0x80, 0x80, 0x7f, 0x7f, 0x80,
  0x80, 0x80, 0x80, 0x80, 0x80, 0x7f, 0x7f, 0x80, 0x80, 0x80, 0x80, 0x80,
  0x80, 0x80, 0x80, 0x80, 0x80, 0x80, 0x80, 0x7f, 0x7f, 0x7f, 0x7f, 0x7f,
  0x7f, 0x7f, 0x7f, 0x7f, 0x7f, 0x7f, 0x7f, 0x80, 0x80, 0x80, 0x80, 0x80,
  0x80, 0x7f, 0x7f, 0x80, 0x80, 0x80, 0x80, 0x80, 0x80, 0x80, 0x80, 0x80,
  0x80, 0x80, 0x80, 0x80, 0x80, 0x80, 0x80, 0x80, 0x80, 0x80, 0x80, 0x7f,
  0x7f, 0x7f, 0x7f, 0x7f, 0x7f, 0x7f, 0x80, 0x7f, 0x80, 0x7f, 0x80, 0x7f,
  0x7f, 0x80, 0x80, 0x80, 0x80, 0x80, 0x80, 0x80, 0x80, 0x80, 0x80, 0x7f,
  0x80, 0x7f, 0x7f, 0x80, 0x80, 0x80, 0x80, 0x80, 0x80, 0x80, 0x80, 0x80,
  0x80, 0x80, 0x80, 0x7f, 0x7f, 0x80, 0x7f, 0x7f, 0x7f, 0x80, 0x80, 0x80,
  0x80, 0x80, 0x80, 0x80, 0x7f, 0x7f, 0x80, 0x80, 0x80, 0x80, 0x80, 0x80,
  0x80, 0x80, 0x80, 0x80, 0x80, 0x80, 0x80, 0x80, 0x80, 0x80, 0x80, 0x80,
  0x80, 0x80, 0x80, 0x80, 0x7f, 0x7f, 0x7f, 0x7f, 0x7f, 0x7f, 0x7f, 0x7f,
  0x7f, 0x7f, 0x7f, 0x7f, 0x80, 0x7f, 0x80, 0x80, 0x7f, 0x80, 0x7f, 0x7f,
  0x7f, 0x80, 0x7f, 0x80, 0x80, 0x80, 0x80, 0x80, 0x80, 0x80, 0x80, 0x80,
  0x80, 0x80, 0x80, 0x80, 0x80, 0x80, 0x7f, 0x80, 0x7f, 0x7f, 0x7f, 0x7f,
  0x7f, 0x7f, 0x7f, 0x7f, 0x7f, 0x7f, 0x7f, 0x7f, 0x7f, 0x7f, 0x7f, 0x80,
  0x80, 0x80, 0x80, 0x80, 0x80, 0x80, 0x80, 0x80, 0x80, 0x80, 0x80, 0x80,
  0x80, 0x80, 0x80, 0x80, 0x80, 0x80, 0x80, 0x80, 0x80, 0x80, 0x80, 0x80,
  0x7f, 0x7f, 0x7f, 0x7f, 0x7f, 0x7f, 0x7f, 0x7f, 0x7f, 0x7f, 0x7f, 0x7f,
  0x7f, 0x7f, 0x7f, 0x80, 0x80, 0x80, 0x80, 0x80, 0x80, 0x80, 0x80, 0x80,
  0x80, 0x80, 0x80, 0x80, 0x80, 0x80, 0x80, 0x80, 0x80, 0x80, 0x80, 0x80,
  0x80, 0x80, 0x80, 0x80, 0x7f, 0x7f, 0x7f, 0x7f, 0x7f, 0x7f, 0x7f, 0x7f,
  0x7f, 0x7f, 0x7f, 0x7f, 0x7f, 0x7f, 0x7f, 0x80, 0x80, 0x80, 0x80, 0x7f,
  0x80, 0x80, 0x7f, 0x80, 0x80, 0x80, 0x80, 0x80, 0x80, 0x80, 0x80, 0x80,
  0x80, 0x80, 0x80, 0x80, 0x80, 0x80, 0x80, 0x80, 0x7f, 0x7f, 0x7f, 0x7f,
  0x7f, 0x7f, 0x7f, 0x7f, 0x7f, 0x7f, 0x7f, 0x7f, 0x7f, 0x7f, 0x7f, 0x80,
  0x80, 0x80, 0x80, 0x7f, 0x7f, 0x80, 0x7f, 0x80, 0x80, 0x80, 0x80, 0x80,
  0x80, 0x80, 0x80, 0x80, 0x80, 0x80, 0x80, 0x80, 0x80, 0x80, 0x80, 0x80,
  0x80, 0x80, 0x7f, 0x7f, 0x7f, 0x80, 0x7f, 0x7f, 0x7f, 0x7f, 0x7f, 0x7f,
  0x7f, 0x7f, 0x7f, 0x80, 0x80, 0x80, 0x80, 0x7f, 0x7f, 0x7f, 0x7f, 0x80,
  0x80, 0x80, 0x80, 0x80, 0x80, 0x80, 0x80, 0x80, 0x80, 0x80, 0x80, 0x80,
  0x80, 0x80, 0x80, 0x80, 0x80, 0x80, 0x7f, 0x7f, 0x7f, 0x7f, 0x7f, 0x7f,
  0x7f, 0x7f, 0x7f, 0x7f, 0x7f, 0x7f, 0x7f, 0x80, 0x80, 0x80, 0x80, 0x7f,
  0x7f, 0x7f, 0x80, 0x80, 0x80, 0x80, 0x80, 0x80, 0x80, 0x80, 0x80, 0x80,
  0x80, 0x80, 0x80, 0x80, 0x80, 0x80, 0x80, 0x80, 0x80, 0x80, 0x7f, 0x7f,
  0x7f, 0x7f, 0x7f, 0x7f, 0x7f, 0x7f, 0x7f, 0x7f, 0x7f, 0x7f, 0x80, 0x80,
  0x80, 0x80, 0x80, 0x80, 0x7f, 0x80, 0x80, 0x80, 0x80, 0x80, 0x80, 0x80,
  0x80, 0x80, 0x80, 0x80, 0x80, 0x80, 0x80, 0x80, 0x80, 0x80, 0x80, 0x80,
  0x7f, 0x7f, 0x7f, 0x7f, 0x7f, 0x7f, 0x7f, 0x7f, 0x7f, 0x7f, 0x7f, 0x7f,
  0x7f, 0x7f, 0x80, 0x80, 0x80, 0x80, 0x80, 0x7f, 0x7f, 0x7f, 0x7f, 0x80,
  0x80, 0x80, 0x80, 0x80, 0x80, 0x80, 0x80, 0x80, 0x80, 0x80, 0x80, 0x80,
  0x80, 0x80, 0x80, 0x80, 0x7f, 0x7f, 0x7f, 0x7f, 0x7f, 0x7f, 0x7f, 0x7f,
  0x7f, 0x7f, 0x7f, 0x7f, 0x80, 0x7f, 0x7f, 0x80, 0x80, 0x80, 0x80, 0x80,
  0x80, 0x80, 0x80, 0x80, 0x80, 0x80, 0x80, 0x80, 0x80, 0x80, 0x80, 0x80,
  0x80, 0x80, 0x80, 0x80, 0x80, 0x80, 0x80, 0x80, 0x7f, 0x7f, 0x7f, 0x7f,
  0x7f, 0x7f, 0x7f, 0x7f, 0x7f, 0x7f, 0x7f, 0x7f, 0x80, 0x7f, 0x7f, 0x80,
  0x80, 0x80, 0x80, 0x80, 0x7f, 0x80, 0x80, 0x80, 0x80, 0x80, 0x80, 0x80,
  0x80, 0x80, 0x80, 0x80, 0x80, 0x80, 0x80, 0x80, 0x80, 0x80, 0x7f, 0x7f,
  0x7f, 0x7f, 0x7f, 0x7f, 0x7f, 0x80, 0x7f, 0x7f, 0x7f, 0x7f, 0x7f, 0x7f,
  0x7f, 0x7f, 0x7f, 0x80, 0x80, 0x80, 0x80, 0x80, 0x80, 0x7f, 0x80, 0x7f,
  0x80, 0x80, 0x7f, 0x7f, 0x80, 0x7f, 0x80, 0x80, 0x80, 0x80, 0x80, 0x80,
  0x80, 0x80, 0x80, 0x80, 0x80, 0x7f, 0x7f, 0x7f, 0x7f, 0x7f, 0x7f, 0x7f,
  0x7f, 0x7f, 0x7f, 0x7f, 0x7f, 0x7f, 0x7f, 0x80, 0x80, 0x80, 0x80, 0x80,
  0x80, 0x7f, 0x7f, 0x80, 0x80, 0x80, 0x80, 0x80, 0x80, 0x7f, 0x80, 0x80,
  0x80, 0x80, 0x80, 0x80, 0x80, 0x80, 0x80, 0x80, 0x80, 0x80, 0x80, 0x7f,
  0x7f, 0x80, 0x7f, 0x7f, 0x7f, 0x7f, 0x7f, 0x7f, 0x7f, 0x7f, 0x7f, 0x7f,
  0x80, 0x80, 0x80, 0x80, 0x80, 0x80, 0x80, 0x80, 0x80, 0x80, 0x80, 0x80,
  0x80, 0x80, 0x80, 0x80, 0x80, 0x80, 0x80, 0x80, 0x80, 0x80, 0x80, 0x80,
  0x80, 0x80, 0x80, 0x7f, 0x7f, 0x80, 0x7f, 0x7f, 0x7f, 0x7f, 0x7f, 0x7f,
  0x7f, 0x7f, 0x7f, 0x7f, 0x7f, 0x80, 0x80, 0x80, 0x80, 0x80, 0x7f, 0x7f,
  0x80, 0x80, 0x80, 0x80, 0x80, 0x80, 0x7f, 0x80, 0x80, 0x80, 0x80, 0x80,
  0x80, 0x80, 0x80, 0x80, 0x80, 0x80, 0x80, 0x7f, 0x80, 0x80, 0x7f, 0x80,
  0x7f, 0x7f, 0x7f, 0x7f, 0x7f, 0x7f, 0x7f, 0x7f, 0x7f, 0x80, 0x80, 0x80,
  0x80, 0x7f, 0x7f, 0x80, 0x80, 0x80, 0x80, 0x80, 0x80, 0x80, 0x80, 0x80,
  0x80, 0x80, 0x80, 0x80, 0x80, 0x80, 0x80, 0x80, 0x80, 0x80, 0x80, 0x7f,
  0x80, 0x80, 0x7f, 0x80, 0x7f, 0x7f, 0x7f, 0x7f, 0x7f, 0x7f, 0x7f, 0x7f,
  0x7f, 0x80, 0x80, 0x80, 0x80, 0x7f, 0x80, 0x80, 0x80, 0x80, 0x80, 0x80,
  0x80, 0x80, 0x80, 0x80, 0x80, 0x80, 0x80, 0x80, 0x80, 0x80, 0x80, 0x80,
  0x80, 0x80, 0x80, 0x7f, 0x7f, 0x80, 0x7f, 0x7f, 0x7f, 0x7f, 0x7f, 0x7f,
  0x7f, 0x7f, 0x7f, 0x7f, 0x7f, 0x7f, 0x80, 0x80, 0x80, 0x80, 0x80, 0x80,
  0x80, 0x80, 0x80, 0x80, 0x80, 0x80, 0x80, 0x80, 0x80, 0x80, 0x80, 0x80,
  0x80, 0x80, 0x80, 0x80, 0x80, 0x80, 0x80, 0x7f, 0x7f, 0x7f, 0x7f, 0x7f,
  0x7f, 0x7f, 0x7f, 0x7f, 0x7f, 0x7f, 0x7f, 0x7f, 0x7f, 0x7f, 0x80, 0x80,
  0x80, 0x80, 0x80, 0x80, 0x80, 0x80, 0x80, 0x80, 0x80, 0x80, 0x80, 0x80,
  0x80, 0x80, 0x80, 0x80, 0x80, 0x80, 0x80, 0x80, 0x80, 0x80, 0x80, 0x7f,
  0x7f, 0x7f, 0x7f, 0x7f, 0x7f, 0x7f, 0x7f, 0x80, 0x80, 0x80, 0x80, 0x80,
  0x7f, 0x7f, 0x80, 0x80, 0x80, 0x80, 0x7f, 0x80, 0x80, 0x80, 0x80, 0x80,
  0x80, 0x80, 0x80, 0x80, 0x80, 0x80, 0x80, 0x80, 0x80, 0x80, 0x7f, 0x7f,
  0x7f, 0x7f, 0x7f, 0x7f, 0x7f, 0x7f, 0x7f, 0x7f, 0x7f, 0x7f, 0x7f, 0x7f,
  0x7f, 0x7f, 0x80, 0x80, 0x7f, 0x7f, 0x7f, 0x7f, 0x7f, 0x7f, 0x7f, 0x7f,
  0x80, 0x80, 0x80, 0x80, 0x80, 0x80, 0x80, 0x80, 0x80, 0x80, 0x80, 0x80,
  0x80, 0x80, 0x7f, 0x7f, 0x7f, 0x7f, 0x7f, 0x7f, 0x7f, 0x7f, 0x7f, 0x7f,
  0x7f, 0x7f, 0x7f, 0x7f, 0x7f, 0x7f, 0x80, 0x80, 0x80, 0x80, 0x80, 0x80,
  0x7f, 0x7f, 0x7f, 0x80, 0x80, 0x80, 0x80, 0x80, 0x80, 0x80, 0x80, 0x80,
  0x80, 0x80, 0x80, 0x80, 0x80, 0x80, 0x7f, 0x80, 0x7f, 0x7f, 0x7f, 0x7f,
  0x7f, 0x7f, 0x7f, 0x7f, 0x7f, 0x7f, 0x7f, 0x7f, 0x7f, 0x7f, 0x80, 0x80,
  0x80, 0x80, 0x80, 0x80, 0x80, 0x7f, 0x80, 0x80, 0x80, 0x80, 0x80, 0x80,
  0x80, 0x80, 0x80, 0x80, 0x80, 0x80, 0x80, 0x80, 0x80, 0x80, 0x80, 0x80,
  0x7f, 0x7f, 0x7f, 0x7f, 0x7f, 0x7f, 0x7f, 0x7f, 0x7f, 0x7f, 0x7f, 0x7f,
  0x7f, 0x7f, 0x80, 0x80, 0x80, 0x80, 0x80, 0x80, 0x80, 0x80, 0x80, 0x80,
  0x80, 0x80, 0x80, 0x80, 0x80, 0x80, 0x80, 0x80, 0x80, 0x80, 0x80, 0x80,
  0x80, 0x80, 0x80, 0x80, 0x7f, 0x7f, 0x7f, 0x7f, 0x7f, 0x7f, 0x7f, 0x7f,
  0x7f, 0x7f, 0x7f, 0x7f, 0x7f, 0x7f, 0x80, 0x80, 0x80, 0x80, 0x80, 0x80,
  0x80, 0x80, 0x80, 0x80, 0x80, 0x80, 0x80, 0x80, 0x80, 0x80, 0x80, 0x80,
  0x80, 0x80, 0x80, 0x80, 0x80, 0x80, 0x80, 0x80, 0x7f, 0x7f, 0x7f, 0x7f,
  0x7f, 0x7f, 0x7f, 0x7f, 0x7f, 0x7f, 0x7f, 0x7f, 0x80, 0x7f, 0x80, 0x80,
  0x80, 0x80, 0x80, 0x80, 0x80, 0x80, 0x7f, 0x80, 0x80, 0x80, 0x80, 0x80,
  0x80, 0x80, 0x80, 0x80, 0x80, 0x80, 0x80, 0x80, 0x80, 0x80, 0x80, 0x80,
  0x7f, 0x7f, 0x7f, 0x7f, 0x7f, 0x7f, 0x7f, 0x7f, 0x7f, 0x7f, 0x7f, 0x7f,
  0x7f, 0x7f, 0x7f, 0x80, 0x80, 0x80, 0x80, 0x80, 0x7f, 0x7f, 0x7f, 0x80,
  0x80, 0x80, 0x80, 0x80, 0x80, 0x80, 0x80, 0x80, 0x80, 0x80, 0x80, 0x80,
  0x80, 0x80, 0x80, 0x80, 0x7f, 0x7f, 0x7f, 0x7f, 0x7f, 0x7f, 0x7f, 0x7f,
  0x7f, 0x7f, 0x7f, 0x7f, 0x7f, 0x7f, 0x7f, 0x7f, 0x80, 0x80, 0x80, 0x80,
  0x7f, 0x7f, 0x80, 0x80, 0x80, 0x80, 0x80, 0x80, 0x80, 0x80, 0x80, 0x80,
  0x80, 0x80, 0x80, 0x80, 0x80, 0x80, 0x80, 0x80, 0x80, 0x80, 0x7f, 0x7f,
  0x7f, 0x7f, 0x7f, 0x7f, 0x7f, 0x7f, 0x7f, 0x7f, 0x7f, 0x7f, 0x7f, 0x80,
  0x80, 0x80, 0x80, 0x80, 0x80, 0x80, 0x80, 0x80, 0x80, 0x80, 0x80, 0x80,
  0x80, 0x80, 0x80, 0x80, 0x80, 0x80, 0x80, 0x80, 0x80, 0x80, 0x80, 0x80,
  0x80, 0x80, 0x7f, 0x7f, 0x7f, 0x7f, 0x7f, 0x7f, 0x7f, 0x7f, 0x7f, 0x7f,
  0x7f, 0x7f, 0x7f, 0x80, 0x7f, 0x80, 0x80, 0x80, 0x80, 0x80, 0x80, 0x80,
  0x80, 0x80, 0x80, 0x80, 0x80, 0x80, 0x80, 0x80, 0x80, 0x80, 0x80, 0x80,
  0x80, 0x80, 0x80, 0x80, 0x80, 0x80, 0x7f, 0x7f, 0x7f, 0x7f, 0x7f, 0x7f,
  0x7f, 0x7f, 0x7f, 0x7f, 0x80, 0x7f, 0x7f, 0x80, 0x80, 0x80, 0x80, 0x80,
  0x80, 0x80, 0x80, 0x80, 0x80, 0x80, 0x80, 0x80, 0x80, 0x80, 0x80, 0x80,
  0x80, 0x80, 0x80, 0x80, 0x80, 0x80, 0x80, 0x80, 0x7f, 0x80, 0x7f, 0x7f,
  0x7f, 0x7f, 0x7f, 0x7f, 0x7f, 0x7f, 0x7f, 0x7f, 0x7f, 0x7f, 0x7f, 0x7f,
  0x7f, 0x7f, 0x7f, 0x7f, 0x7f, 0x7f, 0x7f, 0x7f, 0x80, 0x80, 0x7f, 0x7f,
  0x80, 0x80, 0x80, 0x80, 0x80, 0x80, 0x80, 0x80, 0x80, 0x80, 0x80, 0x80,
  0x80, 0x80, 0x7f, 0x7f, 0x7f, 0x7f, 0x7f, 0x80, 0x7f, 0x7f, 0x7f, 0x7f,
  0x7f, 0x7f, 0x7f, 0x7f, 0x7f, 0x80, 0x80, 0x80, 0x7f, 0x7f, 0x7f, 0x80,
  0x80, 0x80, 0x80, 0x80, 0x80, 0x80, 0x80, 0x80, 0x80, 0x80, 0x80, 0x80,
  0x80, 0x80, 0x80, 0x80, 0x80, 0x80, 0x80, 0x7f, 0x7f, 0x80, 0x7f, 0x7f,
  0x7f, 0x7f, 0x7f, 0x7f, 0x7f, 0x7f, 0x7f, 0x7f, 0x7f, 0x80, 0x80, 0x80,
  0x80, 0x80, 0x80, 0x80, 0x80, 0x80, 0x80, 0x80, 0x80, 0x80, 0x80, 0x80,
  0x80, 0x80, 0x80, 0x80, 0x80, 0x80, 0x80, 0x80, 0x80, 0x80, 0x80, 0x7f,
  0x80, 0x80, 0x7f, 0x7f, 0x7f, 0x7f, 0x7f, 0x7f, 0x7f, 0x7f, 0x7f, 0x7f,
  0x7f, 0x7f, 0x80, 0x80, 0x80, 0x80, 0x80, 0x80, 0x80, 0x80, 0x80, 0x80,
  0x80, 0x80, 0x80, 0x80, 0x80, 0x80, 0x80, 0x80, 0x80, 0x80, 0x80, 0x80,
  0x80, 0x80, 0x80, 0x7f, 0x7f, 0x80, 0x7f, 0x80, 0x7f, 0x7f, 0x7f, 0x7f,
  0x80, 0x7f, 0x7f, 0x80, 0x7f, 0x7f, 0x80, 0x80, 0x7f, 0x80, 0x7f, 0x80,
  0x80, 0x80, 0x80, 0x80, 0x80, 0x7f, 0x80, 0x80, 0x80, 0x80, 0x80, 0x80,
  0x80, 0x80, 0x80, 0x80, 0x80, 0x80, 0x7f, 0x7f, 0x7f, 0x7f, 0x7f, 0x7f,
  0x7f, 0x7f, 0x7f, 0x7f, 0x80, 0x7f, 0x80, 0x80, 0x7f, 0x80, 0x80, 0x80,
  0x80, 0x7f, 0x7f, 0x80, 0x80, 0x80, 0x80, 0x80, 0x80, 0x80, 0x80, 0x80,
  0x80, 0x80, 0x80, 0x80, 0x80, 0x80, 0x80, 0x80, 0x80, 0x80, 0x7f, 0x7f,
  0x7f, 0x7f, 0x7f, 0x7f, 0x7f, 0x7f, 0x7f, 0x7f, 0x80, 0x7f, 0x80, 0x80,
  0x7f, 0x80, 0x80, 0x80, 0x80, 0x80, 0x80, 0x80, 0x80, 0x80, 0x80, 0x80,
  0x80, 0x7f, 0x80, 0x80, 0x80, 0x80, 0x80, 0x80, 0x80, 0x80, 0x80, 0x80,
  0x80, 0x80, 0x7f, 0x7f, 0x7f, 0x7f, 0x7f, 0x7f, 0x7f, 0x7f, 0x7f, 0x7f,
  0x80, 0x7f, 0x80, 0x80, 0x7f, 0x80, 0x80, 0x80, 0x80, 0x80, 0x80, 0x80,
  0x80, 0x80, 0x80, 0x80, 0x80, 0x80, 0x80, 0x80, 0x80, 0x80, 0x80, 0x80,
  0x80, 0x80, 0x80, 0x80, 0x80, 0x80, 0x7f, 0x7f, 0x7f, 0x80, 0x7f, 0x80,
  0x7f, 0x7f, 0x7f, 0x7f, 0x7f, 0x7f, 0x7f, 0x80, 0x7f, 0x80, 0x80, 0x80,
  0x80, 0x80, 0x80, 0x80, 0x80, 0x80, 0x80, 0x80, 0x80, 0x80, 0x80, 0x80,
  0x80, 0x80, 0x80, 0x80, 0x80, 0x80, 0x80, 0x80, 0x80, 0x80, 0x7f, 0x7f,
  0x7f, 0x80, 0x7f, 0x7f, 0x7f, 0x7f, 0x7f, 0x7f, 0x7f, 0x7f, 0x7f, 0x80,
  0x7f, 0x80, 0x80, 0x80, 0x80, 0x7f, 0x80, 0x80, 0x80, 0x80, 0x80, 0x80,
  0x80, 0x80, 0x80, 0x80, 0x80, 0x80, 0x80, 0x80, 0x80, 0x80, 0x80, 0x80,
  0x80, 0x80, 0x7f, 0x7f, 0x7f, 0x80, 0x7f, 0x7f, 0x7f, 0x7f, 0x7f, 0x7f,
  0x80, 0x7f, 0x7f, 0x80, 0x7f, 0x80, 0x80, 0x80, 0x7f, 0x7f, 0x7f, 0x80,
  0x80, 0x80, 0x80, 0x80, 0x80, 0x80, 0x80, 0x80, 0x80, 0x80, 0x80, 0x80,
  0x80, 0x80, 0x80, 0x80, 0x80, 0x80, 0x7f, 0x7f, 0x7f, 0x7f, 0x7f, 0x7f,
  0x7f, 0x7f, 0x7f, 0x80, 0x80, 0x7f, 0x7f, 0x80, 0x7f, 0x80, 0x80, 0x80,
  0x80, 0x7f, 0x7f, 0x80, 0x80, 0x80, 0x80, 0x80, 0x80, 0x80, 0x80, 0x80,
  0x80, 0x80, 0x80, 0x80, 0x80, 0x80, 0x80, 0x80, 0x80, 0x80, 0x7f, 0x7f,
  0x7f, 0x7f, 0x7f, 0x7f, 0x7f, 0x7f, 0x80, 0x80, 0x80, 0x7f, 0x7f, 0x80,
  0x7f, 0x80, 0x80, 0x80, 0x80, 0x7f, 0x7f, 0x80, 0x80, 0x80, 0x80, 0x80,
  0x80, 0x80, 0x80, 0x80, 0x80, 0x80, 0x80, 0x80, 0x80, 0x80, 0x80, 0x80,
  0x80, 0x80, 0x7f, 0x7f, 0x7f, 0x7f, 0x7f, 0x7f, 0x7f, 0x7f, 0x7f, 0x7f,
  0x80, 0x7f, 0x7f, 0x7f, 0x7f, 0x80, 0x80, 0x7f, 0x7f, 0x7f, 0x7f, 0x80,
  0x80, 0x80, 0x80, 0x80, 0x80, 0x80, 0x80, 0x80, 0x80, 0x80, 0x80, 0x80,
  0x80, 0x80, 0x80, 0x80, 0x80, 0x80, 0x7f, 0x7f, 0x7f, 0x80, 0x7f, 0x7f,
  0x7f, 0x7f, 0x7f, 0x7f, 0x80, 0x7f, 0x7f, 0x80, 0x7f, 0x80, 0x80, 0x80,
  0x7f, 0x7f, 0x7f, 0x80, 0x80, 0x80, 0x80, 0x80, 0x80, 0x80, 0x80, 0x80,
  0x80, 0x80, 0x80, 0x80, 0x80, 0x80, 0x80, 0x80, 0x80, 0x80, 0x7f, 0x7f,
  0x7f, 0x7f, 0x7f, 0x7f, 0x7f, 0x7f, 0x7f, 0x7f, 0x7f, 0x7f, 0x80, 0x80,
  0x7f, 0x7f, 0x80, 0x80, 0x80, 0x80, 0x80, 0x80, 0x80, 0x80, 0x80, 0x80,
  0x80, 0x80, 0x80, 0x80, 0x80, 0x80, 0x80, 0x80, 0x80, 0x80, 0x80, 0x80,
  0x80, 0x80, 0x80, 0x7f, 0x7f, 0x7f, 0x7f, 0x7f, 0x7f, 0x7f, 0x7f, 0x80,
  0x80, 0x80, 0x80, 0x80, 0x7f, 0x7f, 0x7f, 0x80, 0x80, 0x80, 0x80, 0x80,
  0x80, 0x80, 0x80, 0x80, 0x80, 0x80, 0x80, 0x80, 0x80, 0x80, 0x80, 0x80,
  0x80, 0x80, 0x7f, 0x7f, 0x7f, 0x7f, 0x7f, 0x7f, 0x7f, 0x7f, 0x7f, 0x7f,
  0x7f, 0x7f, 0x7f, 0x7f, 0x80, 0x7f, 0x80, 0x80, 0x80, 0x7f, 0x7f, 0x80,
  0x7f, 0x80, 0x7f, 0x80, 0x80, 0x80, 0x80, 0x80, 0x80, 0x80, 0x80, 0x80,
  0x80, 0x80, 0x80, 0x80, 0x80, 0x80, 0x7f, 0x7f, 0x7f, 0x7f, 0x7f, 0x7f,
  0x7f, 0x7f, 0x7f, 0x7f, 0x7f, 0x7f, 0x7f, 0x7f, 0x7f, 0x7f, 0x7f, 0x80,
  0x80, 0x80, 0x80, 0x80, 0x7f, 0x80, 0x80, 0x80, 0x80, 0x80, 0x80, 0x80,
  0x80, 0x80, 0x80, 0x80, 0x80, 0x80, 0x80, 0x80, 0x80, 0x80, 0x7f, 0x7f,
  0x7f, 0x7f, 0x7f, 0x7f, 0x7f, 0x7f, 0x7f, 0x7f, 0x7f, 0x7f, 0x7f, 0x7f,
  0x7f, 0x7f, 0x7f, 0x80, 0x80, 0x80, 0x7f, 0x80, 0x80, 0x80, 0x80, 0x80,
  0x80, 0x80, 0x80, 0x80, 0x80, 0x80, 0x80, 0x80, 0x80, 0x80, 0x80, 0x80,
  0x80, 0x80, 0x7f, 0x80, 0x7f, 0x7f, 0x7f, 0x7f, 0x7f, 0x7f, 0x7f, 0x7f,
  0x7f, 0x7f, 0x7f, 0x7f, 0x7f, 0x7f, 0x80, 0x80, 0x80, 0x80, 0x80, 0x7f,
  0x80, 0x7f, 0x80, 0x80, 0x80, 0x80, 0x80, 0x7f, 0x80, 0x80, 0x80, 0x80,
  0x80, 0x80, 0x80, 0x80, 0x80, 0x80, 0x80, 0x80, 0x80, 0x80, 0x7f, 0x7f,
  0x7f, 0x7f, 0x7f, 0x7f, 0x7f, 0x7f, 0x7f, 0x7f, 0x7f, 0x7f, 0x7f, 0x80,
  0x80, 0x80, 0x80, 0x80, 0x80, 0x7f, 0x80, 0x80, 0x80, 0x80, 0x80, 0x80,
  0x80, 0x7f, 0x80, 0x80, 0x80, 0x80, 0x80, 0x80, 0x80, 0x80, 0x80, 0x80,
  0x80, 0x80, 0x7f, 0x7f, 0x7f, 0x80, 0x7f, 0x7f, 0x7f, 0x7f, 0x7f, 0x7f,
  0x80, 0x7f, 0x7f, 0x80, 0x80, 0x80, 0x80, 0x80, 0x80, 0x7f, 0x7f, 0x80,
  0x80, 0x80, 0x80, 0x80, 0x80, 0x80, 0x80, 0x80, 0x80, 0x80, 0x80, 0x80,
  0x80, 0x80, 0x80, 0x80, 0x80, 0x80, 0x7f, 0x7f, 0x7f, 0x7f, 0x7f, 0x7f,
  0x7f, 0x7f, 0x7f, 0x7f, 0x7f, 0x7f, 0x7f, 0x7f, 0x80, 0x80, 0x80, 0x7f,
  0x7f, 0x7f, 0x7f, 0x80, 0x80, 0x80, 0x80, 0x80, 0x80, 0x80, 0x80, 0x80,
  0x80, 0x80, 0x80, 0x80, 0x80, 0x80, 0x80, 0x80, 0x80, 0x80, 0x7f, 0x7f,
  0x7f, 0x7f, 0x7f, 0x7f, 0x7f, 0x7f, 0x7f, 0x7f, 0x7f, 0x7f, 0x7f, 0x7f,
  0x7f, 0x80, 0x80, 0x80, 0x7f, 0x7f, 0x80, 0x80, 0x80, 0x80, 0x80, 0x80,
  0x80, 0x80, 0x80, 0x80, 0x80, 0x80, 0x80, 0x80, 0x80, 0x80, 0x80, 0x80,
  0x80, 0x80, 0x7f, 0x7f, 0x7f, 0x80, 0x7f, 0x7f, 0x7f, 0x7f, 0x7f, 0x7f,
  0x7f, 0x7f, 0x7f, 0x7f, 0x7f, 0x80, 0x80, 0x7f, 0x7f, 0x80, 0x7f, 0x80,
  0x80, 0x80, 0x80, 0x80, 0x80, 0x80, 0x80, 0x80, 0x80, 0x80, 0x80, 0x80,
  0x80, 0x80, 0x80, 0x80, 0x80, 0x80, 0x7f, 0x7f, 0x7f, 0x7f, 0x7f, 0x7f,
  0x7f, 0x7f, 0x7f, 0x7f, 0x7f, 0x7f, 0x7f, 0x7f, 0x7f, 0x7f, 0x80, 0x80,
  0x80, 0x80, 0x80, 0x80, 0x80, 0x80, 0x80, 0x80, 0x80, 0x80, 0x80, 0x80,
  0x80, 0x80, 0x80, 0x80, 0x80, 0x80, 0x80, 0x80, 0x80, 0x80, 0x7f, 0x7f,
  0x7f, 0x7f, 0x7f, 0x7f, 0x7f, 0x7f, 0x7f, 0x7f, 0x7f, 0x7f, 0x7f, 0x7f,
  0x7f, 0x7f, 0x80, 0x80, 0x80, 0x80, 0x80, 0x80, 0x80, 0x80, 0x80, 0x80,
  0x80, 0x80, 0x80, 0x80, 0x80, 0x80, 0x80, 0x80, 0x80, 0x80, 0x80, 0x80,
  0x80, 0x80, 0x7f, 0x7f, 0x7f, 0x7f, 0x7f, 0x7f, 0x7f, 0x7f, 0x7f, 0x7f,
  0x7f, 0x7f, 0x7f, 0x7f, 0x7f, 0x7f, 0x7f, 0x80, 0x80, 0x80, 0x7f, 0x80,
  0x80, 0x80, 0x80, 0x80, 0x80, 0x80, 0x80, 0x80, 0x80, 0x80, 0x80, 0x80,
  0x80, 0x80, 0x80, 0x80, 0x7f, 0x80, 0x7f, 0x7f, 0x7f, 0x7f, 0x7f, 0x7f,
  0x7f, 0x7f, 0x7f, 0x7f, 0x7f, 0x7f, 0x7f, 0x7f, 0x7f, 0x7f, 0x7f, 0x80,
  0x80, 0x80, 0x80, 0x80, 0x80, 0x80, 0x80, 0x80, 0x80, 0x80, 0x80, 0x80,
  0x80, 0x80, 0x80, 0x80, 0x80, 0x80, 0x80, 0x80, 0x80, 0x80, 0x7f, 0x7f,
  0x7f, 0x80, 0x7f, 0x7f, 0x7f, 0x7f, 0x7f, 0x7f, 0x7f, 0x7f, 0x7f, 0x80,
  0x80, 0x80, 0x80, 0x80, 0x80, 0x7f, 0x7f, 0x80, 0x80, 0x80, 0x80, 0x80,
  0x80, 0x80, 0x80, 0x80, 0x80, 0x80, 0x80, 0x80, 0x80, 0x80, 0x80, 0x80,
  0x80, 0x7f, 0x7f, 0x7f, 0x7f, 0x80, 0x7f, 0x7f, 0x7f, 0x7f, 0x7f, 0x7f,
  0x7f, 0x7f, 0x7f, 0x80, 0x80, 0x80, 0x80, 0x80, 0x80, 0x7f, 0x7f, 0x80,
  0x80, 0x80, 0x80, 0x80, 0x80, 0x80, 0x80, 0x80, 0x80, 0x80, 0x80, 0x80,
  0x80, 0x80, 0x80, 0x80, 0x80, 0x80, 0x7f, 0x7f, 0x7f, 0x7f, 0x7f, 0x7f,
  0x7f, 0x7f, 0x7f, 0x7f, 0x7f, 0x7f, 0x7f, 0x80, 0x80, 0x80, 0x80, 0x80,
  0x80, 0x7f, 0x7f, 0x80, 0x80, 0x80, 0x80, 0x80, 0x80, 0x80, 0x80, 0x80,
  0x80, 0x80, 0x80, 0x80, 0x80, 0x80, 0x80, 0x80, 0x80, 0x80, 0x7f, 0x7f,
  0x7f, 0x80, 0x7f, 0x7f, 0x7f, 0x7f, 0x7f, 0x7f, 0x7f, 0x7f, 0x7f, 0x7f,
  0x7f, 0x80, 0x80, 0x7f, 0x7f, 0x7f, 0x7f, 0x80, 0x80, 0x80, 0x80, 0x80,
  0x80, 0x80, 0x80, 0x80, 0x80, 0x80, 0x80, 0x80, 0x80, 0x80, 0x80, 0x80,
  0x80, 0x80, 0x7f, 0x7f, 0x7f, 0x80, 0x7f, 0x7f, 0x7f, 0x7f, 0x7f, 0x7f,
  0x7f, 0x7f, 0x7f, 0x80, 0x7f, 0x80, 0x80, 0x80, 0x7f, 0x7f, 0x7f, 0x80,
  0x80, 0x80, 0x80, 0x80, 0x80, 0x80, 0x80, 0x80, 0x80, 0x80, 0x80, 0x80,
  0x80, 0x80, 0x80, 0x80, 0x80, 0x80, 0x7f, 0x7f, 0x7f, 0x7f, 0x7f, 0x7f,
  0x7f, 0x7f, 0x7f, 0x7f, 0x7f, 0x7f, 0x7f, 0x7f, 0x7f, 0x80, 0x80, 0x7f,
  0x7f, 0x7f, 0x7f, 0x80, 0x80, 0x80, 0x80, 0x80, 0x80, 0x80, 0x80, 0x80,
  0x80, 0x80, 0x80, 0x80, 0x80, 0x80, 0x80, 0x80, 0x80, 0x80, 0x7f, 0x7f,
  0x7f, 0x7f, 0x7f, 0x7f, 0x7f, 0x7f, 0x7f, 0x7f, 0x7f, 0x7f, 0x7f, 0x7f,
  0x7f, 0x7f, 0x7f, 0x7f, 0x7f, 0x80, 0x80, 0x80, 0x80, 0x80, 0x80, 0x80,
  0x80, 0x80, 0x80, 0x80, 0x80, 0x80, 0x80, 0x80, 0x80, 0x80, 0x80, 0x80,
  0x7f, 0x80, 0x7f, 0x7f, 0x7f, 0x7f, 0x7f, 0x7f, 0x7f, 0x7f, 0x7f, 0x7f,
  0x7f, 0x7f, 0x7f, 0x7f, 0x7f, 0x80, 0x80, 0x80, 0x80, 0x7f, 0x7f, 0x80,
  0x80, 0x80, 0x80, 0x80, 0x80, 0x80, 0x80, 0x80, 0x80, 0x80, 0x80, 0x80,
  0x80, 0x80, 0x80, 0x80, 0x7f, 0x7f, 0x7f, 0x7f, 0x7f, 0x7f, 0x7f, 0x7f,
  0x7f, 0x7f, 0x7f, 0x7f, 0x7f, 0x7f, 0x7f, 0x7f, 0x7f, 0x80, 0x80, 0x80,
  0x80, 0x7f, 0x7f, 0x80, 0x80, 0x80, 0x80, 0x80, 0x80, 0x80, 0x80, 0x80,
  0x80, 0x80, 0x80, 0x80, 0x80, 0x80, 0x80, 0x80, 0x7f, 0x7f, 0x7f, 0x7f,
  0x7f, 0x7f, 0x7f, 0x7f, 0x7f, 0x7f, 0x7f, 0x7f, 0x7f, 0x7f, 0x7f, 0x80,
  0x80, 0x80, 0x80, 0x80, 0x80, 0x80, 0x7f, 0x80, 0x80, 0x80, 0x80, 0x80,
  0x80, 0x80, 0x80, 0x80, 0x80, 0x80, 0x80, 0x80, 0x80, 0x80, 0x80, 0x80,
  0x7f, 0x80, 0x7f, 0x7f, 0x7f, 0x7f, 0x7f, 0x7f, 0x7f, 0x7f, 0x7f, 0x7f,
  0x7f, 0x7f, 0x7f, 0x80, 0x7f, 0x80, 0x80, 0x80, 0x80, 0x80, 0x80, 0x80,
  0x80, 0x80, 0x80, 0x80, 0x80, 0x80, 0x80, 0x80, 0x80, 0x80, 0x80, 0x80,
  0x80, 0x80, 0x80, 0x80, 0x7f, 0x7f, 0x7f, 0x7f, 0x7f, 0x7f, 0x7f, 0x7f,
  0x7f, 0x7f, 0x7f, 0x7f, 0x80, 0x7f, 0x80, 0x80, 0x80, 0x80, 0x7f, 0x80,
  0x80, 0x80, 0x80, 0x80, 0x80, 0x80, 0x80, 0x80, 0x80, 0x80, 0x80, 0x80,
  0x80, 0x80, 0x80, 0x80, 0x80, 0x80, 0x80, 0x80, 0x7f, 0x7f, 0x7f, 0x7f,
  0x7f, 0x7f, 0x7f, 0x7f, 0x7f, 0x7f, 0x7f, 0x7f, 0x80, 0x7f, 0x7f, 0x80,
  0x80, 0x80, 0x80, 0x7f, 0x7f, 0x7f, 0x7f, 0x80, 0x80, 0x80, 0x80, 0x80,
  0x80, 0x80, 0x80, 0x80, 0x80, 0x80, 0x80, 0x80, 0x80, 0x80, 0x80, 0x80,
  0x80, 0x7f, 0x7f, 0x7f, 0x7f, 0x7f, 0x7f, 0x7f, 0x7f, 0x7f, 0x7f, 0x7f,
  0x7f, 0x7f, 0x7f, 0x7f, 0x80, 0x80, 0x7f, 0x7f, 0x7f, 0x7f, 0x7f, 0x7f,
  0x80, 0x80, 0x80, 0x80, 0x80, 0x80, 0x80, 0x80, 0x80, 0x80, 0x80, 0x80,
  0x80, 0x80, 0x80, 0x80, 0x80, 0x80, 0x7f, 0x7f, 0x7f, 0x80, 0x7f, 0x80,
  0x7f, 0x7f, 0x7f, 0x7f, 0x7f, 0x7f, 0x7f, 0x7f, 0x80, 0x80, 0x7f, 0x7f,
  0x7f, 0x7f, 0x7f, 0x7f, 0x80, 0x80, 0x80, 0x80, 0x80, 0x7f, 0x7f, 0x80,
  0x80, 0x80, 0x80, 0x80, 0x80, 0x80, 0x80, 0x80, 0x80, 0x80, 0x80, 0x7f,
  0x7f, 0x80, 0x7f, 0x80, 0x80, 0x7f, 0x7f, 0x7f, 0x7f, 0x7f, 0x7f, 0x7f,
  0x7f, 0x80, 0x80, 0x7f, 0x7f, 0x7f, 0x7f, 0x7f, 0x80, 0x80, 0x80, 0x80,
  0x80, 0x7f, 0x7f, 0x80, 0x80, 0x80, 0x80, 0x80, 0x80, 0x80, 0x80, 0x80,
  0x80, 0x80, 0x80, 0x7f, 0x7f, 0x80, 0x7f, 0x7f, 0x7f, 0x7f, 0x7f, 0x7f,
  0x7f, 0x7f, 0x7f, 0x7f, 0x7f, 0x80, 0x80, 0x80, 0x80, 0x7f, 0x7f, 0x80,
  0x80, 0x80, 0x80, 0x80, 0x80, 0x80, 0x80, 0x80, 0x80, 0x80, 0x80, 0x80,
  0x80, 0x80, 0x80, 0x80, 0x80, 0x80, 0x80, 0x7f, 0x7f, 0x7f, 0x7f, 0x7f,
  0x7f, 0x7f, 0x7f, 0x7f, 0x7f, 0x7f, 0x7f, 0x7f, 0x7f, 0x7f, 0x80, 0x7f,
  0x80, 0x80, 0x80, 0x80, 0x80, 0x80, 0x80, 0x80, 0x80, 0x80, 0x80, 0x80,
  0x80, 0x80, 0x80, 0x80, 0x80, 0x80, 0x80, 0x80, 0x80, 0x80, 0x80, 0x7f,
  0x7f, 0x7f, 0x7f, 0x7f, 0x7f, 0x7f, 0x80, 0x80, 0x80, 0x80, 0x80, 0x80,
  0x7f, 0x7f, 0x80, 0x7f, 0x80, 0x7f, 0x80, 0x80, 0x80, 0x80, 0x80, 0x80,
  0x80, 0x80, 0x80, 0x80, 0x80, 0x80, 0x80, 0x80, 0x80, 0x80, 0x7f, 0x7f,
  0x7f, 0x7f, 0x7f, 0x7f, 0x7f, 0x7f, 0x7f, 0x7f, 0x7f, 0x7f, 0x7f, 0x7f,
  0x80, 0x80, 0x80, 0x80, 0x80, 0x80, 0x7f, 0x7f, 0x7f, 0x80, 0x7f, 0x7f,
  0x80, 0x80, 0x80, 0x80, 0x80, 0x80, 0x80, 0x80, 0x80, 0x80, 0x80, 0x80,
  0x80, 0x80, 0x7f, 0x7f, 0x7f, 0x7f, 0x7f, 0x7f, 0x7f, 0x7f, 0x7f, 0x7f,
  0x7f, 0x7f, 0x7f, 0x7f, 0x7f, 0x7f, 0x80, 0x80, 0x80, 0x80, 0x80, 0x7f,
  0x7f, 0x80, 0x7f, 0x7f, 0x80, 0x80, 0x80, 0x80, 0x80, 0x80, 0x80, 0x80,
  0x80, 0x80, 0x80, 0x80, 0x80, 0x7f, 0x7f, 0x7f, 0x7f, 0x7f, 0x7f, 0x7f,
  0x7f, 0x80, 0x7f, 0x7f, 0x7f, 0x7f, 0x7f, 0x7f, 0x7f, 0x7f, 0x80, 0x80,
  0x80, 0x80, 0x80, 0x80, 0x7f, 0x80, 0x80, 0x80, 0x80, 0x80, 0x80, 0x80,
  0x80, 0x80, 0x80, 0x80, 0x80, 0x80, 0x80, 0x80, 0x80, 0x7f, 0x7f, 0x7f,
  0x7f, 0x7f, 0x7f, 0x7f, 0x7f, 0x80, 0x7f, 0x7f, 0x7f, 0x7f, 0x7f, 0x7f,
  0x7f, 0x7f, 0x80, 0x80, 0x80, 0x80, 0x80, 0x7f, 0x7f, 0x7f, 0x7f, 0x7f,
  0x80, 0x80, 0x7f, 0x7f, 0x7f, 0x7f, 0x80, 0x80, 0x80, 0x80, 0x80, 0x80,
  0x80, 0x80, 0x80, 0x80, 0x7f, 0x7f, 0x7f, 0x7f, 0x7f, 0x7f, 0x7f, 0x7f,
  0x7f, 0x7f, 0x7f, 0x7f, 0x7f, 0x7f, 0x7f, 0x80, 0x80, 0x80, 0x80, 0x80,
  0x7f, 0x7f, 0x7f, 0x80, 0x80, 0x80, 0x80, 0x80, 0x7f, 0x7f, 0x7f, 0x80,
  0x80, 0x80, 0x80, 0x80, 0x80, 0x80, 0x80, 0x80, 0x80, 0x80, 0x7f, 0x7f,
  0x7f, 0x7f, 0x7f, 0x7f, 0x7f, 0x7f, 0x7f, 0x7f, 0x80, 0x7f, 0x7f, 0x80,
  0x80, 0x80, 0x80, 0x80, 0x7f, 0x7f, 0x7f, 0x80, 0x80, 0x80, 0x80, 0x80,
  0x80, 0x7f, 0x80, 0x80, 0x80, 0x80, 0x80, 0x80, 0x80, 0x80, 0x80, 0x80,
  0x80, 0x80, 0x7f, 0x7f, 0x7f, 0x80, 0x7f, 0x7f, 0x7f, 0x7f, 0x7f, 0x7f,
  0x80, 0x7f, 0x7f, 0x7f, 0x7f, 0x80, 0x80, 0x7f, 0x7f, 0x7f, 0x7f, 0x80,
  0x80, 0x7f, 0x80, 0x7f, 0x80, 0x7f, 0x80, 0x80, 0x80, 0x80, 0x80, 0x80,
  0x80, 0x80, 0x80, 0x80, 0x80, 0x80, 0x7f, 0x7f, 0x7f, 0x80, 0x7f, 0x7f,
  0x7f, 0x7f, 0x7f, 0x7f, 0x7f, 0x7f, 0x7f, 0x7f, 0x7f, 0x80, 0x80, 0x80,
  0x7f, 0x7f, 0x80, 0x80, 0x80, 0x80, 0x80, 0x80, 0x80, 0x7f, 0x80, 0x80,
  0x80, 0x80, 0x80, 0x80, 0x80, 0x80, 0x80, 0x80, 0x80, 0x80, 0x7f, 0x7f,
  0x80, 0x80, 0x7f, 0x7f, 0x7f, 0x7f, 0x7f, 0x7f, 0x7f, 0x7f, 0x7f, 0x7f,
  0x80, 0x80, 0x80, 0x80, 0x7f, 0x80, 0x80, 0x80, 0x80, 0x80, 0x80, 0x80,
  0x80, 0x80, 0x80, 0x80, 0x80, 0x80, 0x80, 0x80, 0x80, 0x80, 0x80, 0x80,
  0x80, 0x80, 0x7f, 0x7f, 0x80, 0x80, 0x7f, 0x7f, 0x7f, 0x7f, 0x7f, 0x7f,
  0x7f, 0x7f, 0x7f, 0x7f, 0x7f, 0x80, 0x80, 0x80, 0x80, 0x80, 0x80, 0x80,
  0x80, 0x80, 0x80, 0x80, 0x80, 0x80, 0x80, 0x80, 0x80, 0x80, 0x80, 0x80,
  0x80, 0x80, 0x80, 0x80, 0x80, 0x80, 0x7f, 0x7f, 0x7f, 0x7f, 0x7f, 0x7f,
  0x7f, 0x7f, 0x7f, 0x7f, 0x7f, 0x7f, 0x7f, 0x7f, 0x7f, 0x80, 0x7f, 0x80,
  0x80, 0x80, 0x80, 0x80, 0x80, 0x80, 0x80, 0x80, 0x80, 0x80, 0x80, 0x80,
  0x80, 0x80, 0x80, 0x80, 0x80, 0x80, 0x80, 0x80, 0x7f, 0x7f, 0x7f, 0x7f,
  0x7f, 0x7f, 0x7f, 0x7f, 0x7f, 0x7f, 0x7f, 0x7f, 0x7f, 0x7f, 0x7f, 0x7f,
  0x7f, 0x80, 0x80, 0x80, 0x80, 0x80, 0x80, 0x7f, 0x80, 0x80, 0x80, 0x7f,
  0x80, 0x80, 0x7f, 0x80, 0x80, 0x80, 0x80, 0x80, 0x80, 0x80, 0x80, 0x80,
  0x80, 0x80, 0x80, 0x80, 0x80, 0x80, 0x80, 0x80, 0x7f, 0x7f, 0x7f, 0x7f,
  0x7f, 0x7f, 0x7f, 0x7f, 0x7f, 0x80, 0x80, 0x80, 0x80, 0x7f, 0x7f, 0x80,
  0x80, 0x80, 0x80, 0x80, 0x80, 0x80, 0x7f, 0x80, 0x80, 0x80, 0x80, 0x80,
  0x80, 0x80, 0x80, 0x80, 0x80, 0x80, 0x80, 0x7f, 0x7f, 0x80, 0x7f, 0x80,
  0x80, 0x80, 0x80, 0x7f, 0x7f, 0x7f, 0x7f, 0x7f, 0x80, 0x80, 0x80, 0x80,
  0x80, 0x80, 0x7f, 0x80, 0x80, 0x80, 0x80, 0x80, 0x80, 0x80, 0x7f, 0x80,
  0x80, 0x80, 0x80, 0x80, 0x80, 0x80, 0x80, 0x80, 0x80, 0x80, 0x80, 0x80,
  0x80, 0x80, 0x7f, 0x80, 0x80, 0x80, 0x80, 0x7f, 0x80, 0x7f, 0x7f, 0x80,
  0x80, 0x80, 0x80, 0x80, 0x80, 0x80, 0x80, 0x80, 0x80, 0x80, 0x80, 0x80,
  0x80, 0x80, 0x7f, 0x80, 0x80, 0x80, 0x80, 0x80, 0x80, 0x80, 0x80, 0x80,
  0x80, 0x80, 0x80, 0x7f, 0x7f, 0x80, 0x7f, 0x80, 0x80, 0x7f, 0x80, 0x80,
  0x80, 0x7f, 0x7f, 0x7f, 0x7f, 0x7f, 0x7f, 0x7f, 0x7f, 0x7f, 0x7f, 0x80,
  0x80, 0x80, 0x80, 0x80, 0x80, 0x80, 0x80, 0x80, 0x80, 0x80, 0x80, 0x80,
  0x80, 0x80, 0x80, 0x80, 0x80, 0x80, 0x7f, 0x7f, 0x7f, 0x7f, 0x7f, 0x7f,
  0x7f, 0x7f, 0x7f, 0x7f, 0x7f, 0x7f, 0x7f, 0x7f, 0x7f, 0x7f, 0x7f, 0x7f,
  0x7f, 0x7f, 0x7f, 0x7f, 0x80, 0x80, 0x80, 0x80, 0x80, 0x80, 0x80, 0x80,
  0x80, 0x80, 0x80, 0x80, 0x80, 0x80, 0x80, 0x80, 0x7f, 0x80, 0x7f, 0x7f,
  0x7f, 0x7f, 0x7f, 0x7f, 0x7f, 0x7f, 0x7f, 0x7f, 0x7f, 0x7f, 0x7f, 0x7f,
  0x7f, 0x80, 0x80, 0x80, 0x7f, 0x7f, 0x7f, 0x80, 0x80, 0x80, 0x80, 0x80,
  0x80, 0x80, 0x80, 0x80, 0x80, 0x80, 0x80, 0x80, 0x80, 0x80, 0x80, 0x80,
  0x7f, 0x7f, 0x7f, 0x7f, 0x7f, 0x7f, 0x7f, 0x7f, 0x7f, 0x7f, 0x7f, 0x7f,
  0x7f, 0x7f, 0x7f, 0x7f, 0x7f, 0x80, 0x80, 0x80, 0x80, 0x80, 0x80, 0x80,
  0x80, 0x80, 0x80, 0x80, 0x80, 0x80, 0x80, 0x80, 0x80, 0x80, 0x80, 0x80,
  0x80, 0x80, 0x80, 0x80, 0x80, 0x7f, 0x7f, 0x7f, 0x7f, 0x7f, 0x7f, 0x7f,
  0x7f, 0x7f, 0x7f, 0x7f, 0x80, 0x80, 0x80, 0x80, 0x80, 0x80, 0x80, 0x80,
  0x7f, 0x80, 0x80, 0x80, 0x80, 0x80, 0x80, 0x80, 0x80, 0x80, 0x80, 0x80,
  0x80, 0x80, 0x80, 0x80, 0x80, 0x80, 0x7f, 0x7f, 0x7f, 0x7f, 0x7f, 0x7f,
  0x7f, 0x7f, 0x7f, 0x7f, 0x7f, 0x7f, 0x7f, 0x7f, 0x80, 0x7f, 0x80, 0x80,
  0x80, 0x80, 0x80, 0x80, 0x7f, 0x80, 0x7f, 0x80, 0x80, 0x80, 0x80, 0x80,
  0x80, 0x80, 0x80, 0x80, 0x80, 0x80, 0x80, 0x80, 0x80, 0x80, 0x7f, 0x7f,
  0x7f, 0x7f, 0x7f, 0x7f, 0x7f, 0x7f, 0x7f, 0x7f, 0x7f, 0x7f, 0x7f, 0x7f,
  0x7f, 0x7f, 0x80, 0x80, 0x80, 0x80, 0x80, 0x7f, 0x80, 0x7f, 0x7f, 0x80,
  0x80, 0x80, 0x80, 0x80, 0x80, 0x80, 0x80, 0x80, 0x80, 0x80, 0x80, 0x80,
  0x80, 0x80, 0x7f, 0x80, 0x7f, 0x7f, 0x7f, 0x7f, 0x7f, 0x80, 0x7f, 0x7f,
  0x7f, 0x7f, 0x7f, 0x7f, 0x7f, 0x7f, 0x7f, 0x80, 0x80, 0x80, 0x80, 0x7f,
  0x7f, 0x80, 0x80, 0x80, 0x80, 0x80, 0x80, 0x80, 0x80, 0x80, 0x80, 0x80,
  0x80, 0x80, 0x80, 0x80, 0x80, 0x7f, 0x7f, 0x7f, 0x7f, 0x7f, 0x7f, 0x7f,
  0x7f, 0x80, 0x7f, 0x7f, 0x7f, 0x7f, 0x7f, 0x7f, 0x7f, 0x7f, 0x7f, 0x7f,
  0x80, 0x80, 0x80, 0x7f, 0x80, 0x80, 0x80, 0x7f, 0x80, 0x80, 0x7f, 0x7f,
  0x7f, 0x80, 0x80, 0x80, 0x80, 0x80, 0x80, 0x80, 0x80, 0x80, 0x80, 0x80,
  0x80, 0x7f, 0x7f, 0x7f, 0x7f, 0x7f, 0x7f, 0x7f, 0x7f, 0x7f, 0x7f, 0x7f,
  0x7f, 0x7f, 0x7f, 0x7f, 0x80, 0x80, 0x80, 0x80, 0x80, 0x7f, 0x80, 0x80,
  0x80, 0x80, 0x80, 0x80, 0x7f, 0x7f, 0x7f, 0x80, 0x80, 0x80, 0x80, 0x80,
  0x80, 0x80, 0x80, 0x80, 0x80, 0x80, 0x80, 0x7f, 0x7f, 0x80, 0x7f, 0x80,
  0x80, 0x7f, 0x80, 0x80, 0x7f, 0x7f, 0x7f, 0x7f, 0x80, 0x80, 0x80, 0x80,
  0x80, 0x80, 0x80, 0x80, 0x80, 0x80, 0x80, 0x80, 0x7f, 0x7f, 0x7f, 0x80,
  0x80, 0x80, 0x80, 0x80, 0x80, 0x80, 0x80, 0x80, 0x80, 0x80, 0x80, 0x7f,
  0x7f, 0x7f, 0x7f, 0x7f, 0x7f, 0x80, 0x80, 0x80, 0x7f, 0x7f, 0x7f, 0x7f,
  0x7f, 0x80, 0x80, 0x80, 0x7f, 0x80, 0x80, 0x80, 0x80, 0x80, 0x80, 0x7f,
  0x7f, 0x80, 0x7f, 0x80, 0x80, 0x80, 0x80, 0x80, 0x80, 0x80, 0x80, 0x80,
  0x80, 0x80, 0x80, 0x7f, 0x7f, 0x7f, 0x7f, 0x7f, 0x7f, 0x80, 0x80, 0x80,
  0x80, 0x7f, 0x7f, 0x7f, 0x7f, 0x7f, 0x7f, 0x7f, 0x80, 0x80, 0x80, 0x80,
  0x80, 0x80, 0x80, 0x80, 0x80, 0x80, 0x80, 0x80, 0x80, 0x80, 0x80, 0x80,
  0x80, 0x80, 0x80, 0x80, 0x80, 0x80, 0x80, 0x7f, 0x7f, 0x7f, 0x7f, 0x7f,
  0x7f, 0x7f, 0x7f, 0x7f, 0x80, 0x7f, 0x80, 0x80, 0x80, 0x80, 0x7f, 0x7f,
  0x7f, 0x80, 0x80, 0x80, 0x80, 0x80, 0x80, 0x80, 0x80, 0x80, 0x80, 0x80,
  0x80, 0x80, 0x80, 0x80, 0x80, 0x80, 0x7f, 0x80, 0x7f, 0x7f, 0x7f, 0x7f,
  0x7f, 0x7f, 0x7f, 0x7f, 0x7f, 0x7f, 0x7f, 0x7f, 0x7f, 0x7f, 0x7f, 0x80,
  0x7f, 0x80, 0x80, 0x7f, 0x80, 0x80, 0x80, 0x80, 0x80, 0x80, 0x80, 0x80,
  0x80, 0x80, 0x80, 0x80, 0x80, 0x80, 0x80, 0x80, 0x80, 0x80, 0x7f, 0x80,
  0x7f, 0x7f, 0x7f, 0x7f, 0x7f, 0x7f, 0x7f, 0x7f, 0x7f, 0x7f, 0x7f, 0x7f,
  0x7f, 0x7f, 0x7f, 0x80, 0x80, 0x80, 0x80, 0x80, 0x80, 0x80, 0x80, 0x80,
  0x80, 0x80, 0x80, 0x80, 0x80, 0x80, 0x80, 0x80, 0x80, 0x80, 0x80, 0x80,
  0x80, 0x80, 0x7f, 0x7f, 0x7f, 0x7f, 0x7f, 0x7f, 0x7f, 0x7f, 0x7f, 0x7f,
  0x7f, 0x7f, 0x7f, 0x7f, 0x7f, 0x7f, 0x80, 0x80, 0x80, 0x80, 0x7f, 0x7f,
  0x7f, 0x7f, 0x7f, 0x7f, 0x80, 0x80, 0x80, 0x80, 0x80, 0x80, 0x80, 0x80,
  0x80, 0x80, 0x80, 0x80, 0x80, 0x80, 0x80, 0x80, 0x7f, 0x7f, 0x7f, 0x7f,
  0x7f, 0x7f, 0x7f, 0x7f, 0x7f, 0x7f, 0x7f, 0x7f, 0x7f, 0x7f, 0x7f, 0x80,
  0x7f, 0x80, 0x80, 0x7f, 0x7f, 0x7f, 0x7f, 0x80, 0x80, 0x80, 0x80, 0x80,
  0x80, 0x80, 0x80, 0x80, 0x80, 0x80, 0x80, 0x80, 0x80, 0x80, 0x80, 0x80,
  0x80, 0x80, 0x80, 0x7f, 0x7f, 0x80, 0x7f, 0x7f, 0x7f, 0x7f, 0x7f, 0x7f,
  0x7f, 0x7f, 0x80, 0x80, 0x80, 0x80, 0x80, 0x80, 0x7f, 0x7f, 0x7f, 0x80,
  0x80, 0x80, 0x80, 0x80, 0x80, 0x80, 0x80, 0x80, 0x80, 0x80, 0x80, 0x80,
  0x80, 0x80, 0x80, 0x80, 0x80, 0x80, 0x7f, 0x7f, 0x7f, 0x7f, 0x7f, 0x7f,
  0x7f, 0x7f, 0x7f, 0x7f, 0x7f, 0x7f, 0x7f, 0x80, 0x7f, 0x80, 0x80, 0x80,
  0x7f, 0x7f, 0x80, 0x80, 0x80, 0x80, 0x80, 0x80, 0x80, 0x80, 0x80, 0x80,
  0x80, 0x80, 0x80, 0x80, 0x80, 0x80, 0x80, 0x80, 0x80, 0x80, 0x7f, 0x7f,
  0x7f, 0x7f, 0x7f, 0x7f, 0x7f, 0x7f, 0x7f, 0x7f, 0x7f, 0x7f, 0x7f, 0x7f,
  0x7f, 0x80, 0x80, 0x80, 0x7f, 0x7f, 0x80, 0x80, 0x80, 0x80, 0x80, 0x80,
  0x80, 0x80, 0x80, 0x80, 0x80, 0x80, 0x80, 0x80, 0x80, 0x80, 0x80, 0x80,
  0x7f, 0x80, 0x7f, 0x7f, 0x7f, 0x7f, 0x7f, 0x7f, 0x7f, 0x7f, 0x7f, 0x7f,
  0x80, 0x7f, 0x7f, 0x80, 0x80, 0x80, 0x80, 0x80, 0x7f, 0x80, 0x7f, 0x80,
  0x80, 0x80, 0x80, 0x80, 0x80, 0x80, 0x80, 0x80, 0x80, 0x80, 0x80, 0x80,
  0x80, 0x80, 0x80, 0x80, 0x7f, 0x80, 0x7f, 0x7f, 0x7f, 0x80, 0x7f, 0x7f,
  0x7f, 0x7f, 0x7f, 0x7f, 0x7f, 0x7f, 0x7f, 0x80, 0x80, 0x80, 0x80, 0x80,
  0x80, 0x80, 0x80, 0x80, 0x80, 0x80, 0x80, 0x80, 0x80, 0x80, 0x80, 0x80,
  0x80, 0x80, 0x80, 0x80, 0x80, 0x80, 0x80, 0x80, 0x7f, 0x7f, 0x7f, 0x7f,
  0x80, 0x80, 0x7f, 0x7f, 0x7f, 0x7f, 0x7f, 0x7f, 0x80, 0x7f, 0x7f, 0x80,
  0x80, 0x80, 0x80, 0x80, 0x80, 0x80, 0x80, 0x80, 0x80, 0x80, 0x80, 0x80,
  0x80, 0x80, 0x80, 0x80, 0x80, 0x80, 0x80, 0x80, 0x80, 0x80, 0x7f, 0x7f,
  0x7f, 0x7f, 0x7f, 0x7f, 0x7f, 0x7f, 0x7f, 0x7f, 0x7f, 0x7f, 0x7f, 0x7f,
  0x7f, 0x7f, 0x80, 0x80, 0x80, 0x80, 0x7f, 0x7f, 0x7f, 0x7f, 0x7f, 0x7f,
  0x7f, 0x7f, 0x7f, 0x7f, 0x80, 0x80, 0x80, 0x80, 0x80, 0x80, 0x80, 0x80,
  0x80, 0x80, 0x80, 0x80, 0x80, 0x7f, 0x7f, 0x7f, 0x7f, 0x7f, 0x7f, 0x80,
  0x7f, 0x80, 0x80, 0x7f, 0x7f, 0x7f, 0x80, 0x80, 0x80, 0x80, 0x80, 0x80,
  0x80, 0x7f, 0x80, 0x80, 0x80, 0x80, 0x80, 0x7f, 0x80, 0x80, 0x80, 0x80,
  0x80, 0x80, 0x80, 0x80, 0x80, 0x80, 0x80, 0x80, 0x80, 0x80, 0x80, 0x7f,
  0x7f, 0x80, 0x7f, 0x80, 0x80, 0x80, 0x80, 0x80, 0x80, 0x7f, 0x80, 0x80,
  0x80, 0x80, 0x80, 0x80, 0x80, 0x80, 0x80, 0x80, 0x80, 0x80, 0x80, 0x80,
  0x80, 0x80, 0x80, 0x80, 0x80, 0x80, 0x80, 0x80, 0x80, 0x80, 0x80, 0x80,
  0x80, 0x80, 0x80, 0x7f, 0x7f, 0x80, 0x7f, 0x80, 0x80, 0x80, 0x80, 0x7f,
  0x7f, 0x7f, 0x7f, 0x80, 0x80, 0x80, 0x80, 0x80, 0x80, 0x80, 0x80, 0x80,
  0x80, 0x80, 0x80, 0x80, 0x80, 0x80, 0x7f, 0x80, 0x80, 0x80, 0x80, 0x80,
  0x80, 0x80, 0x80, 0x80, 0x80, 0x80, 0x80, 0x80, 0x80, 0x80, 0x80, 0x80,
  0x80, 0x80, 0x80, 0x80, 0x7f, 0x7f, 0x7f, 0x7f, 0x7f, 0x80, 0x80, 0x80,
  0x80, 0x7f, 0x80, 0x80, 0x80, 0x80, 0x80, 0x80, 0x80, 0x80, 0x7f, 0x80,
  0x80, 0x80, 0x80, 0x80, 0x80, 0x80, 0x80, 0x80, 0x80, 0x80, 0x80, 0x80,
  0x80, 0x80, 0x80, 0x80, 0x80, 0x80, 0x80, 0x80, 0x80, 0x7f, 0x7f, 0x7f,
  0x7f, 0x7f, 0x7f, 0x7f, 0x7f, 0x7f, 0x7f, 0x7f, 0x80, 0x80, 0x80, 0x80,
  0x80, 0x80, 0x80, 0x80, 0x80, 0x80, 0x80, 0x80, 0x80, 0x80, 0x80, 0x80,
  0x80, 0x80, 0x80, 0x7f, 0x7f, 0x80, 0x7f, 0x80, 0x80, 0x7f, 0x7f, 0x7f,
  0x7f, 0x7f, 0x7f, 0x7f, 0x7f, 0x7f, 0x7f, 0x7f, 0x7f, 0x7f, 0x7f, 0x7f,
  0x80, 0x80, 0x80, 0x80, 0x80, 0x80, 0x80, 0x80, 0x80, 0x80, 0x80, 0x80,
  0x80, 0x80, 0x80, 0x80, 0x80, 0x80, 0x80, 0x7f, 0x7f, 0x7f, 0x7f, 0x7f,
  0x80, 0x7f, 0x7f, 0x7f, 0x80, 0x7f, 0x7f, 0x7f, 0x7f, 0x7f, 0x7f, 0x80,
  0x80, 0x80, 0x80, 0x80, 0x80, 0x80, 0x80, 0x80, 0x80, 0x80, 0x80, 0x80,
  0x80, 0x80, 0x80, 0x80, 0x80, 0x80, 0x80, 0x80, 0x80, 0x80, 0x80, 0x7f,
  0x80, 0x80, 0x7f, 0x7f, 0x7f, 0x7f, 0x7f, 0x80, 0x80, 0x7f, 0x80, 0x80,
  0x7f, 0x7f, 0x7f, 0x80, 0x80, 0x7f, 0x80, 0x80, 0x80, 0x80, 0x80, 0x80,
  0x80, 0x80, 0x80, 0x80, 0x80, 0x80, 0x80, 0x80, 0x80, 0x80, 0x7f, 0x7f,
  0x7f, 0x7f, 0x7f, 0x7f, 0x7f, 0x7f, 0x7f, 0x7f, 0x7f, 0x7f, 0x7f, 0x7f,
  0x80, 0x7f, 0x80, 0x80, 0x7f, 0x7f, 0x7f, 0x7f, 0x7f, 0x7f, 0x7f, 0x80,
  0x80, 0x80, 0x80, 0x80, 0x80, 0x80, 0x80, 0x80, 0x80, 0x80, 0x80, 0x80,
  0x80, 0x80, 0x7f, 0x7f, 0x7f, 0x7f, 0x7f, 0x7f, 0x7f, 0x7f, 0x7f, 0x7f,
  0x7f, 0x7f, 0x7f, 0x7f, 0x80, 0x7f, 0x80, 0x80, 0x80, 0x80, 0x80, 0x80,
  0x7f, 0x7f, 0x7f, 0x80, 0x80, 0x80, 0x80, 0x80, 0x80, 0x80, 0x80, 0x80,
  0x80, 0x80, 0x80, 0x80, 0x80, 0x80, 0x7f, 0x80, 0x7f, 0x7f, 0x7f, 0x7f,
  0x7f, 0x7f, 0x7f, 0x7f, 0x7f, 0x7f, 0x7f, 0x7f, 0x7f, 0x7f, 0x7f, 0x80,
  0x80, 0x80, 0x80, 0x80, 0x7f, 0x7f, 0x80, 0x80, 0x80, 0x80, 0x80, 0x80,
  0x80, 0x80, 0x80, 0x80, 0x80, 0x80, 0x80, 0x80, 0x80, 0x80, 0x80, 0x80,
  0x7f, 0x7f, 0x7f, 0x7f, 0x7f, 0x7f, 0x7f, 0x7f, 0x7f, 0x7f, 0x7f, 0x7f,
  0x7f, 0x7f, 0x80, 0x80, 0x80, 0x80, 0x80, 0x80, 0x80, 0x80, 0x7f, 0x80,
  0x80, 0x80, 0x80, 0x80, 0x80, 0x80, 0x80, 0x80, 0x80, 0x80, 0x80, 0x80,
  0x80, 0x80, 0x80, 0x80, 0x7f, 0x7f, 0x7f, 0x7f, 0x7f, 0x7f, 0x7f, 0x7f,
  0x7f, 0x7f, 0x7f, 0x7f, 0x7f, 0x7f, 0x80, 0x80, 0x80, 0x80, 0x80, 0x80,
  0x80, 0x7f, 0x80, 0x80, 0x80, 0x80, 0x80, 0x80, 0x80, 0x80, 0x80, 0x80,
  0x80, 0x80, 0x80, 0x80, 0x80, 0x80, 0x80, 0x80, 0x80, 0x80, 0x7f, 0x7f,
  0x7f, 0x80, 0x7f, 0x7f, 0x7f, 0x7f, 0x7f, 0x7f, 0x80, 0x7f, 0x7f, 0x80,
  0x80, 0x80, 0x80, 0x80, 0x80, 0x80, 0x7f, 0x80, 0x80, 0x80, 0x80, 0x80,
  0x80, 0x80, 0x80, 0x80, 0x80, 0x80, 0x80, 0x80, 0x80, 0x80, 0x80, 0x80,
  0x80, 0x80, 0x7f, 0x7f, 0x7f, 0x7f, 0x7f, 0x7f, 0x7f, 0x7f, 0x7f, 0x7f,
  0x7f, 0x7f, 0x7f, 0x7f, 0x80, 0x80, 0x80, 0x80, 0x80, 0x80, 0x80, 0x80,
  0x80, 0x80, 0x80, 0x80, 0x80, 0x80, 0x80, 0x80, 0x80, 0x80, 0x80, 0x80,
  0x80, 0x80, 0x80, 0x80, 0x80, 0x80, 0x7f, 0x7f, 0x7f, 0x7f, 0x7f, 0x7f,
  0x7f, 0x7f, 0x7f, 0x7f, 0x7f, 0x7f, 0x7f, 0x7f, 0x80, 0x80, 0x80, 0x80,
  0x80, 0x80, 0x80, 0x80, 0x80, 0x80, 0x80, 0x80, 0x80, 0x80, 0x80, 0x80,
  0x80, 0x80, 0x80, 0x80, 0x80, 0x80, 0x80, 0x80, 0x80, 0x80, 0x7f, 0x7f,
  0x7f, 0x80, 0x7f, 0x7f, 0x7f, 0x7f, 0x7f, 0x7f, 0x80, 0x7f, 0x80, 0x80,
  0x80, 0x80, 0x80, 0x80, 0x80, 0x80, 0x80, 0x80, 0x80, 0x80, 0x80, 0x80,
  0x80, 0x80, 0x80, 0x80, 0x80, 0x80, 0x80, 0x80, 0x80, 0x80, 0x80, 0x80,
  0x80, 0x7f, 0x7f, 0x7f, 0x7f, 0x7f, 0x7f, 0x7f, 0x7f, 0x7f, 0x7f, 0x7f,
  0x7f, 0x7f, 0x7f, 0x7f, 0x7f, 0x80, 0x80, 0x80, 0x80, 0x80, 0x80, 0x80,
  0x80, 0x80, 0x80, 0x80, 0x80, 0x80, 0x80, 0x80, 0x80, 0x80, 0x80, 0x80,
  0x80, 0x80, 0x80, 0x80, 0x80, 0x80, 0x7f, 0x7f, 0x7f, 0x7f, 0x7f, 0x7f,
  0x7f, 0x7f, 0x7f, 0x7f, 0x80, 0x7f, 0x7f, 0x80, 0x80, 0x80, 0x7f, 0x7f,
  0x80, 0x80, 0x80, 0x80, 0x80, 0x80, 0x80, 0x80, 0x80, 0x80, 0x80, 0x80,
  0x80, 0x80, 0x80, 0x80, 0x80, 0x80, 0x80, 0x80, 0x80, 0x80, 0x7f, 0x7f,
  0x7f, 0x7f, 0x7f, 0x7f, 0x7f, 0x7f, 0x7f, 0x7f, 0x7f, 0x7f, 0x80, 0x80,
  0x80, 0x80, 0x80, 0x7f, 0x80, 0x7f, 0x80, 0x7f, 0x80, 0x80, 0x80, 0x80,
  0x80, 0x7f, 0x80, 0x80, 0x80, 0x80, 0x80, 0x80, 0x80, 0x80, 0x80, 0x80,
  0x80, 0x80, 0x7f, 0x7f, 0x7f, 0x7f, 0x7f, 0x7f, 0x7f, 0x7f, 0x7f, 0x7f,
  0x7f, 0x7f, 0x80, 0x80, 0x80, 0x80, 0x80, 0x80, 0x80, 0x7f, 0x7f, 0x80,
  0x80, 0x80, 0x80, 0x80, 0x80, 0x80, 0x80, 0x80, 0x80, 0x80, 0x80, 0x80,
  0x80, 0x80, 0x80, 0x80, 0x80, 0x80, 0x7f, 0x7f, 0x7f, 0x7f, 0x7f, 0x80,
  0x7f, 0x7f, 0x7f, 0x7f, 0x7f, 0x7f, 0x7f, 0x80, 0x7f, 0x80, 0x80, 0x80,
  0x80, 0x7f, 0x80, 0x80, 0x80, 0x80, 0x80, 0x80, 0x80, 0x80, 0x80, 0x80,
  0x80, 0x80, 0x80, 0x80, 0x80, 0x80, 0x80, 0x80, 0x80, 0x80, 0x80, 0x7f,
  0x7f, 0x7f, 0x7f, 0x7f, 0x80, 0x7f, 0x7f, 0x7f, 0x7f, 0x7f, 0x7f, 0x7f,
  0x7f, 0x7f, 0x7f, 0x7f, 0x7f, 0x80, 0x80, 0x80, 0x80, 0x80, 0x80, 0x80,
  0x80, 0x80, 0x80, 0x80, 0x80, 0x80, 0x80, 0x80, 0x80, 0x80, 0x80, 0x80,
  0x80, 0x80, 0x80, 0x7f, 0x7f, 0x7f, 0x7f, 0x7f, 0x7f, 0x7f, 0x7f, 0x7f,
  0x80, 0x7f, 0x7f, 0x7f, 0x7f, 0x7f, 0x7f, 0x80, 0x80, 0x7f, 0x80, 0x80,
  0x80, 0x80, 0x80, 0x80, 0x80, 0x80, 0x80, 0x80, 0x80, 0x80, 0x80, 0x80,
  0x80, 0x80, 0x80, 0x80, 0x7f, 0x80, 0x7f, 0x7f, 0x80, 0x80, 0x7f, 0x7f,
  0x7f, 0x7f, 0x7f, 0x7f, 0x80, 0x7f, 0x80, 0x80, 0x7f, 0x80, 0x80, 0x80,
  0x7f, 0x7f, 0x7f, 0x80, 0x80, 0x80, 0x80, 0x80, 0x80, 0x80, 0x80, 0x80,
  0x80, 0x80, 0x80, 0x80, 0x80, 0x80, 0x7f, 0x80, 0x7f, 0x7f, 0x7f, 0x7f,
  0x7f, 0x7f, 0x7f, 0x7f, 0x7f, 0x7f, 0x7f, 0x7f, 0x7f, 0x7f, 0x7f, 0x80,
  0x80, 0x80, 0x80, 0x80, 0x7f, 0x7f, 0x7f, 0x80, 0x80, 0x80, 0x80, 0x80,
  0x80, 0x80, 0x80, 0x80, 0x80, 0x80, 0x80, 0x80, 0x80, 0x80, 0x80, 0x80,
  0x7f, 0x7f, 0x7f, 0x7f, 0x7f, 0x7f, 0x7f, 0x7f, 0x7f, 0x7f, 0x7f, 0x7f,
  0x80, 0x7f, 0x7f, 0x80, 0x7f, 0x80, 0x80, 0x80, 0x7f, 0x7f, 0x7f, 0x80,
  0x80, 0x80, 0x80, 0x80, 0x80, 0x80, 0x80, 0x80, 0x80, 0x80, 0x80, 0x80,
  0x80, 0x80, 0x7f, 0x7f, 0x7f, 0x7f, 0x7f, 0x7f, 0x7f, 0x7f, 0x7f, 0x7f,
  0x7f, 0x7f, 0x7f, 0x7f, 0x7f, 0x7f, 0x7f, 0x80, 0x7f, 0x80, 0x80, 0x80,
  0x7f, 0x7f, 0x80, 0x7f, 0x80, 0x80, 0x7f, 0x80, 0x80, 0x80, 0x80, 0x80,
  0x80, 0x80, 0x80, 0x80, 0x80, 0x80, 0x80, 0x80, 0x80, 0x80, 0x7f, 0x7f,
  0x7f, 0x7f, 0x7f, 0x7f, 0x7f, 0x7f, 0x7f, 0x7f, 0x7f, 0x7f, 0x7f, 0x80,
  0x80, 0x80, 0x80, 0x80, 0x80, 0x7f, 0x7f, 0x80, 0x80, 0x80, 0x80, 0x80,
  0x80, 0x80, 0x80, 0x80, 0x80, 0x80, 0x80, 0x80, 0x80, 0x80, 0x80, 0x80,
  0x80, 0x80, 0x7f, 0x7f, 0x7f, 0x80, 0x7f, 0x80, 0x7f, 0x7f, 0x7f, 0x7f,
  0x80, 0x7f, 0x7f, 0x80, 0x80, 0x80, 0x80, 0x80, 0x80, 0x7f, 0x7f, 0x7f,
  0x80, 0x80, 0x7f, 0x7f, 0x7f, 0x7f, 0x7f, 0x80, 0x80, 0x80, 0x80, 0x80,
  0x80, 0x80, 0x80, 0x80, 0x80, 0x80, 0x7f, 0x7f, 0x7f, 0x7f, 0x7f, 0x7f,
  0x7f, 0x7f, 0x7f, 0x7f, 0x7f, 0x7f, 0x7f, 0x7f, 0x7f, 0x80, 0x80, 0x80,
  0x80, 0x7f, 0x7f, 0x7f, 0x80, 0x80, 0x7f, 0x7f, 0x7f, 0x7f, 0x7f, 0x80,
  0x80, 0x80, 0x80, 0x80, 0x80, 0x80, 0x80, 0x80, 0x80, 0x80, 0x7f, 0x7f,
  0x7f, 0x7f, 0x7f, 0x7f, 0x7f, 0x80, 0x80, 0x80, 0x80, 0x7f, 0x7f, 0x7f,
  0x7f, 0x80, 0x80, 0x80, 0x80, 0x80, 0x80, 0x80, 0x80, 0x80, 0x80, 0x80,
  0x80, 0x80, 0x80, 0x80, 0x80, 0x80, 0x80, 0x80, 0x80, 0x80, 0x80, 0x80,
  0x80, 0x80, 0x7f, 0x7f, 0x7f, 0x7f, 0x7f, 0x7f, 0x7f, 0x7f, 0x7f, 0x7f,
  0x7f, 0x7f, 0x7f, 0x7f, 0x7f, 0x7f, 0x7f, 0x7f, 0x80, 0x80, 0x7f, 0x80,
  0x80, 0x80, 0x80, 0x80, 0x80, 0x80, 0x80, 0x80, 0x80, 0x80, 0x80, 0x80,
  0x80, 0x80, 0x80, 0x80, 0x80, 0x80, 0x7f, 0x7f, 0x7f, 0x7f, 0x7f, 0x7f,
  0x7f, 0x7f, 0x7f, 0x7f, 0x7f, 0x7f, 0x7f, 0x7f, 0x7f, 0x80, 0x80, 0x7f,
  0x80, 0x80, 0x7f, 0x80, 0x80, 0x80, 0x80, 0x80, 0x80, 0x80, 0x80, 0x80,
  0x80, 0x80, 0x80, 0x80, 0x80, 0x80, 0x80, 0x80, 0x80, 0x80, 0x7f, 0x7f,
  0x7f, 0x7f, 0x7f, 0x7f, 0x7f, 0x7f, 0x7f, 0x7f, 0x7f, 0x7f, 0x7f, 0x7f,
  0x7f, 0x7f, 0x80, 0x7f, 0x80, 0x80, 0x80, 0x80, 0x80, 0x80, 0x80, 0x80,
  0x80, 0x80, 0x80, 0x80, 0x80, 0x80, 0x80, 0x80, 0x80, 0x80, 0x80, 0x80,
  0x80, 0x80, 0x7f, 0x7f, 0x7f, 0x7f, 0x7f, 0x7f, 0x7f, 0x7f, 0x80, 0x80,
  0x80, 0x80, 0x80, 0x80, 0x80, 0x7f, 0x7f, 0x7f, 0x7f, 0x7f, 0x7f, 0x80,
  0x80, 0x80, 0x80, 0x80, 0x80, 0x80, 0x80, 0x80, 0x80, 0x80, 0x80, 0x80,
  0x80, 0x80, 0x7f, 0x7f, 0x7f, 0x7f, 0x7f, 0x7f, 0x7f, 0x7f, 0x7f, 0x7f,
  0x7f, 0x7f, 0x7f, 0x7f, 0x80, 0x80, 0x80, 0x80, 0x80, 0x80, 0x7f, 0x7f,
  0x7f, 0x7f, 0x7f, 0x7f, 0x7f, 0x80, 0x80, 0x80, 0x80, 0x80, 0x80, 0x80,
  0x80, 0x80, 0x80, 0x80, 0x80, 0x80, 0x7f, 0x7f, 0x7f, 0x7f, 0x7f, 0x7f,
  0x7f, 0x7f, 0x7f, 0x7f, 0x7f, 0x7f, 0x7f, 0x7f, 0x7f, 0x7f, 0x80, 0x80,
  0x80, 0x80, 0x7f, 0x7f, 0x7f, 0x7f, 0x7f, 0x7f, 0x80, 0x80, 0x80, 0x80,
  0x80, 0x80, 0x80, 0x80, 0x80, 0x80, 0x80, 0x80, 0x80, 0x80, 0x7f, 0x7f,
  0x7f, 0x7f, 0x7f, 0x7f, 0x7f, 0x7f, 0x7f, 0x7f, 0x7f, 0x7f, 0x7f, 0x7f,
  0x7f, 0x7f, 0x7f, 0x80, 0x80, 0x80, 0x80, 0x7f, 0x7f, 0x7f, 0x7f, 0x80,
  0x80, 0x80, 0x80, 0x80, 0x80, 0x80, 0x80, 0x80, 0x80, 0x80, 0x80, 0x80,
  0x80, 0x80, 0x80, 0x80, 0x7f, 0x7f, 0x7f, 0x7f, 0x7f, 0x7f, 0x7f, 0x7f,
  0x7f, 0x7f, 0x7f, 0x7f, 0x80, 0x7f, 0x80, 0x80, 0x80, 0x80, 0x80, 0x7f,
  0x7f, 0x7f, 0x7f, 0x80, 0x80, 0x80, 0x80, 0x80, 0x80, 0x80, 0x80, 0x80,
  0x80, 0x80, 0x80, 0x80, 0x80, 0x80, 0x7f, 0x7f, 0x7f, 0x7f, 0x7f, 0x7f,
  0x7f, 0x7f, 0x7f, 0x7f, 0x7f, 0x7f, 0x7f, 0x7f, 0x7f, 0x7f, 0x80, 0x80,
  0x80, 0x80, 0x80, 0x80, 0x7f, 0x80, 0x7f, 0x7f, 0x80, 0x80, 0x80, 0x80,
  0x80, 0x80, 0x80, 0x80, 0x80, 0x80, 0x80, 0x80, 0x80, 0x80, 0x7f, 0x80,
  0x7f, 0x7f, 0x7f, 0x7f, 0x80, 0x80, 0x7f, 0x7f, 0x7f, 0x7f, 0x7f, 0x7f,
  0x7f, 0x7f, 0x7f, 0x80, 0x80, 0x80, 0x80, 0x80, 0x7f, 0x7f, 0x7f, 0x80,
  0x80, 0x80, 0x80, 0x80, 0x80, 0x7f, 0x7f, 0x80, 0x80, 0x7f, 0x7f, 0x80,
  0x80, 0x80, 0x80, 0x80, 0x7f, 0x7f, 0x7f, 0x7f, 0x7f, 0x80, 0x7f, 0x7f,
  0x7f, 0x7f, 0x7f, 0x7f, 0x80, 0x7f, 0x7f, 0x80, 0x80, 0x80, 0x80, 0x80,
  0x80, 0x80, 0x80, 0x80, 0x80, 0x80, 0x80, 0x80, 0x80, 0x7f, 0x80, 0x80,
  0x80, 0x80, 0x80, 0x80, 0x80, 0x7f, 0x7f, 0x7f, 0x7f, 0x7f, 0x7f, 0x7f,
  0x7f, 0x80, 0x80, 0x7f, 0x7f, 0x7f, 0x7f, 0x7f, 0x80, 0x80, 0x80, 0x80,
  0x80, 0x80, 0x80, 0x80, 0x80, 0x80, 0x80, 0x7f, 0x80, 0x7f, 0x7f, 0x7f,
  0x7f, 0x7f, 0x7f, 0x80, 0x80, 0x80, 0x80, 0x80, 0x80, 0x80, 0x80, 0x80,
  0x80, 0x7f, 0x7f, 0x7f, 0x7f, 0x7f, 0x7f, 0x7f, 0x7f, 0x7f, 0x7f, 0x80,
  0x80, 0x7f, 0x80, 0x80, 0x80, 0x80, 0x80, 0x80, 0x80, 0x80, 0x80, 0x80,
  0x80, 0x80, 0x80, 0x80, 0x7f, 0x80, 0x80, 0x80, 0x80, 0x80, 0x80, 0x80,
  0x80, 0x80, 0x80, 0x80, 0x80, 0x80, 0x80, 0x7f, 0x7f, 0x7f, 0x7f, 0x80,
  0x80, 0x80, 0x80, 0x80, 0x7f, 0x7f, 0x80, 0x7f, 0x7f, 0x80, 0x80, 0x80,
  0x80, 0x80, 0x80, 0x80, 0x80, 0x80, 0x80, 0x80, 0x80, 0x80, 0x80, 0x80,
  0x80, 0x80, 0x80, 0x80, 0x80, 0x80, 0x80, 0x80, 0x80, 0x80, 0x80, 0x80,
  0x7f, 0x80, 0x7f, 0x80, 0x80, 0x7f, 0x80, 0x80, 0x7f, 0x7f, 0x7f, 0x7f,
  0x7f, 0x80, 0x80, 0x80, 0x80, 0x80, 0x80, 0x80, 0x80, 0x80, 0x80, 0x80,
  0x80, 0x80, 0x80, 0x80, 0x80, 0x80, 0x80, 0x80, 0x80, 0x80, 0x80, 0x80,
  0x80, 0x80, 0x80, 0x80, 0x80, 0x80, 0x7f, 0x7f, 0x7f, 0x7f, 0x80, 0x80,
  0x7f, 0x7f, 0x7f, 0x7f, 0x7f, 0x7f, 0x80, 0x80, 0x80, 0x80, 0x80, 0x80,
  0x80, 0x80, 0x80, 0x80, 0x80, 0x80, 0x80, 0x80, 0x80, 0x80, 0x80, 0x80,
  0x80, 0x80, 0x80, 0x80, 0x80, 0x80, 0x80, 0x7f, 0x80, 0x80, 0x80, 0x80,
  0x80, 0x7f, 0x7f, 0x7f, 0x7f, 0x7f, 0x7f, 0x7f, 0x7f, 0x7f, 0x80, 0x80,
  0x7f, 0x7f, 0x7f, 0x80, 0x80, 0x80, 0x80, 0x80, 0x80, 0x80, 0x80, 0x80,
  0x80, 0x80, 0x80, 0x80, 0x80, 0x80, 0x80, 0x80, 0x80, 0x80, 0x7f, 0x7f,
  0x7f, 0x80, 0x7f, 0x7f, 0x7f, 0x7f, 0x7f, 0x7f, 0x7f, 0x7f, 0x7f, 0x7f,
  0x7f, 0x7f, 0x7f, 0x80, 0x80, 0x80, 0x80, 0x80, 0x80, 0x80, 0x80, 0x80,
  0x80, 0x80, 0x80, 0x80, 0x80, 0x80, 0x80, 0x80, 0x80, 0x80, 0x80, 0x80,
  0x80, 0x80, 0x7f, 0x7f, 0x7f, 0x7f, 0x7f, 0x7f, 0x7f, 0x7f, 0x7f, 0x7f,
  0x80, 0x7f, 0x7f, 0x80, 0x7f, 0x7f, 0x7f, 0x80, 0x80, 0x7f, 0x7f, 0x80,
  0x80, 0x7f, 0x7f, 0x80, 0x80, 0x80, 0x80, 0x80, 0x80, 0x80, 0x80, 0x80,
  0x80, 0x80, 0x80, 0x80, 0x80, 0x80, 0x80, 0x7f, 0x7f, 0x80, 0x7f, 0x7f,
  0x7f, 0x7f, 0x7f, 0x7f, 0x7f, 0x7f, 0x7f, 0x7f, 0x7f, 0x7f, 0x7f, 0x80,
  0x7f, 0x7f, 0x7f, 0x7f, 0x7f, 0x7f, 0x7f, 0x80, 0x80, 0x7f, 0x80, 0x80,
  0x80, 0x80, 0x80, 0x80, 0x80, 0x80, 0x80, 0x80, 0x80, 0x80, 0x7f, 0x7f,
  0x80, 0x80, 0x7f, 0x7f, 0x7f, 0x7f, 0x7f, 0x7f, 0x7f, 0x7f, 0x7f, 0x80,
  0x7f, 0x80, 0x80, 0x80, 0x7f, 0x7f, 0x7f, 0x7f, 0x7f, 0x7f, 0x7f, 0x80,
  0x80, 0x80, 0x80, 0x80, 0x80, 0x80, 0x80, 0x80, 0x80, 0x80, 0x80, 0x80,
  0x80, 0x80, 0x7f, 0x7f, 0x7f, 0x80, 0x7f, 0x7f, 0x7f, 0x7f, 0x7f, 0x7f,
  0x80, 0x7f, 0x7f, 0x80, 0x80, 0x80, 0x80, 0x80, 0x7f, 0x7f, 0x7f, 0x7f,
  0x80, 0x80, 0x80, 0x80, 0x80, 0x80, 0x80, 0x80, 0x80, 0x80, 0x80, 0x80,
  0x80, 0x80, 0x80, 0x80, 0x80, 0x7f, 0x7f, 0x7f, 0x7f, 0x80, 0x7f, 0x7f,
  0x7f, 0x7f, 0x7f, 0x7f, 0x7f, 0x7f, 0x7f, 0x80, 0x80, 0x80, 0x80, 0x80,
  0x7f, 0x7f, 0x7f, 0x7f, 0x80, 0x7f, 0x80, 0x80, 0x80, 0x80, 0x80, 0x80,
  0x80, 0x80, 0x80, 0x80, 0x80, 0x80, 0x80, 0x80, 0x80, 0x80, 0x7f, 0x7f,
  0x7f, 0x7f, 0x80, 0x7f, 0x7f, 0x7f, 0x7f, 0x7f, 0x7f, 0x7f, 0x7f, 0x7f,
  0x7f, 0x80, 0x7f, 0x80, 0x7f, 0x7f, 0x7f, 0x7f, 0x80, 0x7f, 0x7f, 0x7f,
  0x7f, 0x7f, 0x7f, 0x80, 0x80, 0x80, 0x80, 0x80, 0x80, 0x80, 0x80, 0x80,
  0x80, 0x80, 0x80, 0x7f, 0x7f, 0x7f, 0x7f, 0x7f, 0x7f, 0x7f, 0x7f, 0x7f,
  0x7f, 0x7f, 0x7f, 0x7f, 0x7f, 0x80, 0x80, 0x80, 0x80, 0x7f, 0x80, 0x80,
  0x80, 0x80, 0x80, 0x7f, 0x7f, 0x7f, 0x7f, 0x80, 0x80, 0x80, 0x80, 0x80,
  0x80, 0x80, 0x80, 0x80, 0x80, 0x80, 0x80, 0x80, 0x80, 0x80, 0x7f, 0x80,
  0x7f, 0x7f, 0x7f, 0x7f, 0x7f, 0x7f, 0x7f, 0x7f, 0x80, 0x80, 0x80, 0x80,
  0x80, 0x80, 0x80, 0x80, 0x80, 0x80, 0x80, 0x80, 0x80, 0x80, 0x80, 0x80,
  0x80, 0x80, 0x80, 0x80, 0x80, 0x80, 0x80, 0x80, 0x80, 0x80, 0x80, 0x80,
  0x80, 0x7f, 0x7f, 0x7f, 0x80, 0x7f, 0x7f, 0x7f, 0x7f, 0x7f, 0x7f, 0x7f,
  0x7f, 0x80, 0x80, 0x80, 0x80, 0x80, 0x80, 0x80, 0x80, 0x80, 0x80, 0x80,
  0x80, 0x7f, 0x80, 0x80, 0x80, 0x80, 0x80, 0x80, 0x80, 0x80, 0x80, 0x80,
  0x80, 0x80, 0x80, 0x7f, 0x7f, 0x80, 0x7f, 0x80, 0x7f, 0x80, 0x80, 0x80,
  0x80, 0x80, 0x80, 0x80, 0x7f, 0x7f, 0x7f, 0x80, 0x80, 0x7f, 0x80, 0x80,
  0x80, 0x80, 0x80, 0x80, 0x80, 0x80, 0x80, 0x80, 0x80, 0x80, 0x80, 0x80,
  0x80, 0x80, 0x7f, 0x80, 0x80, 0x80, 0x7f, 0x7f, 0x80, 0x7f, 0x7f, 0x7f,
  0x7f, 0x7f, 0x7f, 0x7f, 0x80, 0x80, 0x80, 0x80, 0x7f, 0x80, 0x80, 0x80,
  0x80, 0x80, 0x80, 0x80, 0x80, 0x80, 0x80, 0x80, 0x80, 0x80, 0x80, 0x80,
  0x80, 0x80, 0x80, 0x80, 0x80, 0x80, 0x7f, 0x80, 0x7f, 0x7f, 0x7f, 0x7f,
  0x7f, 0x7f, 0x7f, 0x7f, 0x7f, 0x7f, 0x7f, 0x7f, 0x7f, 0x7f, 0x7f, 0x80,
  0x80, 0x80, 0x80, 0x80, 0x80, 0x80, 0x80, 0x80, 0x80, 0x80, 0x80, 0x80,
  0x80, 0x80, 0x80, 0x80, 0x80, 0x80, 0x80, 0x80, 0x80, 0x80, 0x80, 0x80,
  0x7f, 0x7f, 0x7f, 0x7f, 0x7f, 0x7f, 0x7f, 0x7f, 0x7f, 0x7f, 0x7f, 0x7f,
  0x7f, 0x7f, 0x80, 0x80, 0x80, 0x80, 0x80, 0x80, 0x80, 0x80, 0x80, 0x80,
  0x80, 0x80, 0x80, 0x80, 0x80, 0x80, 0x80, 0x80, 0x80, 0x80, 0x80, 0x80,
  0x80, 0x80, 0x80, 0x80, 0x7f, 0x80, 0x7f, 0x7f, 0x80, 0x80, 0x7f, 0x7f,
  0x7f, 0x7f, 0x7f, 0x7f, 0x80, 0x7f, 0x80, 0x80, 0x80, 0x80, 0x80, 0x80,
  0x80, 0x80, 0x80, 0x80, 0x80, 0x80, 0x80, 0x80, 0x80, 0x80, 0x80, 0x80,
  0x80, 0x80, 0x80, 0x80, 0x80, 0x80, 0x7f, 0x7f, 0x7f, 0x7f, 0x7f, 0x7f,
  0x7f, 0x80, 0x7f, 0x7f, 0x7f, 0x7f, 0x7f, 0x7f, 0x7f, 0x7f, 0x80, 0x80,
  0x80, 0x80, 0x80, 0x80, 0x80, 0x80, 0x80, 0x80, 0x80, 0x80, 0x80, 0x80,
  0x80, 0x80, 0x80, 0x80, 0x80, 0x80, 0x80, 0x80, 0x80, 0x80, 0x7f, 0x7f,
  0x7f, 0x7f, 0x7f, 0x7f, 0x7f, 0x80, 0x7f, 0x7f, 0x7f, 0x7f, 0x7f, 0x7f,
  0x80, 0x7f, 0x80, 0x80, 0x80, 0x80, 0x80, 0x80, 0x80, 0x80, 0x80, 0x80,
  0x80, 0x80, 0x80, 0x80, 0x80, 0x80, 0x80, 0x80, 0x80, 0x80, 0x80, 0x80,
  0x80, 0x80, 0x80, 0x80, 0x7f, 0x7f, 0x7f, 0x7f, 0x7f, 0x80, 0x7f, 0x7f,
  0x7f, 0x7f, 0x7f, 0x7f, 0x7f, 0x7f, 0x7f, 0x80, 0x80, 0x80, 0x80, 0x7f,
  0x7f, 0x80, 0x80, 0x80, 0x80, 0x80, 0x80, 0x80, 0x80, 0x80, 0x80, 0x80,
  0x80, 0x80, 0x80, 0x80, 0x80, 0x80, 0x80, 0x80, 0x7f, 0x7f, 0x7f, 0x7f,
  0x7f, 0x80, 0x7f, 0x7f, 0x7f, 0x7f, 0x7f, 0x7f, 0x7f, 0x7f, 0x7f, 0x80,
  0x80, 0x80, 0x80, 0x80, 0x80, 0x80, 0x80, 0x80, 0x80, 0x80, 0x80, 0x80,
  0x80, 0x80, 0x80, 0x80, 0x80, 0x80, 0x80, 0x80, 0x80, 0x80, 0x80, 0x80,
  0x80, 0x7f, 0x7f, 0x7f, 0x7f, 0x7f, 0x7f, 0x7f, 0x7f, 0x7f, 0x7f, 0x7f,
  0x7f, 0x7f, 0x80, 0x80, 0x80, 0x80, 0x80, 0x80, 0x80, 0x80, 0x80, 0x80,
  0x80, 0x80, 0x80, 0x80, 0x80, 0x80, 0x80, 0x80, 0x80, 0x80, 0x80, 0x80,
  0x80, 0x80, 0x80, 0x80, 0x80, 0x7f, 0x7f, 0x7f, 0x7f, 0x7f, 0x7f, 0x7f,
  0x7f, 0x7f, 0x7f, 0x7f, 0x7f, 0x7f, 0x7f, 0x80, 0x7f, 0x80, 0x80, 0x80,
  0x80, 0x80, 0x80, 0x80, 0x80, 0x80, 0x80, 0x80, 0x80, 0x80, 0x80, 0x80,
  0x80, 0x80, 0x80, 0x80, 0x80, 0x80, 0x80, 0x80, 0x80, 0x7f, 0x7f, 0x7f,
  0x7f, 0x7f, 0x7f, 0x7f, 0x7f, 0x7f, 0x7f, 0x7f, 0x7f, 0x7f, 0x7f, 0x7f,
  0x7f, 0x80, 0x80, 0x7f, 0x80, 0x80, 0x80, 0x80, 0x80, 0x80, 0x80, 0x80,
  0x80, 0x80, 0x80, 0x80, 0x80, 0x80, 0x80, 0x80, 0x80, 0x80, 0x80, 0x80,
  0x80, 0x7f, 0x7f, 0x7f, 0x7f, 0x7f, 0x7f, 0x7f, 0x7f, 0x7f, 0x7f, 0x7f,
  0x7f, 0x7f, 0x7f, 0x80, 0x80, 0x80, 0x80, 0x80, 0x80, 0x80, 0x80, 0x80,
  0x80, 0x80, 0x80, 0x80, 0x80, 0x80, 0x80, 0x80, 0x80, 0x80, 0x80, 0x80,
  0x80, 0x80, 0x80, 0x80, 0x80, 0x80, 0x7f, 0x7f, 0x7f, 0x7f, 0x7f, 0x7f,
  0x7f, 0x7f, 0x7f, 0x7f, 0x7f, 0x7f, 0x7f, 0x80, 0x7f, 0x80, 0x80, 0x80,
  0x80, 0x80, 0x80, 0x80, 0x80, 0x80, 0x80, 0x80, 0x80, 0x80, 0x80, 0x80,
  0x80, 0x80, 0x80, 0x80, 0x80, 0x80, 0x80, 0x80, 0x80, 0x80, 0x7f, 0x7f,
  0x7f, 0x7f, 0x7f, 0x7f, 0x7f, 0x7f, 0x7f, 0x7f, 0x7f, 0x7f, 0x7f, 0x80,
  0x7f, 0x80, 0x80, 0x80, 0x80, 0x80, 0x80, 0x80, 0x80, 0x80, 0x80, 0x80,
  0x80, 0x80, 0x80, 0x80, 0x80, 0x80, 0x80, 0x80, 0x80, 0x80, 0x80, 0x80,
  0x80, 0x80, 0x7f, 0x7f, 0x7f, 0x7f, 0x7f, 0x7f, 0x7f, 0x7f, 0x7f, 0x7f,
  0x7f, 0x7f, 0x80, 0x7f, 0x7f, 0x80, 0x80, 0x80, 0x80, 0x80, 0x80, 0x80,
  0x80, 0x80, 0x80, 0x80, 0x80, 0x80, 0x80, 0x80, 0x80, 0x80, 0x80, 0x80,
  0x80, 0x80, 0x80, 0x80, 0x80, 0x80, 0x7f, 0x7f, 0x7f, 0x80, 0x7f, 0x7f,
  0x7f, 0x7f, 0x7f, 0x7f, 0x7f, 0x7f, 0x80, 0x80, 0x7f, 0x80, 0x80, 0x80,
  0x80, 0x7f, 0x80, 0x80, 0x80, 0x80, 0x80, 0x80, 0x80, 0x80, 0x80, 0x80,
  0x80, 0x80, 0x80, 0x80, 0x80, 0x80, 0x80, 0x80, 0x80, 0x80, 0x7f, 0x7f,
  0x7f, 0x7f, 0x7f, 0x7f, 0x7f, 0x7f, 0x7f, 0x7f, 0x7f, 0x7f, 0x7f, 0x7f,
  0x7f, 0x80, 0x80, 0x80, 0x7f, 0x7f, 0x7f, 0x80, 0x80, 0x80, 0x80, 0x80,
  0x80, 0x80, 0x80, 0x80, 0x80, 0x80, 0x80, 0x80, 0x80, 0x80, 0x80, 0x80,
  0x80, 0x80, 0x7f, 0x7f, 0x7f, 0x7f, 0x7f, 0x7f, 0x7f, 0x7f, 0x7f, 0x7f,
  0x7f, 0x7f, 0x7f, 0x80, 0x7f, 0x80, 0x80, 0x80, 0x80, 0x80, 0x80, 0x80,
  0x80, 0x80, 0x80, 0x80, 0x80, 0x80, 0x80, 0x80, 0x80, 0x80, 0x80, 0x80,
  0x80, 0x80, 0x80, 0x80, 0x80, 0x80, 0x7f, 0x7f, 0x7f, 0x7f, 0x7f, 0x7f,
  0x7f, 0x7f, 0x7f, 0x7f, 0x7f, 0x7f, 0x7f, 0x7f, 0x7f, 0x7f, 0x80, 0x80,
  0x80, 0x80, 0x80, 0x80, 0x80, 0x80, 0x80, 0x80, 0x80, 0x80, 0x80, 0x80,
  0x80, 0x80, 0x80, 0x80, 0x80, 0x80, 0x80, 0x80, 0x80, 0x80, 0x7f, 0x7f,
  0x7f, 0x80, 0x7f, 0x7f, 0x7f, 0x7f, 0x7f, 0x7f, 0x7f, 0x7f, 0x7f, 0x80,
  0x7f, 0x7f, 0x80, 0x80, 0x80, 0x80, 0x80, 0x80, 0x80, 0x80, 0x80, 0x80,
  0x80, 0x80, 0x80, 0x80, 0x80, 0x80, 0x80, 0x80, 0x80, 0x80, 0x80, 0x80,
  0x80, 0x80, 0x7f, 0x7f, 0x7f, 0x80, 0x7f, 0x7f, 0x7f, 0x7f, 0x7f, 0x7f,
  0x7f, 0x7f, 0x7f, 0x80, 0x7f, 0x80, 0x80, 0x80, 0x80, 0x7f, 0x7f, 0x80,
  0x80, 0x80, 0x80, 0x80, 0x80, 0x80, 0x80, 0x80, 0x80, 0x80, 0x80, 0x80,
  0x80, 0x80, 0x80, 0x80, 0x80, 0x80, 0x7f, 0x7f, 0x7f, 0x80, 0x7f, 0x7f,
  0x7f, 0x7f, 0x7f, 0x7f, 0x7f, 0x7f, 0x7f, 0x80, 0x7f, 0x80, 0x80, 0x80,
  0x80, 0x7f, 0x7f, 0x80, 0x80, 0x80, 0x80, 0x80, 0x80, 0x80, 0x80, 0x80,
  0x80, 0x80, 0x80, 0x80, 0x80, 0x80, 0x80, 0x80, 0x80, 0x80, 0x7f, 0x7f,
  0x7f, 0x80, 0x7f, 0x7f, 0x7f, 0x7f, 0x7f, 0x7f, 0x7f, 0x7f, 0x7f, 0x7f,
  0x7f, 0x80, 0x80, 0x80, 0x80, 0x7f, 0x7f, 0x80, 0x80, 0x80, 0x80, 0x80,
  0x80, 0x7f, 0x80, 0x80, 0x80, 0x80, 0x80, 0x80, 0x80, 0x80, 0x80, 0x80,
  0x80, 0x80, 0x7f, 0x7f, 0x7f, 0x80, 0x7f, 0x80, 0x7f, 0x7f, 0x7f, 0x7f,
  0x7f, 0x7f, 0x7f, 0x80, 0x80, 0x80, 0x80, 0x80, 0x80, 0x80, 0x80, 0x80,
  0x80, 0x80, 0x80, 0x80, 0x80, 0x80, 0x80, 0x80, 0x80, 0x80, 0x80, 0x80,
  0x80, 0x80, 0x80, 0x80, 0x80, 0x80, 0x80, 0x7f, 0x7f, 0x80, 0x7f, 0x7f,
  0x7f, 0x7f, 0x7f, 0x7f, 0x7f, 0x7f, 0x7f, 0x7f, 0x7f, 0x80, 0x80, 0x80,
  0x80, 0x80, 0x80, 0x80, 0x80, 0x80, 0x80, 0x80, 0x80, 0x80, 0x7f, 0x80,
  0x80, 0x80, 0x80, 0x80, 0x80, 0x80, 0x80, 0x80, 0x80, 0x80, 0x80, 0x7f,
  0x7f, 0x80, 0x7f, 0x7f, 0x7f, 0x7f, 0x7f, 0x7f, 0x7f, 0x7f, 0x7f, 0x7f,
  0x80, 0x80, 0x80, 0x80, 0x80, 0x7f, 0x80, 0x80, 0x80, 0x80, 0x80, 0x80,
  0x80, 0x80, 0x7f, 0x80, 0x80, 0x80, 0x80, 0x80, 0x80, 0x80, 0x80, 0x80,
  0x80, 0x80, 0x80, 0x7f, 0x7f, 0x7f, 0x7f, 0x7f, 0x7f, 0x7f, 0x7f, 0x7f,
  0x80, 0x7f, 0x7f, 0x7f, 0x7f, 0x80, 0x80, 0x80, 0x80, 0x80, 0x80, 0x80,
  0x80, 0x80, 0x80, 0x80, 0x80, 0x7f, 0x7f, 0x80, 0x80, 0x80, 0x80, 0x80,
  0x80, 0x80, 0x80, 0x80, 0x80, 0x80, 0x7f, 0x7f, 0x7f, 0x7f, 0x7f, 0x7f,
  0x7f, 0x7f, 0x80, 0x80, 0x80, 0x7f, 0x80, 0x7f, 0x7f, 0x7f, 0x7f, 0x7f,
  0x80, 0x7f, 0x7f, 0x80, 0x80, 0x80, 0x80, 0x80, 0x80, 0x80, 0x80, 0x80,
  0x80, 0x80, 0x80, 0x80, 0x80, 0x80, 0x7f, 0x80, 0x80, 0x80, 0x80, 0x7f,
  0x7f, 0x7f, 0x7f, 0x7f, 0x7f, 0x7f, 0x7f, 0x7f, 0x80, 0x80, 0x80, 0x80,
  0x7f, 0x7f, 0x7f, 0x80, 0x7f, 0x7f, 0x7f, 0x7f, 0x80, 0x80, 0x80, 0x80,
  0x80, 0x80, 0x80, 0x80, 0x80, 0x80, 0x80, 0x80, 0x80, 0x80, 0x7f, 0x7f,
  0x7f, 0x80, 0x7f, 0x7f, 0x7f, 0x7f, 0x7f, 0x7f, 0x7f, 0x7f, 0x7f, 0x7f,
  0x7f, 0x7f, 0x80, 0x80, 0x80, 0x80, 0x80, 0x80, 0x7f, 0x7f, 0x7f, 0x80,
  0x80, 0x80, 0x80, 0x80, 0x80, 0x80, 0x80, 0x80, 0x80, 0x80, 0x80, 0x80,
  0x80, 0x80, 0x80, 0x7f, 0x7f, 0x7f, 0x7f, 0x7f, 0x7f, 0x7f, 0x7f, 0x7f,
  0x7f, 0x7f, 0x7f, 0x7f, 0x7f, 0x7f, 0x80, 0x80, 0x80, 0x80, 0x80, 0x80,
  0x80, 0x80, 0x80, 0x80, 0x80, 0x80, 0x80, 0x80, 0x80, 0x80, 0x80, 0x80,
  0x80, 0x80, 0x80, 0x80, 0x80, 0x80, 0x80, 0x80, 0x7f, 0x7f, 0x7f, 0x7f,
  0x7f, 0x7f, 0x7f, 0x7f, 0x7f, 0x7f, 0x7f, 0x7f, 0x80, 0x7f, 0x80, 0x80,
  0x80, 0x80, 0x80, 0x7f, 0x80, 0x7f, 0x7f, 0x80, 0x80, 0x80, 0x80, 0x80,
  0x80, 0x80, 0x80, 0x80, 0x80, 0x80, 0x80, 0x80, 0x80, 0x80, 0x7f, 0x7f,
  0x7f, 0x7f, 0x7f, 0x7f, 0x7f, 0x7f, 0x7f, 0x7f, 0x7f, 0x7f, 0x7f, 0x7f,
  0x80, 0x7f, 0x80, 0x80, 0x80, 0x80, 0x80, 0x7f, 0x7f, 0x80, 0x80, 0x80,
  0x80, 0x80, 0x80, 0x80, 0x80, 0x80, 0x80, 0x80, 0x80, 0x80, 0x80, 0x80,
  0x80, 0x80, 0x7f, 0x7f, 0x7f, 0x7f, 0x7f, 0x7f, 0x7f, 0x80, 0x7f, 0x7f,
  0x7f, 0x7f, 0x7f, 0x7f, 0x7f, 0x7f, 0x80, 0x80, 0x80, 0x80, 0x80, 0x7f,
  0x7f, 0x80, 0x80, 0x80, 0x80, 0x80, 0x80, 0x80, 0x80, 0x80, 0x80, 0x80,
  0x80, 0x80, 0x80, 0x80, 0x80, 0x80, 0x80, 0x80, 0x7f, 0x7f, 0x7f, 0x7f,
  0x7f, 0x80, 0x7f, 0x7f, 0x7f, 0x7f, 0x7f, 0x7f, 0x7f, 0x7f, 0x7f, 0x80,
  0x80, 0x80, 0x7f, 0x7f, 0x7f, 0x80, 0x80, 0x80, 0x80, 0x80, 0x80, 0x80,
  0x80, 0x80, 0x80, 0x80, 0x80, 0x80, 0x80, 0x80, 0x80, 0x80, 0x7f, 0x7f,
  0x7f, 0x7f, 0x7f, 0x7f, 0x7f, 0x80, 0x7f, 0x7f, 0x7f, 0x7f, 0x7f, 0x7f,
  0x7f, 0x7f, 0x7f, 0x7f, 0x7f, 0x80, 0x7f, 0x7f, 0x7f, 0x7f, 0x80, 0x7f,
  0x80, 0x80, 0x7f, 0x7f, 0x80, 0x80, 0x80, 0x80, 0x80, 0x80, 0x80, 0x80,
  0x80, 0x80, 0x80, 0x80, 0x80, 0x80, 0x80, 0x7f, 0x7f, 0x7f, 0x7f, 0x80,
  0x7f, 0x7f, 0x80, 0x7f, 0x7f, 0x7f, 0x7f, 0x7f, 0x7f, 0x80, 0x80, 0x80,
  0x80, 0x7f, 0x80, 0x80, 0x80, 0x80, 0x80, 0x80, 0x7f, 0x7f, 0x7f, 0x80,
  0x80, 0x80, 0x80, 0x80, 0x80, 0x80, 0x80, 0x80, 0x80, 0x80, 0x80, 0x7f,
  0x7f, 0x80, 0x7f, 0x80, 0x80, 0x80, 0x80, 0x80, 0x7f, 0x7f, 0x7f, 0x7f,
  0x7f, 0x80, 0x80, 0x80, 0x80, 0x7f, 0x7f, 0x7f, 0x80, 0x80, 0x80, 0x7f,
  0x7f, 0x7f, 0x7f, 0x80, 0x80, 0x80, 0x80, 0x80, 0x80, 0x80, 0x80, 0x80,
  0x80, 0x80, 0x80, 0x7f, 0x7f, 0x7f, 0x7f, 0x80, 0x80, 0x80, 0x80, 0x80,
  0x7f, 0x7f, 0x7f, 0x7f, 0x7f, 0x7f, 0x7f, 0x7f, 0x7f, 0x80, 0x80, 0x80,
  0x80, 0x80, 0x80, 0x7f, 0x7f, 0x7f, 0x7f, 0x7f, 0x7f, 0x80, 0x80, 0x80,
  0x80, 0x80, 0x80, 0x80, 0x80, 0x80, 0x80, 0x80, 0x7f, 0x7f, 0x7f, 0x7f,
  0x80, 0x80, 0x80, 0x80, 0x80, 0x80, 0x80, 0x80, 0x7f, 0x7f, 0x7f, 0x7f,
  0x7f, 0x7f, 0x7f, 0x80, 0x7f, 0x80, 0x80, 0x80, 0x80, 0x80, 0x80, 0x80,
  0x80, 0x80, 0x80, 0x80, 0x80, 0x80, 0x7f, 0x7f, 0x7f, 0x80, 0x80, 0x7f,
  0x7f, 0x80, 0x7f, 0x80, 0x7f, 0x7f, 0x7f, 0x7f, 0x80, 0x80, 0x80, 0x80,
  0x80, 0x80, 0x7f, 0x7f, 0x7f, 0x7f, 0x7f, 0x7f, 0x7f, 0x80, 0x80, 0x80,
  0x80, 0x80, 0x80, 0x80, 0x80, 0x80, 0x80, 0x80, 0x80, 0x80, 0x7f, 0x7f,
  0x7f, 0x7f, 0x7f, 0x7f, 0x7f, 0x7f, 0x7f, 0x7f, 0x7f, 0x7f, 0x7f, 0x7f,
  0x7f, 0x7f, 0x7f, 0x80, 0x80, 0x80, 0x80, 0x7f, 0x7f, 0x7f, 0x7f, 0x7f,
  0x80, 0x80, 0x80, 0x80, 0x80, 0x80, 0x80, 0x80, 0x80, 0x80, 0x80, 0x80,
  0x80, 0x80, 0x7f, 0x7f, 0x7f, 0x7f, 0x7f, 0x7f, 0x7f, 0x7f, 0x7f, 0x7f,
  0x7f, 0x7f, 0x7f, 0x7f, 0x80, 0x7f, 0x80, 0x80, 0x80, 0x80, 0x80, 0x80,
  0x7f, 0x80, 0x7f, 0x7f, 0x7f, 0x80, 0x80, 0x80, 0x80, 0x80, 0x80, 0x80,
  0x80, 0x80, 0x80, 0x80, 0x80, 0x80, 0x7f, 0x7f, 0x7f, 0x7f, 0x7f, 0x7f,
  0x7f, 0x7f, 0x7f, 0x7f, 0x7f, 0x7f, 0x7f, 0x7f, 0x80, 0x7f, 0x80, 0x80,
  0x80, 0x80, 0x80, 0x7f, 0x7f, 0x7f, 0x7f, 0x7f, 0x7f, 0x80, 0x7f, 0x80,
  0x80, 0x80, 0x80, 0x80, 0x80, 0x80, 0x80, 0x80, 0x80, 0x80, 0x7f, 0x7f,
  0x7f, 0x7f, 0x7f, 0x7f, 0x7f, 0x7f, 0x7f, 0x7f, 0x7f, 0x7f, 0x7f, 0x7f,
  0x7f, 0x7f, 0x80, 0x80, 0x80, 0x80, 0x80, 0x7f, 0x7f, 0x80, 0x7f, 0x80,
  0x80, 0x80, 0x80, 0x80, 0x80, 0x80, 0x80, 0x80, 0x80, 0x80, 0x80, 0x80,
  0x80, 0x80, 0x7f, 0x80, 0x7f, 0x7f, 0x7f, 0x7f, 0x7f, 0x80, 0x7f, 0x7f,
  0x7f, 0x7f, 0x7f, 0x7f, 0x80, 0x7f, 0x80, 0x80, 0x80, 0x80, 0x80, 0x7f,
  0x80, 0x7f, 0x7f, 0x80, 0x80, 0x80, 0x80, 0x80, 0x80, 0x7f, 0x80, 0x80,
  0x80, 0x80, 0x80, 0x80, 0x80, 0x80, 0x80, 0x80, 0x7f, 0x7f, 0x7f, 0x7f,
  0x7f, 0x7f, 0x7f, 0x7f, 0x7f, 0x7f, 0x7f, 0x7f, 0x80, 0x7f, 0x7f, 0x80,
  0x80, 0x80, 0x7f, 0x7f, 0x7f, 0x80, 0x80, 0x80, 0x80, 0x80, 0x80, 0x80,
  0x80, 0x80, 0x80, 0x80, 0x80, 0x80, 0x80, 0x80, 0x80, 0x80, 0x7f, 0x80,
  0x7f, 0x7f, 0x7f, 0x7f, 0x7f, 0x80, 0x7f, 0x7f, 0x7f, 0x7f, 0x7f, 0x7f,
  0x7f, 0x7f, 0x7f, 0x7f, 0x7f, 0x80, 0x80, 0x80, 0x80, 0x7f, 0x80, 0x7f,
  0x80, 0x80, 0x7f, 0x7f, 0x80, 0x80, 0x80, 0x80, 0x80, 0x80, 0x80, 0x80,
  0x80, 0x80, 0x80, 0x80, 0x80, 0x80, 0x7f, 0x7f, 0x7f, 0x7f, 0x7f, 0x80,
  0x7f, 0x80, 0x80, 0x80, 0x7f, 0x7f, 0x7f, 0x7f, 0x80, 0x80, 0x80, 0x80,
  0x80, 0x7f, 0x80, 0x80, 0x80, 0x80, 0x80, 0x80, 0x7f, 0x7f, 0x80, 0x80,
  0x80, 0x80, 0x80, 0x80, 0x80, 0x80, 0x80, 0x80, 0x80, 0x80, 0x80, 0x7f,
  0x7f, 0x7f, 0x7f, 0x80, 0x80, 0x80, 0x80, 0x80, 0x7f, 0x7f, 0x7f, 0x7f,
  0x7f, 0x80, 0x80, 0x80, 0x80, 0x80, 0x80, 0x80, 0x80, 0x80, 0x80, 0x7f,
  0x7f, 0x80, 0x80, 0x80, 0x80, 0x80, 0x80, 0x80, 0x80, 0x80, 0x80, 0x80,
  0x80, 0x80, 0x80, 0x80, 0x7f, 0x80, 0x7f, 0x80, 0x80, 0x80, 0x80, 0x7f,
  0x7f, 0x7f, 0x7f, 0x7f, 0x7f, 0x80, 0x80, 0x80, 0x80, 0x80, 0x80, 0x80,
  0x80, 0x80, 0x80, 0x80, 0x80, 0x80, 0x80, 0x80, 0x80, 0x80, 0x80, 0x80,
  0x80, 0x80, 0x80, 0x80, 0x80, 0x80, 0x80, 0x80, 0x80, 0x80, 0x7f, 0x80,
  0x7f, 0x80, 0x80, 0x80, 0x80, 0x7f, 0x80, 0x7f, 0x7f, 0x7f, 0x7f, 0x80,
  0x80, 0x80, 0x7f, 0x80, 0x80, 0x80, 0x80, 0x80, 0x80, 0x80, 0x80, 0x80,
  0x80, 0x80, 0x80, 0x80, 0x80, 0x80, 0x80, 0x80, 0x7f, 0x80, 0x80, 0x7f,
  0x80, 0x80, 0x80, 0x80, 0x7f, 0x7f, 0x7f, 0x7f, 0x7f, 0x7f, 0x80, 0x7f,
  0x7f, 0x80, 0x7f, 0x7f, 0x7f, 0x7f, 0x7f, 0x7f, 0x80, 0x80, 0x80, 0x80,
  0x80, 0x80, 0x80, 0x80, 0x80, 0x80, 0x80, 0x80, 0x80, 0x80, 0x80, 0x80,
  0x7f, 0x80, 0x7f, 0x7f, 0x7f, 0x7f, 0x7f, 0x7f, 0x7f, 0x7f, 0x7f, 0x7f,
  0x7f, 0x7f, 0x7f, 0x7f, 0x7f, 0x80, 0x80, 0x80, 0x7f, 0x80, 0x80, 0x80,
  0x80, 0x80, 0x80, 0x80, 0x80, 0x80, 0x80, 0x80, 0x80, 0x80, 0x80, 0x80,
  0x80, 0x80, 0x7f, 0x80, 0x7f, 0x7f, 0x7f, 0x7f, 0x7f, 0x7f, 0x7f, 0x7f,
  0x7f, 0x7f, 0x7f, 0x7f, 0x7f, 0x7f, 0x80, 0x80, 0x80, 0x80, 0x80, 0x80,
  0x80, 0x80, 0x80, 0x80, 0x80, 0x80, 0x80, 0x80, 0x80, 0x80, 0x80, 0x80,
  0x80, 0x80, 0x80, 0x80, 0x80, 0x80, 0x7f, 0x7f, 0x7f, 0x7f, 0x7f, 0x7f,
  0x7f, 0x7f, 0x7f, 0x7f, 0x7f, 0x7f, 0x7f, 0x7f, 0x7f, 0x7f, 0x80, 0x80,
  0x80, 0x80, 0x80, 0x80, 0x7f, 0x7f, 0x7f, 0x80, 0x80, 0x80, 0x80, 0x80,
  0x80, 0x80, 0x80, 0x80, 0x80, 0x80, 0x80, 0x80, 0x80, 0x80, 0x7f, 0x80,
  0x7f, 0x7f, 0x7f, 0x7f, 0x7f, 0x7f, 0x7f, 0x7f, 0x7f, 0x7f, 0x7f, 0x7f,
  0x7f, 0x7f, 0x7f, 0x80, 0x80, 0x80, 0x80, 0x80, 0x7f, 0x7f, 0x7f, 0x80,
  0x80, 0x80, 0x80, 0x80, 0x80, 0x80, 0x80, 0x80, 0x80, 0x80, 0x80, 0x80,
  0x80, 0x80, 0x80, 0x80, 0x7f, 0x7f, 0x7f, 0x7f, 0x7f, 0x80, 0x7f, 0x7f,
  0x7f, 0x7f, 0x7f, 0x7f, 0x80, 0x7f, 0x7f, 0x80, 0x80, 0x80, 0x80, 0x80,
  0x7f, 0x7f, 0x7f, 0x80, 0x80, 0x80, 0x80, 0x80, 0x80, 0x80, 0x80, 0x80,
  0x80, 0x80, 0x80, 0x80, 0x80, 0x80, 0x80, 0x80, 0x7f, 0x7f, 0x7f, 0x7f,
  0x7f, 0x7f, 0x7f, 0x7f, 0x7f, 0x7f, 0x7f, 0x7f, 0x7f, 0x7f, 0x7f, 0x7f,
  0x80, 0x80, 0x80, 0x80, 0x7f, 0x7f, 0x7f, 0x80, 0x80, 0x80, 0x80, 0x80,
  0x80, 0x80, 0x80, 0x80, 0x80, 0x80, 0x80, 0x80, 0x80, 0x80, 0x80, 0x80,
  0x7f, 0x7f, 0x7f, 0x7f, 0x7f, 0x80, 0x7f, 0x7f, 0x7f, 0x7f, 0x7f, 0x7f,
  0x7f, 0x7f, 0x7f, 0x80, 0x80, 0x80, 0x80, 0x7f, 0x7f, 0x7f, 0x7f, 0x7f,
  0x80, 0x80, 0x7f, 0x7f, 0x80, 0x7f, 0x80, 0x80, 0x80, 0x80, 0x80, 0x80,
  0x80, 0x80, 0x80, 0x80, 0x80, 0x80, 0x7f, 0x7f, 0x7f, 0x7f, 0x7f, 0x7f,
  0x7f, 0x7f, 0x7f, 0x7f, 0x7f, 0x7f, 0x7f, 0x80, 0x80, 0x80, 0x80, 0x80,
  0x80, 0x7f, 0x7f, 0x80, 0x80, 0x80, 0x80, 0x80, 0x7f, 0x7f, 0x80, 0x80,
  0x80, 0x80, 0x80, 0x80, 0x80, 0x80, 0x80, 0x80, 0x80, 0x80, 0x80, 0x7f,
  0x7f, 0x7f, 0x7f, 0x7f, 0x7f, 0x7f, 0x7f, 0x7f, 0x7f, 0x7f, 0x80, 0x7f,
  0x7f, 0x80, 0x80, 0x80, 0x80, 0x80, 0x80, 0x80, 0x80, 0x80, 0x80, 0x80,
  0x80, 0x80, 0x80, 0x80, 0x80, 0x80, 0x80, 0x80, 0x80, 0x80, 0x80, 0x80,
  0x80, 0x80, 0x80, 0x7f, 0x7f, 0x7f, 0x7f, 0x7f, 0x7f, 0x7f, 0x7f, 0x7f,
  0x7f, 0x7f, 0x7f, 0x7f, 0x7f, 0x80, 0x80, 0x80, 0x80, 0x80, 0x80, 0x80,
  0x80, 0x80, 0x80, 0x80, 0x80, 0x80, 0x80, 0x80, 0x80, 0x80, 0x80, 0x80,
  0x80, 0x80, 0x80, 0x80, 0x80, 0x80, 0x80, 0x7f, 0x80, 0x80, 0x7f, 0x80,
  0x7f, 0x7f, 0x7f, 0x7f, 0x80, 0x7f, 0x7f, 0x80, 0x7f, 0x7f, 0x80, 0x80,
  0x80, 0x80, 0x80, 0x80, 0x80, 0x80, 0x80, 0x80, 0x80, 0x80, 0x80, 0x80,
  0x80, 0x80, 0x80, 0x80, 0x80, 0x80, 0x80, 0x80, 0x80, 0x80, 0x80, 0x7f,
  0x80, 0x80, 0x80, 0x80, 0x7f, 0x7f, 0x7f, 0x7f, 0x7f, 0x7f, 0x7f, 0x80,
  0x7f, 0x80, 0x80, 0x80, 0x80, 0x7f, 0x7f, 0x80, 0x80, 0x80, 0x80, 0x80,
  0x80, 0x80, 0x80, 0x80, 0x80, 0x80, 0x80, 0x80, 0x80, 0x80, 0x80, 0x80,
  0x80, 0x80, 0x7f, 0x7f, 0x7f, 0x80, 0x7f, 0x7f, 0x7f, 0x7f, 0x7f, 0x7f,
  0x7f, 0x7f, 0x7f, 0x7f, 0x7f, 0x80, 0x7f, 0x80, 0x80, 0x80, 0x80, 0x80,
  0x80, 0x80, 0x80, 0x80, 0x80, 0x80, 0x80, 0x80, 0x80, 0x80, 0x80, 0x80,
  0x80, 0x80, 0x80, 0x80, 0x80, 0x80, 0x80, 0x7f, 0x7f, 0x7f, 0x7f, 0x7f,
  0x7f, 0x7f, 0x7f, 0x7f, 0x80, 0x7f, 0x7f, 0x7f, 0x7f, 0x7f, 0x7f, 0x80,
  0x80, 0x80, 0x80, 0x80, 0x80, 0x80, 0x80, 0x80, 0x80, 0x80, 0x80, 0x80,
  0x80, 0x80, 0x80, 0x80, 0x80, 0x80, 0x80, 0x80, 0x80, 0x80, 0x80, 0x80,
  0x80, 0x80, 0x80, 0x80, 0x7f, 0x7f, 0x7f, 0x7f, 0x7f, 0x7f, 0x7f, 0x7f,
  0x7f, 0x80, 0x7f, 0x80, 0x80, 0x80, 0x80, 0x80, 0x80, 0x80, 0x80, 0x80,
  0x80, 0x7f, 0x7f, 0x80, 0x80, 0x80, 0x80, 0x80, 0x80, 0x80, 0x80, 0x80,
  0x80, 0x80, 0x80, 0x7f, 0x7f, 0x7f, 0x7f, 0x80, 0x7f, 0x7f, 0x7f, 0x7f,
  0x7f, 0x7f, 0x7f, 0x80, 0x7f, 0x80, 0x80, 0x80, 0x80, 0x7f, 0x7f, 0x80,
  0x80, 0x80, 0x80, 0x80, 0x80, 0x7f, 0x7f, 0x80, 0x80, 0x80, 0x80, 0x80,
  0x80, 0x80, 0x80, 0x80, 0x80, 0x80, 0x80, 0x7f, 0x7f, 0x80, 0x7f, 0x7f,
  0x7f, 0x7f, 0x7f, 0x7f, 0x7f, 0x7f, 0x7f, 0x80, 0x80, 0x80, 0x80, 0x80,
  0x80, 0x80, 0x7f, 0x80, 0x80, 0x80, 0x80, 0x80, 0x80, 0x80, 0x7f, 0x80,
  0x80, 0x80, 0x80, 0x80, 0x80, 0x80, 0x80, 0x80, 0x80, 0x80, 0x7f, 0x7f,
  0x7f, 0x7f, 0x7f, 0x7f, 0x7f, 0x7f, 0x7f, 0x7f, 0x80, 0x7f, 0x80, 0x80,
  0x7f, 0x80, 0x80, 0x80, 0x80, 0x80, 0x80, 0x80, 0x80, 0x80, 0x80, 0x80,
  0x80, 0x7f, 0x7f, 0x80, 0x80, 0x80, 0x80, 0x80, 0x80, 0x80, 0x80, 0x80,
  0x80, 0x80, 0x7f, 0x7f, 0x7f, 0x7f, 0x7f, 0x7f, 0x7f, 0x7f, 0x7f, 0x80,
  0x80, 0x7f, 0x80, 0x80, 0x7f, 0x7f, 0x80, 0x80, 0x80, 0x7f, 0x80, 0x80,
  0x80, 0x80, 0x80, 0x80, 0x80, 0x80, 0x80, 0x80, 0x80, 0x80, 0x80, 0x80,
  0x80, 0x80, 0x7f, 0x80, 0x80, 0x80, 0x7f, 0x7f, 0x7f, 0x80, 0x7f, 0x7f,
  0x7f, 0x7f, 0x7f, 0x7f, 0x80, 0x7f, 0x80, 0x80, 0x80, 0x80, 0x80, 0x7f,
  0x7f, 0x80, 0x7f, 0x80, 0x80, 0x80, 0x80, 0x80, 0x80, 0x80, 0x80, 0x80,
  0x80, 0x80, 0x80, 0x80, 0x80, 0x80, 0x80, 0x80, 0x7f, 0x80, 0x7f, 0x7f,
  0x7f, 0x7f, 0x7f, 0x7f, 0x7f, 0x7f, 0x7f, 0x7f, 0x7f, 0x7f, 0x7f, 0x80,
  0x80, 0x7f, 0x80, 0x80, 0x80, 0x80, 0x80, 0x80, 0x80, 0x80, 0x80, 0x80,
  0x80, 0x80, 0x80, 0x80, 0x80, 0x80, 0x80, 0x80, 0x80, 0x80, 0x80, 0x80,
  0x7f, 0x7f, 0x7f, 0x7f, 0x7f, 0x7f, 0x7f, 0x7f, 0x7f, 0x7f, 0x7f, 0x7f,
  0x80, 0x7f, 0x7f, 0x80, 0x80, 0x80, 0x80, 0x80, 0x7f, 0x80, 0x80, 0x80,
  0x80, 0x80, 0x80, 0x80, 0x80, 0x80, 0x80, 0x80, 0x80, 0x80, 0x80, 0x80,
  0x80, 0x80, 0x7f, 0x80, 0x7f, 0x7f, 0x7f, 0x7f, 0x7f, 0x80, 0x7f, 0x80,
  0x7f, 0x7f, 0x7f, 0x7f, 0x7f, 0x7f, 0x80, 0x80, 0x80, 0x80, 0x80, 0x7f,
  0x7f, 0x7f, 0x7f, 0x7f, 0x7f, 0x7f, 0x7f, 0x7f, 0x80, 0x80, 0x80, 0x80,
  0x80, 0x80, 0x80, 0x80, 0x80, 0x80, 0x80, 0x80, 0x80, 0x80, 0x80, 0x7f,
  0x7f, 0x80, 0x7f, 0x7f, 0x7f, 0x7f, 0x7f, 0x7f, 0x7f, 0x7f, 0x7f, 0x80,
  0x80, 0x80, 0x80, 0x80, 0x80, 0x7f, 0x7f, 0x80, 0x80, 0x80, 0x80, 0x80,
  0x80, 0x80, 0x80, 0x80, 0x80, 0x80, 0x80, 0x80, 0x80, 0x80, 0x80, 0x80,
  0x80, 0x80, 0x7f, 0x7f, 0x7f, 0x80, 0x7f, 0x80, 0x7f, 0x7f, 0x7f, 0x7f,
  0x80, 0x7f, 0x7f, 0x80, 0x80, 0x80, 0x80, 0x80, 0x7f, 0x7f, 0x7f, 0x7f,
  0x80, 0x80, 0x80, 0x80, 0x80, 0x80, 0x80, 0x80, 0x80, 0x80, 0x80, 0x80,
  0x80, 0x80, 0x80, 0x80, 0x80, 0x80, 0x7f, 0x7f, 0x7f, 0x80, 0x7f, 0x7f,
  0x7f, 0x7f, 0x7f, 0x7f, 0x7f, 0x7f, 0x7f, 0x80, 0x80, 0x80, 0x80, 0x80,
  0x7f, 0x7f, 0x7f, 0x7f, 0x80, 0x80, 0x80, 0x80, 0x80, 0x80, 0x80, 0x80,
  0x80, 0x80, 0x80, 0x80, 0x80, 0x80, 0x80, 0x80, 0x80, 0x80, 0x80, 0x7f,
  0x7f, 0x7f, 0x7f, 0x7f, 0x7f, 0x7f, 0x80, 0x80, 0x80, 0x7f, 0x7f, 0x7f,
  0x7f, 0x7f, 0x80, 0x80, 0x80, 0x80, 0x80, 0x80, 0x80, 0x80, 0x80, 0x80,
  0x80, 0x80, 0x80, 0x80, 0x80, 0x80, 0x80, 0x80, 0x80, 0x80, 0x80, 0x80,
  0x80, 0x80, 0x7f, 0x7f, 0x7f, 0x7f, 0x7f, 0x7f, 0x7f, 0x7f, 0x7f, 0x7f,
  0x7f, 0x7f, 0x7f, 0x7f, 0x7f, 0x80, 0x80, 0x80, 0x80, 0x80, 0x80, 0x80,
  0x80, 0x80, 0x80, 0x80, 0x80, 0x80, 0x80, 0x80, 0x80, 0x80, 0x80, 0x80,
  0x80, 0x80, 0x80, 0x80, 0x80, 0x7f, 0x7f, 0x7f, 0x7f, 0x80, 0x7f, 0x7f,
  0x7f, 0x7f, 0x7f, 0x7f, 0x7f, 0x7f, 0x7f, 0x80, 0x7f, 0x80, 0x80, 0x7f,
  0x80, 0x80, 0x80, 0x80, 0x80, 0x80, 0x80, 0x80, 0x80, 0x80, 0x80, 0x80,
  0x80, 0x80, 0x80, 0x80, 0x80, 0x80, 0x80, 0x80, 0x80, 0x7f, 0x7f, 0x7f,
  0x7f, 0x7f, 0x7f, 0x7f, 0x7f, 0x7f, 0x7f, 0x7f, 0x7f, 0x7f, 0x7f, 0x7f,
  0x7f, 0x80, 0x80, 0x80, 0x80, 0x80, 0x80, 0x80, 0x80, 0x80, 0x80, 0x80,
  0x80, 0x80, 0x80, 0x80, 0x80, 0x80, 0x80, 0x80, 0x80, 0x80, 0x80, 0x80,
  0x80, 0x7f, 0x7f, 0x7f, 0x7f, 0x7f, 0x7f, 0x7f, 0x7f, 0x7f, 0x7f, 0x7f,
  0x7f, 0x7f, 0x7f, 0x80, 0x7f, 0x80, 0x80, 0x7f, 0x7f, 0x7f, 0x7f, 0x80,
  0x80, 0x80, 0x80, 0x80, 0x80, 0x80, 0x80, 0x80, 0x80, 0x80, 0x80, 0x80,
  0x80, 0x80, 0x80, 0x80, 0x7f, 0x80, 0x7f, 0x7f, 0x7f, 0x7f, 0x7f, 0x7f,
  0x7f, 0x7f, 0x7f, 0x7f, 0x7f, 0x7f, 0x7f, 0x7f, 0x7f, 0x7f, 0x7f, 0x80,
  0x7f, 0x7f, 0x7f, 0x80, 0x80, 0x80, 0x80, 0x80, 0x80, 0x80, 0x80, 0x80,
  0x80, 0x80, 0x80, 0x80, 0x80, 0x80, 0x80, 0x80, 0x80, 0x80, 0x80, 0x7f,
  0x7f, 0x7f, 0x7f, 0x7f, 0x7f, 0x7f, 0x7f, 0x7f, 0x7f, 0x7f, 0x7f, 0x7f,
  0x7f, 0x80, 0x80, 0x80, 0x80, 0x7f, 0x7f, 0x80, 0x80, 0x80, 0x80, 0x80,
  0x80, 0x80, 0x80, 0x80, 0x80, 0x80, 0x80, 0x80, 0x80, 0x80, 0x80, 0x80,
  0x80, 0x80, 0x7f, 0x7f, 0x7f, 0x7f, 0x7f, 0x7f, 0x7f, 0x7f, 0x7f, 0x7f,
  0x7f, 0x7f, 0x7f, 0x7f, 0x7f, 0x80, 0x80, 0x80, 0x80, 0x80, 0x80, 0x80,
  0x80, 0x80, 0x80, 0x80, 0x80, 0x80, 0x80, 0x80, 0x80, 0x80, 0x80, 0x80,
  0x80, 0x80, 0x80, 0x80, 0x80, 0x80, 0x7f, 0x7f, 0x7f, 0x7f, 0x7f, 0x7f,
  0x7f, 0x7f, 0x7f, 0x7f, 0x80, 0x7f, 0x7f, 0x80, 0x7f, 0x80, 0x80, 0x80,
  0x80, 0x80, 0x80, 0x80, 0x80, 0x80, 0x80, 0x80, 0x80, 0x80, 0x80, 0x80,
  0x80, 0x80, 0x80, 0x80, 0x80, 0x80, 0x7f, 0x7f, 0x7f, 0x7f, 0x7f, 0x7f,
  0x7f, 0x7f, 0x7f, 0x7f, 0x7f, 0x7f, 0x7f, 0x7f, 0x80, 0x7f, 0x80, 0x80,
  0x80, 0x80, 0x80, 0x7f, 0x7f, 0x80, 0x7f, 0x80, 0x80, 0x80, 0x80, 0x80,
  0x80, 0x80, 0x80, 0x80, 0x80, 0x80, 0x80, 0x80, 0x80, 0x80, 0x80, 0x80,
  0x7f, 0x7f, 0x7f, 0x7f, 0x7f, 0x7f, 0x7f, 0x7f, 0x7f, 0x7f, 0x7f, 0x7f,
  0x80, 0x7f, 0x7f, 0x80, 0x80, 0x80, 0x80, 0x7f, 0x7f, 0x80, 0x80, 0x80,
  0x80, 0x80, 0x80, 0x80, 0x80, 0x80, 0x80, 0x80, 0x80, 0x80, 0x80, 0x80,
  0x80, 0x80, 0x80, 0x80, 0x7f, 0x7f, 0x7f, 0x7f, 0x7f, 0x80, 0x7f, 0x7f,
  0x7f, 0x7f, 0x7f, 0x7f, 0x7f, 0x7f, 0x7f, 0x80, 0x80, 0x80, 0x7f, 0x7f,
  0x7f, 0x7f, 0x80, 0x80, 0x80, 0x80, 0x80, 0x80, 0x80, 0x80, 0x80, 0x80,
  0x80, 0x80, 0x80, 0x80, 0x80, 0x80, 0x7f, 0x80, 0x7f, 0x7f, 0x7f, 0x7f,
  0x7f, 0x7f, 0x7f, 0x7f, 0x7f, 0x7f, 0x7f, 0x7f, 0x7f, 0x7f, 0x7f, 0x80,
  0x80, 0x80, 0x80, 0x7f, 0x7f, 0x7f, 0x7f, 0x7f, 0x80, 0x80, 0x7f, 0x7f,
  0x80, 0x80, 0x80, 0x80, 0x80, 0x80, 0x80, 0x80, 0x80, 0x80, 0x80, 0x80,
  0x80, 0x80, 0x7f, 0x7f, 0x7f, 0x7f, 0x7f, 0x7f, 0x7f, 0x7f, 0x7f, 0x7f,
  0x7f, 0x7f, 0x7f, 0x80, 0x80, 0x80, 0x80, 0x80, 0x80, 0x7f, 0x7f, 0x80,
  0x80, 0x80, 0x80, 0x80, 0x7f, 0x7f, 0x80, 0x80, 0x80, 0x80, 0x80, 0x80,
  0x80, 0x80, 0x80, 0x80, 0x80, 0x80, 0x80, 0x7f, 0x7f, 0x80, 0x7f, 0x7f,
  0x7f, 0x7f, 0x7f, 0x7f, 0x7f, 0x7f, 0x7f, 0x80, 0x7f, 0x80, 0x80, 0x80,
  0x80, 0x7f, 0x7f, 0x80, 0x80, 0x80, 0x80, 0x80, 0x80, 0x7f, 0x7f, 0x80,
  0x80, 0x80, 0x80, 0x80, 0x80, 0x80, 0x80, 0x80, 0x80, 0x80, 0x80, 0x7f,
  0x7f, 0x7f, 0x7f, 0x7f, 0x7f, 0x7f, 0x80, 0x7f, 0x7f, 0x7f, 0x7f, 0x7f,
  0x7f, 0x80, 0x80, 0x80, 0x7f, 0x80, 0x80, 0x80, 0x80, 0x80, 0x80, 0x80,
  0x80, 0x80, 0x80, 0x80, 0x80, 0x80, 0x80, 0x80, 0x80, 0x80, 0x80, 0x80,
  0x80, 0x80, 0x80, 0x7f, 0x7f, 0x7f, 0x7f, 0x7f, 0x7f, 0x7f, 0x7f, 0x7f,
  0x80, 0x7f, 0x7f, 0x7f, 0x7f, 0x7f, 0x7f, 0x7f, 0x80, 0x80, 0x7f, 0x80,
  0x80, 0x80, 0x80, 0x80, 0x80, 0x80, 0x80, 0x80, 0x80, 0x80, 0x80, 0x80,
  0x80, 0x80, 0x80, 0x80, 0x80, 0x80, 0x7f, 0x7f, 0x7f, 0x80, 0x7f, 0x7f,
  0x7f, 0x7f, 0x7f, 0x7f, 0x80, 0x7f, 0x80, 0x80, 0x7f, 0x80, 0x7f, 0x7f,
  0x7f, 0x7f, 0x7f, 0x80, 0x80, 0x80, 0x80, 0x80, 0x80, 0x80, 0x80, 0x80,
  0x80, 0x80, 0x80, 0x80, 0x80, 0x80, 0x80, 0x80, 0x7f, 0x80, 0x7f, 0x7f,
  0x7f, 0x7f, 0x7f, 0x7f, 0x7f, 0x7f, 0x7f, 0x7f, 0x7f, 0x7f, 0x7f, 0x80,
  0x7f, 0x7f, 0x80, 0x80, 0x7f, 0x7f, 0x7f, 0x80, 0x80, 0x80, 0x80, 0x80,
  0x80, 0x80, 0x80, 0x80, 0x80, 0x80, 0x80, 0x80, 0x80, 0x80, 0x80, 0x80,
  0x7f, 0x7f, 0x7f, 0x7f, 0x7f, 0x7f, 0x7f, 0x7f, 0x7f, 0x7f, 0x7f, 0x7f,
  0x7f, 0x7f, 0x7f, 0x80, 0x7f, 0x80, 0x80, 0x80, 0x80, 0x80, 0x80, 0x80,
  0x80, 0x80, 0x80, 0x80, 0x80, 0x80, 0x80, 0x80, 0x80, 0x80, 0x80, 0x80,
  0x80, 0x80, 0x80, 0x80, 0x7f, 0x7f, 0x7f, 0x7f, 0x7f, 0x7f, 0x7f, 0x7f,
  0x7f, 0x7f, 0x7f, 0x7f, 0x7f, 0x7f, 0x7f, 0x80, 0x80, 0x80, 0x80, 0x7f,
  0x80, 0x7f, 0x7f, 0x7f, 0x80, 0x80, 0x80, 0x80, 0x80, 0x80, 0x80, 0x80,
  0x80, 0x80, 0x80, 0x80, 0x80, 0x80, 0x80, 0x80, 0x7f, 0x7f, 0x7f, 0x7f,
  0x7f, 0x80, 0x7f, 0x7f, 0x7f, 0x7f, 0x7f, 0x7f, 0x7f, 0x7f, 0x7f, 0x7f,
  0x7f, 0x80, 0x80, 0x80, 0x80, 0x7f, 0x7f, 0x80, 0x80, 0x80, 0x80, 0x80,
  0x80, 0x80, 0x80, 0x80, 0x80, 0x80, 0x80, 0x80, 0x80, 0x80, 0x80, 0x80,
  0x80, 0x80, 0x7f, 0x7f, 0x7f, 0x80, 0x7f, 0x7f, 0x7f, 0x7f, 0x7f, 0x7f,
  0x7f, 0x7f, 0x7f, 0x80, 0x80, 0x80, 0x80, 0x80, 0x80, 0x7f, 0x7f, 0x80,
  0x80, 0x80, 0x80, 0x80, 0x80, 0x80, 0x80, 0x80, 0x80, 0x80, 0x80, 0x80,
  0x80, 0x80, 0x80, 0x80, 0x80, 0x80, 0x7f, 0x7f, 0x7f, 0x7f, 0x7f, 0x7f,
  0x7f, 0x7f, 0x7f, 0x7f, 0x7f, 0x7f, 0x7f, 0x7f, 0x80, 0x80, 0x80, 0x80,
  0x80, 0x7f, 0x7f, 0x80, 0x80, 0x80, 0x80, 0x80, 0x80, 0x80, 0x80, 0x80,
  0x80, 0x80, 0x80, 0x80, 0x80, 0x80, 0x80, 0x80, 0x80, 0x80, 0x7f, 0x7f,
  0x7f, 0x7f, 0x7f, 0x7f, 0x7f, 0x7f, 0x7f, 0x7f, 0x7f, 0x7f, 0x7f, 0x7f,
  0x7f, 0x80, 0x80, 0x80, 0x80, 0x80, 0x80, 0x80, 0x80, 0x80, 0x80, 0x80,
  0x80, 0x80, 0x80, 0x80, 0x80, 0x80, 0x80, 0x80, 0x80, 0x80, 0x80, 0x80,
  0x80, 0x80, 0x7f, 0x7f, 0x7f, 0x80, 0x7f, 0x7f, 0x7f, 0x7f, 0x7f, 0x7f,
  0x7f, 0x7f, 0x7f, 0x7f, 0x7f, 0x80, 0x80, 0x80, 0x80, 0x80, 0x80, 0x80,
  0x80, 0x80, 0x80, 0x80, 0x80, 0x80, 0x80, 0x80, 0x80, 0x80, 0x80, 0x80,
  0x80, 0x80, 0x80, 0x80, 0x80, 0x80, 0x7f, 0x7f, 0x7f, 0x7f, 0x7f, 0x7f,
  0x7f, 0x7f, 0x7f, 0x7f, 0x7f, 0x7f, 0x7f, 0x7f, 0x7f, 0x80, 0x80, 0x80,
  0x80, 0x80, 0x80, 0x80, 0x80, 0x80, 0x80, 0x80, 0x80, 0x80, 0x80, 0x80,
  0x80, 0x80, 0x80, 0x80, 0x80, 0x80, 0x80, 0x80, 0x80, 0x80, 0x7f, 0x7f,
  0x7f, 0x7f, 0x7f, 0x7f, 0x7f, 0x7f, 0x7f, 0x7f, 0x7f, 0x7f, 0x7f, 0x80,
  0x7f, 0x80, 0x80, 0x80, 0x80, 0x80, 0x80, 0x80, 0x80, 0x80, 0x80, 0x80,
  0x80, 0x80, 0x80, 0x80, 0x80, 0x80, 0x80, 0x80, 0x80, 0x80, 0x80, 0x80,
  0x80, 0x80, 0x7f, 0x7f, 0x7f, 0x7f, 0x7f, 0x7f, 0x7f, 0x7f, 0x7f, 0x7f,
  0x7f, 0x7f, 0x7f, 0x80, 0x7f, 0x7f, 0x80, 0x7f, 0x7f, 0x80, 0x7f, 0x80,
  0x80, 0x80, 0x80, 0x80, 0x80, 0x80, 0x80, 0x80, 0x80, 0x80, 0x80, 0x80,
  0x80, 0x80, 0x80, 0x80, 0x7f, 0x7f, 0x7f, 0x7f, 0x7f, 0x7f, 0x7f, 0x7f,
  0x7f, 0x7f, 0x7f, 0x7f, 0x7f, 0x7f, 0x7f, 0x80, 0x80, 0x80, 0x80, 0x80,
  0x7f, 0x7f, 0x7f, 0x80, 0x80, 0x80, 0x80, 0x80, 0x80, 0x80, 0x80, 0x80,
  0x80, 0x80, 0x80, 0x80, 0x80, 0x80, 0x80, 0x80, 0x7f, 0x7f, 0x7f, 0x7f,
  0x7f, 0x7f, 0x7f, 0x7f, 0x7f, 0x7f, 0x7f, 0x7f, 0x7f, 0x7f, 0x7f, 0x7f,
  0x7f, 0x7f, 0x7f, 0x80, 0x7f, 0x80, 0x80, 0x80, 0x80, 0x80, 0x80, 0x80,
  0x80, 0x80, 0x80, 0x80, 0x80, 0x80, 0x80, 0x80, 0x80, 0x80, 0x80, 0x80,
  0x7f, 0x7f, 0x7f, 0x7f, 0x7f, 0x7f, 0x7f, 0x7f, 0x7f, 0x7f, 0x7f, 0x7f,
  0x7f, 0x7f, 0x7f, 0x7f, 0x7f, 0x7f, 0x80, 0x80, 0x7f, 0x80, 0x80, 0x80,
  0x80, 0x80, 0x80, 0x80, 0x80, 0x80, 0x80, 0x80, 0x80, 0x80, 0x80, 0x80,
  0x80, 0x80, 0x80, 0x80, 0x7f, 0x7f, 0x7f, 0x7f, 0x7f, 0x7f, 0x7f, 0x7f,
  0x7f, 0x7f, 0x7f, 0x7f, 0x7f, 0x7f, 0x7f, 0x80, 0x80, 0x80, 0x80, 0x80,
  0x7f, 0x7f, 0x7f, 0x80, 0x80, 0x80, 0x80, 0x80, 0x80, 0x80, 0x80, 0x80,
  0x80, 0x80, 0x80, 0x80, 0x80, 0x80, 0x80, 0x80, 0x80, 0x80, 0x7f, 0x7f,
  0x7f, 0x7f, 0x7f, 0x7f, 0x7f, 0x7f, 0x7f, 0x7f, 0x7f, 0x7f, 0x7f, 0x80,
  0x80, 0x80, 0x80, 0x80, 0x7f, 0x7f, 0x7f, 0x80, 0x80, 0x80, 0x80, 0x80,
  0x80, 0x7f, 0x80, 0x80, 0x80, 0x80, 0x80, 0x80, 0x80, 0x80, 0x80, 0x80,
  0x80, 0x80, 0x7f, 0x7f, 0x7f, 0x7f, 0x7f, 0x7f, 0x7f, 0x7f, 0x7f, 0x7f,
  0x7f, 0x7f, 0x7f, 0x7f, 0x7f, 0x80, 0x80, 0x80, 0x80, 0x80, 0x80, 0x80,
  0x80, 0x80, 0x80, 0x80, 0x80, 0x80, 0x80, 0x80, 0x80, 0x80, 0x80, 0x80,
  0x80, 0x80, 0x80, 0x80, 0x80, 0x80, 0x7f, 0x7f, 0x7f, 0x80, 0x7f, 0x7f,
  0x7f, 0x7f, 0x7f, 0x7f, 0x80, 0x7f, 0x7f, 0x80, 0x80, 0x80, 0x80, 0x80,
  0x80, 0x80, 0x80, 0x80, 0x80, 0x80, 0x80, 0x80, 0x80, 0x80, 0x80, 0x80,
  0x80, 0x80, 0x80, 0x80, 0x80, 0x80, 0x80, 0x80, 0x80, 0x80, 0x7f, 0x7f,
  0x7f, 0x7f, 0x7f, 0x7f, 0x7f, 0x7f, 0x7f, 0x7f, 0x7f, 0x7f, 0x80, 0x80,
  0x7f, 0x80, 0x80, 0x80, 0x80, 0x80, 0x80, 0x80, 0x80, 0x80, 0x7f, 0x7f,
  0x80, 0x7f, 0x80, 0x80, 0x80, 0x80, 0x80, 0x80, 0x80, 0x80, 0x80, 0x80,
  0x80, 0x80, 0x7f, 0x7f, 0x7f, 0x80, 0x7f, 0x7f, 0x7f, 0x7f, 0x7f, 0x80,
  0x7f, 0x7f, 0x7f, 0x80, 0x7f, 0x80, 0x80, 0x80, 0x80, 0x7f, 0x7f, 0x80,
  0x80, 0x80, 0x80, 0x80, 0x80, 0x80, 0x80, 0x80, 0x80, 0x80, 0x80, 0x80,
  0x80, 0x80, 0x80, 0x80, 0x80, 0x80, 0x80, 0x80, 0x7f, 0x80, 0x80, 0x80,
  0x80, 0x7f, 0x80, 0x80, 0x7f, 0x7f, 0x7f, 0x7f, 0x80, 0x80, 0x80, 0x80,
  0x80, 0x7f, 0x7f, 0x80, 0x80, 0x80, 0x80, 0x80, 0x80, 0x80, 0x80, 0x80,
  0x80, 0x80, 0x80, 0x80, 0x80, 0x80, 0x80, 0x80, 0x80, 0x80, 0x80, 0x80,
  0x80, 0x80, 0x80, 0x80, 0x80, 0x80, 0x80, 0x80, 0x7f, 0x7f, 0x7f, 0x7f,
  0x7f, 0x80, 0x80, 0x80, 0x80, 0x7f, 0x7f, 0x80, 0x80, 0x80, 0x80, 0x80,
  0x80, 0x80, 0x7f, 0x80, 0x80, 0x80, 0x80, 0x80, 0x80, 0x80, 0x80, 0x80,
  0x80, 0x80, 0x7f, 0x7f, 0x7f, 0x80, 0x80, 0x80, 0x80, 0x80, 0x80, 0x80,
  0x7f, 0x7f, 0x7f, 0x7f, 0x7f, 0x80, 0x80, 0x7f, 0x7f, 0x7f, 0x7f, 0x80,
  0x80, 0x80, 0x80, 0x80, 0x80, 0x80, 0x80, 0x80, 0x80, 0x80, 0x80, 0x80,
  0x80, 0x80, 0x80, 0x80, 0x80, 0x80, 0x7f, 0x7f, 0x7f, 0x7f, 0x7f, 0x7f,
  0x7f, 0x7f, 0x80, 0x7f, 0x7f, 0x7f, 0x7f, 0x7f, 0x7f, 0x7f, 0x80, 0x7f,
  0x7f, 0x7f, 0x7f, 0x80, 0x80, 0x80, 0x80, 0x80, 0x80, 0x80, 0x80, 0x80,
  0x80, 0x80, 0x80, 0x80, 0x80, 0x80, 0x80, 0x80, 0x80, 0x80, 0x7f, 0x7f,
  0x7f, 0x7f, 0x7f, 0x7f, 0x7f, 0x7f, 0x7f, 0x7f, 0x7f, 0x7f, 0x7f, 0x7f,
  0x7f, 0x7f, 0x80, 0x80, 0x7f, 0x7f, 0x7f, 0x80, 0x80, 0x80, 0x80, 0x80,
  0x80, 0x80, 0x80, 0x80, 0x80, 0x80, 0x80, 0x80, 0x80, 0x80, 0x80, 0x80,
  0x80, 0x80, 0x7f, 0x7f, 0x7f, 0x7f, 0x7f, 0x7f, 0x7f, 0x7f, 0x7f, 0x7f,
  0x7f, 0x7f, 0x7f, 0x7f, 0x7f, 0x7f, 0x7f, 0x80, 0x7f, 0x80, 0x80, 0x80,
  0x80, 0x80, 0x80, 0x80, 0x80, 0x7f, 0x80, 0x80, 0x80, 0x80, 0x80, 0x80,
  0x80, 0x80, 0x80, 0x80, 0x80, 0x80, 0x80, 0x7f, 0x7f, 0x7f, 0x7f, 0x7f,
  0x7f, 0x7f, 0x80, 0x80, 0x80, 0x80, 0x80, 0x80, 0x7f, 0x7f, 0x7f, 0x7f,
  0x7f, 0x7f, 0x80, 0x80, 0x80, 0x80, 0x80, 0x80, 0x80, 0x80, 0x80, 0x80,
  0x80, 0x80, 0x80, 0x80, 0x80, 0x80, 0x7f, 0x7f, 0x7f, 0x7f, 0x7f, 0x7f,
  0x7f, 0x7f, 0x7f, 0x7f, 0x7f, 0x7f, 0x7f, 0x7f, 0x80, 0x80, 0x80, 0x80,
  0x80, 0x7f, 0x7f, 0x7f, 0x7f, 0x80, 0x7f, 0x7f, 0x80, 0x80, 0x80, 0x80,
  0x80, 0x80, 0x80, 0x80, 0x80, 0x80, 0x80, 0x80, 0x80, 0x80, 0x7f, 0x7f,
  0x7f, 0x7f, 0x7f, 0x7f, 0x7f, 0x80, 0x7f, 0x7f, 0x7f, 0x7f, 0x7f, 0x7f,
  0x7f, 0x7f, 0x80, 0x80, 0x80, 0x80, 0x80, 0x80, 0x7f, 0x7f, 0x7f, 0x80,
  0x80, 0x80, 0x80, 0x80, 0x80, 0x80, 0x80, 0x80, 0x80, 0x80, 0x80, 0x80,
  0x80, 0x80, 0x7f, 0x7f, 0x7f, 0x7f, 0x7f, 0x7f, 0x7f, 0x7f, 0x7f, 0x7f,
  0x7f, 0x7f, 0x7f, 0x7f, 0x80, 0x7f, 0x80, 0x80, 0x80, 0x80, 0x80, 0x80,
  0x80, 0x80, 0x80, 0x80, 0x80, 0x80, 0x7f, 0x7f, 0x80, 0x7f, 0x80, 0x80,
  0x80, 0x80, 0x80, 0x80, 0x80, 0x7f, 0x7f, 0x7f, 0x7f, 0x7f, 0x7f, 0x7f,
  0x7f, 0x7f, 0x7f, 0x7f, 0x7f, 0x7f, 0x7f, 0x7f, 0x80, 0x7f, 0x7f, 0x80,
  0x80, 0x80, 0x80, 0x7f, 0x80, 0x7f, 0x7f, 0x7f, 0x80, 0x80, 0x7f, 0x7f,
  0x7f, 0x80, 0x80, 0x80, 0x80, 0x80, 0x80, 0x80, 0x80, 0x80, 0x80, 0x80,
  0x80, 0x7f, 0x7f, 0x7f, 0x7f, 0x80, 0x7f, 0x7f, 0x7f, 0x7f, 0x7f, 0x7f,
  0x80, 0x7f, 0x80, 0x80, 0x80, 0x80, 0x80, 0x80, 0x80, 0x7f, 0x7f, 0x80,
  0x80, 0x80, 0x80, 0x80, 0x80, 0x80, 0x80, 0x80, 0x80, 0x80, 0x80, 0x80,
  0x80, 0x80, 0x80, 0x80, 0x80, 0x80, 0x7f, 0x7f, 0x7f, 0x80, 0x7f, 0x80,
  0x80, 0x80, 0x80, 0x80, 0x80, 0x7f, 0x80, 0x80, 0x80, 0x80, 0x80, 0x80,
  0x7f, 0x7f, 0x7f, 0x80, 0x80, 0x80, 0x7f, 0x80, 0x7f, 0x7f, 0x80, 0x80,
  0x80, 0x80, 0x80, 0x80, 0x80, 0x80, 0x80, 0x80, 0x80, 0x80, 0x7f, 0x7f,
  0x7f, 0x7f, 0x7f, 0x7f, 0x80, 0x80, 0x80, 0x80, 0x80, 0x7f, 0x7f, 0x7f,
  0x80, 0x80, 0x80, 0x7f, 0x7f, 0x7f, 0x7f, 0x7f, 0x7f, 0x80, 0x7f, 0x7f,
  0x80, 0x7f, 0x80, 0x80, 0x80, 0x80, 0x80, 0x80, 0x80, 0x80, 0x80, 0x80,
  0x80, 0x80, 0x80, 0x7f, 0x7f, 0x80, 0x7f, 0x80, 0x80, 0x80, 0x80, 0x7f,
  0x7f, 0x7f, 0x7f, 0x7f, 0x7f, 0x80, 0x80, 0x7f, 0x7f, 0x7f, 0x80, 0x80,
  0x80, 0x80, 0x80, 0x80, 0x80, 0x80, 0x80, 0x80, 0x80, 0x80, 0x80, 0x80,
  0x80, 0x80, 0x80, 0x80, 0x80, 0x80, 0x80, 0x80, 0x7f, 0x80, 0x7f, 0x7f,
  0x7f, 0x7f, 0x80, 0x7f, 0x7f, 0x7f, 0x7f, 0x7f, 0x7f, 0x80, 0x80, 0x80,
  0x80, 0x80, 0x80, 0x80, 0x80, 0x80, 0x80, 0x80, 0x80, 0x80, 0x7f, 0x80,
  0x80, 0x80, 0x80, 0x80, 0x80, 0x80, 0x80, 0x80, 0x80, 0x80, 0x80, 0x7f,
  0x7f, 0x80, 0x7f, 0x7f, 0x7f, 0x7f, 0x7f, 0x7f, 0x7f, 0x7f, 0x7f, 0x7f,
  0x7f, 0x7f, 0x80, 0x80, 0x80, 0x80, 0x80, 0x80, 0x80, 0x80, 0x80, 0x80,
  0x80, 0x80, 0x80, 0x80, 0x80, 0x80, 0x80, 0x80, 0x80, 0x80, 0x80, 0x80,
  0x80, 0x80, 0x80, 0x7f, 0x7f, 0x7f, 0x7f, 0x7f, 0x7f, 0x7f, 0x7f, 0x7f,
  0x7f, 0x7f, 0x7f, 0x7f, 0x7f, 0x7f, 0x80, 0x80, 0x80, 0x80, 0x80, 0x80,
  0x80, 0x80, 0x80, 0x80, 0x80, 0x80, 0x80, 0x80, 0x80, 0x80, 0x80, 0x80,
  0x80, 0x80, 0x80, 0x80, 0x80, 0x80, 0x80, 0x80, 0x7f, 0x7f, 0x7f, 0x7f,
  0x7f, 0x7f, 0x7f, 0x7f, 0x80, 0x80, 0x80, 0x80, 0x7f, 0x7f, 0x7f, 0x80,
  0x80, 0x80, 0x80, 0x80, 0x80, 0x80, 0x80, 0x80, 0x80, 0x80, 0x80, 0x80,
  0x80, 0x80, 0x80, 0x80, 0x80, 0x80, 0x7f, 0x7f, 0x7f, 0x7f, 0x7f, 0x7f,
  0x7f, 0x7f, 0x7f, 0x7f, 0x7f, 0x7f, 0x7f, 0x7f, 0x7f, 0x7f, 0x80, 0x80,
  0x7f, 0x7f, 0x7f, 0x7f, 0x7f, 0x7f, 0x7f, 0x7f, 0x7f, 0x80, 0x80, 0x80,
  0x80, 0x80, 0x80, 0x80, 0x80, 0x80, 0x80, 0x80, 0x80, 0x80, 0x7f, 0x7f,
  0x7f, 0x7f, 0x7f, 0x7f, 0x7f, 0x7f, 0x7f, 0x7f, 0x7f, 0x7f, 0x7f, 0x7f,
  0x7f, 0x7f, 0x80, 0x80, 0x80, 0x80, 0x80, 0x7f, 0x7f, 0x7f, 0x7f, 0x7f,
  0x80, 0x80, 0x80, 0x80, 0x80, 0x80, 0x80, 0x80, 0x80, 0x80, 0x80, 0x80,
  0x80, 0x80, 0x7f, 0x7f, 0x7f, 0x7f, 0x7f, 0x7f, 0x7f, 0x7f, 0x7f, 0x7f,
  0x7f, 0x7f, 0x7f, 0x7f, 0x7f, 0x7f, 0x7f, 0x80, 0x80, 0x80, 0x80, 0x80,
  0x80, 0x7f, 0x7f, 0x80, 0x80, 0x80, 0x80, 0x80, 0x80, 0x80, 0x80, 0x80,
  0x80, 0x80, 0x80, 0x80, 0x80, 0x80, 0x7f, 0x80, 0x7f, 0x7f, 0x7f, 0x7f,
  0x7f, 0x7f, 0x7f, 0x7f, 0x7f, 0x7f, 0x7f, 0x7f, 0x7f, 0x7f, 0x80, 0x80,
  0x80, 0x80, 0x80, 0x80, 0x80, 0x80, 0x80, 0x80, 0x80, 0x80, 0x80, 0x80,
  0x80, 0x80, 0x80, 0x80, 0x80, 0x80, 0x80, 0x80, 0x80, 0x80, 0x80, 0x80,
  0x7f, 0x7f, 0x7f, 0x7f, 0x7f, 0x7f, 0x7f, 0x7f, 0x7f, 0x7f, 0x7f, 0x7f,
  0x7f, 0x7f, 0x80, 0x80, 0x80, 0x80, 0x80, 0x80, 0x80, 0x80, 0x80, 0x80,
  0x80, 0x80, 0x80, 0x80, 0x80, 0x80, 0x80, 0x80, 0x80, 0x80, 0x80, 0x80,
  0x80, 0x80, 0x80, 0x80, 0x7f, 0x7f, 0x7f, 0x7f, 0x7f, 0x7f, 0x7f, 0x7f,
  0x7f, 0x7f, 0x7f, 0x7f, 0x7f, 0x7f, 0x7f, 0x80, 0x80, 0x80, 0x80, 0x7f,
  0x7f, 0x7f, 0x7f, 0x80, 0x80, 0x80, 0x80, 0x80, 0x80, 0x80, 0x80, 0x80,
  0x80, 0x80, 0x80, 0x80, 0x80, 0x80, 0x80, 0x80, 0x7f, 0x7f, 0x7f, 0x7f,
  0x7f, 0x7f, 0x7f, 0x7f, 0x7f, 0x7f, 0x7f, 0x7f, 0x7f, 0x7f, 0x7f, 0x80,
  0x80, 0x80, 0x80, 0x80, 0x7f, 0x7f, 0x7f, 0x80, 0x80, 0x80, 0x80, 0x80,
  0x80, 0x80, 0x80, 0x80, 0x80, 0x80, 0x80, 0x80, 0x80, 0x80, 0x80, 0x80,
  0x80, 0x7f, 0x7f, 0x7f, 0x7f, 0x80, 0x7f, 0x7f, 0x7f, 0x7f, 0x7f, 0x7f,
  0x7f, 0x7f, 0x7f, 0x7f, 0x80, 0x80, 0x80, 0x80, 0x7f, 0x7f, 0x7f, 0x80,
  0x80, 0x80, 0x80, 0x80, 0x80, 0x80, 0x7f, 0x80, 0x80, 0x80, 0x80, 0x80,
  0x80, 0x80, 0x80, 0x80, 0x80, 0x80, 0x7f, 0x7f, 0x7f, 0x7f, 0x7f, 0x7f,
  0x7f, 0x7f, 0x7f, 0x7f, 0x7f, 0x7f, 0x7f, 0x7f, 0x80, 0x80, 0x80, 0x80,
  0x7f, 0x80, 0x7f, 0x80, 0x80, 0x80, 0x80, 0x80, 0x80, 0x7f, 0x80, 0x80,
  0x80, 0x80, 0x80, 0x80, 0x80, 0x80, 0x80, 0x80, 0x80, 0x80, 0x80, 0x7f,
  0x7f, 0x7f, 0x7f, 0x7f, 0x7f, 0x7f, 0x7f, 0x7f, 0x7f, 0x7f, 0x7f, 0x7f,
  0x7f, 0x80, 0x80, 0x80, 0x80, 0x80, 0x80, 0x80, 0x80, 0x80, 0x80, 0x80,
  0x80, 0x80, 0x80, 0x80, 0x80, 0x80, 0x80, 0x80, 0x80, 0x80, 0x80, 0x80,
  0x80, 0x80, 0x7f, 0x7f, 0x7f, 0x7f, 0x7f, 0x7f, 0x7f, 0x7f, 0x7f, 0x7f,
  0x7f, 0x7f, 0x7f, 0x7f, 0x80, 0x80, 0x80, 0x80, 0x80, 0x80, 0x80, 0x80,
  0x80, 0x80, 0x80, 0x80, 0x80, 0x80, 0x80, 0x80, 0x80, 0x80, 0x80, 0x80,
  0x80, 0x80, 0x80, 0x80, 0x7f, 0x80, 0x7f, 0x7f, 0x7f, 0x80, 0x7f, 0x7f,
  0x7f, 0x7f, 0x7f, 0x7f, 0x7f, 0x7f, 0x7f, 0x7f, 0x7f, 0x80, 0x80, 0x80,
  0x80, 0x80, 0x80, 0x80, 0x80, 0x80, 0x80, 0x80, 0x80, 0x80, 0x80, 0x80,
  0x80, 0x80, 0x80, 0x80, 0x80, 0x80, 0x80, 0x80, 0x80, 0x80, 0x7f, 0x7f,
  0x7f, 0x80, 0x7f, 0x7f, 0x7f, 0x7f, 0x7f, 0x7f, 0x7f, 0x7f, 0x7f, 0x7f,
  0x80, 0x80, 0x80, 0x7f, 0x80, 0x80, 0x80, 0x80, 0x80, 0x80, 0x80, 0x80,
  0x80, 0x80, 0x80, 0x80, 0x80, 0x80, 0x80, 0x80, 0x80, 0x80, 0x80, 0x80,
  0x80, 0x7f, 0x7f, 0x7f, 0x7f, 0x80, 0x7f, 0x7f, 0x7f, 0x7f, 0x7f, 0x7f,
  0x7f, 0x7f, 0x7f, 0x7f, 0x7f, 0x80, 0x80, 0x7f, 0x7f, 0x7f, 0x7f, 0x80,
  0x80, 0x80, 0x80, 0x80, 0x80, 0x80, 0x80, 0x80, 0x80, 0x80, 0x80, 0x80,
  0x80, 0x80, 0x80, 0x80, 0x80, 0x80, 0x7f, 0x7f, 0x7f, 0x80, 0x7f, 0x7f,
  0x7f, 0x7f, 0x7f, 0x7f, 0x7f, 0x7f, 0x7f, 0x7f, 0x7f, 0x7f, 0x7f, 0x7f,
  0x7f, 0x7f, 0x7f, 0x80, 0x80, 0x80, 0x80, 0x80, 0x80, 0x80, 0x80, 0x80,
  0x80, 0x80, 0x80, 0x80, 0x80, 0x80, 0x80, 0x80, 0x80, 0x80, 0x7f, 0x7f,
  0x7f, 0x80, 0x7f, 0x80, 0x7f, 0x7f, 0x7f, 0x7f, 0x7f, 0x7f, 0x7f, 0x7f,
  0x7f, 0x80, 0x80, 0x7f, 0x7f, 0x7f, 0x7f, 0x7f, 0x80, 0x80, 0x7f, 0x80,
  0x80, 0x7f, 0x7f, 0x80, 0x80, 0x80, 0x80, 0x80, 0x80, 0x80, 0x80, 0x80,
  0x80, 0x80, 0x80, 0x7f, 0x7f, 0x7f, 0x7f, 0x7f, 0x7f, 0x7f, 0x80, 0x7f,
  0x7f, 0x7f, 0x7f, 0x7f, 0x7f, 0x80, 0x80, 0x80, 0x80, 0x7f, 0x7f, 0x7f,
  0x80, 0x80, 0x80, 0x80, 0x80, 0x80, 0x7f, 0x80, 0x80, 0x80, 0x80, 0x80,
  0x80, 0x80, 0x80, 0x80, 0x80, 0x80, 0x80, 0x7f, 0x7f, 0x80, 0x7f, 0x80,
  0x7f, 0x7f, 0x7f, 0x7f, 0x7f, 0x7f, 0x7f, 0x7f, 0x7f, 0x80, 0x80, 0x80,
  0x80, 0x7f, 0x7f, 0x80, 0x80, 0x80, 0x80, 0x80, 0x80, 0x80, 0x7f, 0x80,
  0x80, 0x80, 0x80, 0x80, 0x80, 0x80, 0x80, 0x80, 0x80, 0x80, 0x80, 0x7f,
  0x7f, 0x7f, 0x7f, 0x7f, 0x7f, 0x7f, 0x7f, 0x7f, 0x7f, 0x7f, 0x7f, 0x7f,
  0x7f, 0x7f, 0x80, 0x80, 0x80, 0x80, 0x80, 0x80, 0x80, 0x80, 0x80, 0x80,
  0x80, 0x80, 0x7f, 0x80, 0x80, 0x80, 0x80, 0x80, 0x80, 0x80, 0x80, 0x80,
  0x80, 0x80, 0x80, 0x7f, 0x7f, 0x7f, 0x7f, 0x7f, 0x7f, 0x7f, 0x80, 0x80,
  0x80, 0x80, 0x80, 0x80, 0x7f, 0x7f, 0x7f, 0x80, 0x80, 0x7f, 0x7f, 0x80,
  0x80, 0x80, 0x80, 0x80, 0x80, 0x80, 0x80, 0x80, 0x80, 0x80, 0x80, 0x80,
  0x80, 0x80, 0x7f, 0x7f, 0x7f, 0x7f, 0x7f, 0x7f, 0x7f, 0x7f, 0x7f, 0x7f,
  0x7f, 0x7f, 0x7f, 0x7f, 0x80, 0x80, 0x80, 0x80, 0x80, 0x80, 0x7f, 0x7f,
  0x7f, 0x7f, 0x7f, 0x7f, 0x80, 0x80, 0x80, 0x80, 0x80, 0x80, 0x80, 0x80,
  0x80, 0x80, 0x80, 0x80, 0x80, 0x80, 0x7f, 0x7f, 0x7f, 0x7f, 0x7f, 0x7f,
  0x7f, 0x7f, 0x7f, 0x7f, 0x7f, 0x7f, 0x7f, 0x7f, 0x7f, 0x7f, 0x80, 0x80,
  0x80, 0x80, 0x80, 0x7f, 0x7f, 0x7f, 0x7f, 0x7f, 0x80, 0x80, 0x80, 0x80,
  0x80, 0x80, 0x80, 0x80, 0x80, 0x80, 0x80, 0x80, 0x80, 0x80, 0x7f, 0x7f,
};
const unsigned int SCARED_SOUND_LEN = 30000;

